time_start_sec,duration_sec,pitch,velocity,track,instrument,track_new,time_start_tick,duration_tick
0.0,0.5037311250000003,83,66,Flute,Flute _ 1,Flute,1440,270
0.44402965833333363,0.5037311249999998,80,53,Flute,Flute _ 1,Flute,1678,270
0.8880593166666668,0.5037311249999998,78,55,Flute,Flute _ 1,Flute,1916,270
1.3414173291666667,0.5037311249999998,76,55,Flute,Flute _ 1,Flute,2159,270
1.7891783291666665,0.5037311249999998,78,55,Flute,Flute _ 1,Flute,2399,270
2.246267683333333,0.3358207499999999,80,55,Flute,Flute _ 1,Flute,2644,180
2.6809689874999996,0.39179087500000076,83,58,Flute,Flute _ 1,Flute,2877,210
3.070894191666667,0.11194024999999996,80,55,Flute,Flute _ 1,Flute,3086,60
3.138058341666667,0.11194024999999996,81,54,Flute,Flute _ 1,Flute,3122,60
3.238804566666667,0.39179087499999987,80,55,Flute,Flute _ 1,Flute,3176,210
3.5876850125,0.5037311249999998,78,57,Flute,Flute _ 1,Flute,3363,270
4.037311683333334,0.5037311249999998,76,55,Flute,Flute _ 1,Flute,3604,270
4.468281645833333,0.2798506249999999,78,55,Flute,Flute _ 1,Flute,3835,150
4.7014905,0.2798506249999999,80,55,Flute,Flute _ 1,Flute,3960,150
4.919773987499999,0.2798506249999999,78,52,Flute,Flute _ 1,Flute,4077,150
5.1492515,0.13992531249999995,80,55,Flute,Flute _ 1,Flute,4200,75
5.373132,0.11194024999999996,80,55,Flute,Flute _ 1,Flute,4320,60
5.421639441666667,0.11194024999999996,81,53,Flute,Flute _ 1,Flute,4346,60
5.481340908333333,0.39179087499999987,83,57,Flute,Flute _ 1,Flute,4378,210
5.815295987500001,0.5037311249999998,80,66,Flute,Flute _ 1,Flute,4557,270
6.259325645833334,0.39179087499999987,83,68,Flute,Flute _ 1,Flute,4795,210
6.707086645833334,0.5037311249999998,85,69,Flute,Flute _ 1,Flute,5035,270
7.166041670833334,0.5037311249999998,80,68,Flute,Flute _ 1,Flute,5281,270
7.608205658333333,0.39179087499999987,85,67,Flute,Flute _ 1,Flute,5518,210
8.0541009875,0.5037311249999998,83,55,Flute,Flute _ 1,Flute,5757,270
8.509324670833333,0.5037311249999998,80,54,Flute,Flute _ 1,Flute,6001,270
8.9608170125,0.5037311249999998,78,58,Flute,Flute _ 1,Flute,6243,270
9.4085780125,0.8955219999999997,76,55,Flute,Flute _ 1,Flute,6483,480
21.492528,0.5037311249999981,87,64,Flute,Flute _ 1,Flute,12960,270
21.945886012499997,0.5037311250000016,84,54,Flute,Flute _ 1,Flute,13203,270
22.389915670833332,0.5037311249999981,82,55,Flute,Flute _ 1,Flute,13441,270
22.83207965833333,0.5037311250000016,80,58,Flute,Flute _ 1,Flute,13678,270
23.27424364583333,0.5037311250000016,82,54,Flute,Flute _ 1,Flute,13915,270
23.72200464583333,0.3358207499999999,84,55,Flute,Flute _ 1,Flute,14155,180
24.1846910125,0.3917908749999981,87,55,Flute,Flute _ 1,Flute,14403,210
24.567153533333332,0.11194024999999996,84,56,Flute,Flute _ 1,Flute,14608,60
24.62312365833333,0.11194024999999996,85,55,Flute,Flute _ 1,Flute,14638,60
24.73506390833333,0.39179087500000165,84,58,Flute,Flute _ 1,Flute,14698,210
25.069018987499998,0.5037311250000016,82,58,Flute,Flute _ 1,Flute,14877,270
25.514914316666665,0.5037311249999981,80,57,Flute,Flute _ 1,Flute,15116,270
25.97200367083333,0.2798506250000017,82,56,Flute,Flute _ 1,Flute,15361,150
26.19588417083333,0.2798506250000017,84,57,Flute,Flute _ 1,Flute,15481,150
26.425361683333332,0.27985062499999813,82,52,Flute,Flute _ 1,Flute,15604,150
26.645510841666663,0.13992531250000084,84,56,Flute,Flute _ 1,Flute,15722,75
26.856331645833333,0.11194024999999996,84,55,Flute,Flute _ 1,Flute,15835,60
26.91230177083333,0.11194024999999996,85,55,Flute,Flute _ 1,Flute,15865,60
26.97946592083333,0.39179087500000165,87,55,Flute,Flute _ 1,Flute,15901,210
27.30968965833333,0.5037311250000016,84,63,Flute,Flute _ 1,Flute,16078,270
27.764913341666663,0.39179087500000165,87,68,Flute,Flute _ 1,Flute,16322,210
28.2145400125,0.5037311249999981,88,65,Flute,Flute _ 1,Flute,16563,270
28.651106987499997,0.5037311250000016,84,68,Flute,Flute _ 1,Flute,16797,270
29.104464999999998,0.3917908749999981,88,66,Flute,Flute _ 1,Flute,17040,210
29.559688683333334,0.5037311249999945,87,55,Flute,Flute _ 1,Flute,17284,270
29.990658645833328,0.5037311250000016,84,57,Flute,Flute _ 1,Flute,17515,270
30.453345012499994,0.5037311250000016,82,57,Flute,Flute _ 1,Flute,17763,270
30.89737467083333,0.8955219999999997,80,55,Flute,Flute _ 1,Flute,18001,480
42.98505599999999,0.5037311250000016,90,55,Flute,Flute _ 1,Flute,24480,270
43.432817,0.5037311249999945,87,55,Flute,Flute _ 1,Flute,24720,270
43.880578,0.5037311249999945,85,55,Flute,Flute _ 1,Flute,24960,270
44.328339,0.5037311249999945,83,55,Flute,Flute _ 1,Flute,25200,270
44.7761,0.2798506249999946,85,55,Flute,Flute _ 1,Flute,25440,150
44.9999805,0.2798506249999946,87,55,Flute,Flute _ 1,Flute,25560,150
45.223861,0.2798506249999946,85,55,Flute,Flute _ 1,Flute,25680,150
45.4477415,0.22388049999999993,87,55,Flute,Flute _ 1,Flute,25800,120
48.358188,0.5037311249999945,90,55,Flute,Flute _ 1,Flute,27360,270
48.805949,0.5037311249999945,87,58,Flute,Flute _ 1,Flute,27600,270
49.25371,0.44776099999999985,83,61,Flute,Flute _ 1,Flute,27840,240
51.044754,0.5037311250000016,90,75,Flute,Flute _ 1,Flute,28800,270
51.492515,0.5037311250000016,87,78,Flute,Flute _ 1,Flute,29040,270
51.940276,0.44776099999999985,83,81,Flute,Flute _ 1,Flute,29280,240
54.04318443749998,2.5178546249999982,83,60,Flute,Flute _ 1,Flute,30240,1410
56.614610437499984,2.5178546249999982,83,60,Flute,Flute _ 1,Flute,31680,1410
59.18603643749998,1.2321416250000041,83,60,Flute,Flute _ 1,Flute,33120,690
60.47174943749998,1.232141624999997,85,60,Flute,Flute _ 1,Flute,33840,690
61.75746243749998,1.7142839999999921,85,60,Flute,Flute _ 1,Flute,34560,960
64.32888843749998,2.5178546249999982,85,60,Flute,Flute _ 1,Flute,36000,1410
66.90031443749999,2.5178546249999982,85,60,Flute,Flute _ 1,Flute,37440,1410
69.47174043749999,1.232141624999997,85,60,Flute,Flute _ 1,Flute,38880,690
70.75745343749998,1.232141624999997,87,60,Flute,Flute _ 1,Flute,39600,690
72.04316643749998,1.2321416250000112,87,60,Flute,Flute _ 1,Flute,40320,690
73.32887943749998,1.232141624999997,88,60,Flute,Flute _ 1,Flute,41040,690
74.61459243749998,1.232141624999997,88,60,Flute,Flute _ 1,Flute,41760,690
75.90030543749998,1.362396000000004,90,60,Flute,Flute _ 1,Flute,42480,690
77.33088324999999,3.4837637499999943,92,60,Flute,Flute _ 1,Flute,43200,1920
88.09912349999996,1.3846139999999991,92,60,Flute,Flute _ 1,Flute,48960,720
90.86835149999997,1.3846139999999991,92,60,Flute,Flute _ 1,Flute,50400,720
97.79142149999997,1.3269217499999968,84,60,Flute,Flute _ 1,Flute,54000,690
99.17603549999997,4.326918750000004,89,75,Flute,Flute _ 1,Flute,54720,2250
110.25294749999998,1.3846139999999991,89,60,Flute,Flute _ 1,Flute,60480,720
113.02217549999997,1.3846139999999991,89,60,Flute,Flute _ 1,Flute,61920,720
119.94524549999997,1.3269217499999968,81,75,Flute,Flute _ 1,Flute,65520,690
121.32985949999997,6.461532000000005,86,75,Flute,Flute _ 1,Flute,66240,3360
132.40677149999996,0.28846125000001166,84,45,Flute,Flute _ 1,Flute,72000,150
132.63754049999997,0.28846125000001166,81,45,Flute,Flute _ 1,Flute,72120,150
132.86830949999998,0.28846124999998324,77,45,Flute,Flute _ 1,Flute,72240,150
133.09907849999996,0.28846125000001166,72,50,Flute,Flute _ 1,Flute,72360,150
133.32984749999997,0.28846124999998324,77,50,Flute,Flute _ 1,Flute,72480,150
133.56061649999995,0.28846125000001166,81,50,Flute,Flute _ 1,Flute,72600,150
133.79138549999996,0.28846125000001166,84,50,Flute,Flute _ 1,Flute,72720,150
134.02215449999997,0.28846125000001166,81,50,Flute,Flute _ 1,Flute,72840,150
134.25292349999998,0.28846124999998324,77,50,Flute,Flute _ 1,Flute,72960,150
134.48369249999996,0.28846125000001166,72,50,Flute,Flute _ 1,Flute,73080,150
134.71446149999997,0.28846124999998324,77,50,Flute,Flute _ 1,Flute,73200,150
134.94523049999995,0.28846125000001166,81,50,Flute,Flute _ 1,Flute,73320,150
135.17599949999996,0.28846125000001166,84,50,Flute,Flute _ 1,Flute,73440,150
135.40676849999997,0.28846125000001166,81,50,Flute,Flute _ 1,Flute,73560,150
135.63753749999998,0.28846124999998324,77,50,Flute,Flute _ 1,Flute,73680,150
135.86830649999996,0.28846125000001166,72,50,Flute,Flute _ 1,Flute,73800,150
136.09907549999997,0.28846124999998324,77,50,Flute,Flute _ 1,Flute,73920,150
136.32984449999998,0.28846124999998324,81,50,Flute,Flute _ 1,Flute,74040,150
136.56061349999996,0.28846125000001166,84,50,Flute,Flute _ 1,Flute,74160,150
136.79138249999997,0.28846125000001166,81,50,Flute,Flute _ 1,Flute,74280,150
137.02215149999998,0.28846124999998324,77,50,Flute,Flute _ 1,Flute,74400,150
137.25292049999996,0.28846125000001166,72,50,Flute,Flute _ 1,Flute,74520,150
137.48368949999997,0.28846124999998324,77,50,Flute,Flute _ 1,Flute,74640,150
137.71445849999998,0.17307674999997857,81,50,Flute,Flute _ 1,Flute,74760,90
137.94522749999996,0.28846125000001166,84,50,Flute,Flute _ 1,Flute,74880,150
138.17599649999997,0.28846125000001166,81,50,Flute,Flute _ 1,Flute,75000,150
138.40676549999998,0.28846124999998324,77,50,Flute,Flute _ 1,Flute,75120,150
138.63753449999996,0.28846125000001166,72,50,Flute,Flute _ 1,Flute,75240,150
138.86830349999997,0.28846124999998324,77,50,Flute,Flute _ 1,Flute,75360,150
139.09907249999998,0.28846124999998324,81,50,Flute,Flute _ 1,Flute,75480,150
139.32984149999996,0.28846125000001166,86,50,Flute,Flute _ 1,Flute,75600,150
139.56061049999997,0.28846125000001166,81,50,Flute,Flute _ 1,Flute,75720,150
139.79137949999998,0.28846124999998324,77,50,Flute,Flute _ 1,Flute,75840,150
140.0221485,0.28846124999998324,74,50,Flute,Flute _ 1,Flute,75960,150
140.25291749999997,0.28846125000001166,77,50,Flute,Flute _ 1,Flute,76080,150
140.48368649999998,0.28846124999998324,81,50,Flute,Flute _ 1,Flute,76200,150
140.71445549999996,0.28846125000001166,84,50,Flute,Flute _ 1,Flute,76320,150
140.94522449999997,0.28846125000001166,81,50,Flute,Flute _ 1,Flute,76440,150
141.17599349999998,0.28846124999998324,77,50,Flute,Flute _ 1,Flute,76560,150
141.40676249999999,0.28846124999998324,72,50,Flute,Flute _ 1,Flute,76680,150
141.63753149999997,0.28846125000001166,77,50,Flute,Flute _ 1,Flute,76800,150
141.86830049999998,0.28846124999998324,81,50,Flute,Flute _ 1,Flute,76920,150
142.09906949999996,0.28846125000001166,84,50,Flute,Flute _ 1,Flute,77040,150
142.32983849999997,0.28846125000001166,81,50,Flute,Flute _ 1,Flute,77160,150
142.56060749999997,0.28846124999998324,77,50,Flute,Flute _ 1,Flute,77280,150
142.79137649999998,0.28846124999998324,72,50,Flute,Flute _ 1,Flute,77400,150
143.02214549999997,0.28846125000001166,77,50,Flute,Flute _ 1,Flute,77520,150
143.25291449999997,0.17307674999997857,81,50,Flute,Flute _ 1,Flute,77640,90
143.48368349999996,0.28846125000001166,84,50,Flute,Flute _ 1,Flute,77760,150
143.71445249999996,0.28846125000001166,81,50,Flute,Flute _ 1,Flute,77880,150
143.94522149999997,0.28846125000001166,77,50,Flute,Flute _ 1,Flute,78000,150
144.17599049999998,0.28846124999998324,72,50,Flute,Flute _ 1,Flute,78120,150
144.40675949999996,0.28846125000001166,77,50,Flute,Flute _ 1,Flute,78240,150
144.63752849999997,0.28846124999998324,81,50,Flute,Flute _ 1,Flute,78360,150
144.86829749999995,0.28846125000001166,84,50,Flute,Flute _ 1,Flute,78480,150
145.09906649999996,0.28846125000001166,81,50,Flute,Flute _ 1,Flute,78600,150
145.32983549999997,0.28846125000001166,77,50,Flute,Flute _ 1,Flute,78720,150
145.56060449999998,0.28846124999998324,72,50,Flute,Flute _ 1,Flute,78840,150
145.79137349999996,0.28846125000001166,77,50,Flute,Flute _ 1,Flute,78960,150
146.02214249999997,0.28846124999998324,81,50,Flute,Flute _ 1,Flute,79080,150
146.25291149999995,0.28846125000001166,84,50,Flute,Flute _ 1,Flute,79200,150
146.48368049999996,0.28846125000001166,80,50,Flute,Flute _ 1,Flute,79320,150
146.71444949999997,0.28846125000001166,76,50,Flute,Flute _ 1,Flute,79440,150
146.94521849999998,0.28846124999998324,72,50,Flute,Flute _ 1,Flute,79560,150
147.17598749999996,0.28846125000001166,76,50,Flute,Flute _ 1,Flute,79680,150
147.40675649999997,0.28846124999998324,80,50,Flute,Flute _ 1,Flute,79800,150
147.63752549999995,0.28846125000001166,84,50,Flute,Flute _ 1,Flute,79920,150
147.86829449999996,0.28846125000001166,80,50,Flute,Flute _ 1,Flute,80040,150
148.09906349999997,0.28846125000001166,76,50,Flute,Flute _ 1,Flute,80160,150
148.32983249999998,0.28846124999998324,72,50,Flute,Flute _ 1,Flute,80280,150
148.56060149999996,0.28846125000001166,76,50,Flute,Flute _ 1,Flute,80400,150
148.79137049999997,0.173076750000007,80,50,Flute,Flute _ 1,Flute,80520,90
149.48367749999997,0.173076750000007,80,50,Flute,Flute _ 1,Flute,80880,90
149.9452155,0.17307674999997857,83,50,Flute,Flute _ 1,Flute,81120,90
150.86829149999997,0.173076750000007,80,50,Flute,Flute _ 1,Flute,81600,90
151.3298295,0.17307674999997857,83,50,Flute,Flute _ 1,Flute,81840,90
152.25290549999997,0.173076750000007,80,50,Flute,Flute _ 1,Flute,82320,90
152.7144435,0.17307674999997857,83,50,Flute,Flute _ 1,Flute,82560,90
153.63751949999997,0.173076750000007,80,50,Flute,Flute _ 1,Flute,83040,90
154.0990575,0.17307674999997857,83,50,Flute,Flute _ 1,Flute,83280,90
155.02213349999997,0.173076750000007,80,50,Flute,Flute _ 1,Flute,83760,90
155.48367149999999,0.17307674999997857,83,50,Flute,Flute _ 1,Flute,84000,90
156.40674749999997,0.173076750000007,80,50,Flute,Flute _ 1,Flute,84480,90
156.86828549999998,0.17307674999997857,85,50,Flute,Flute _ 1,Flute,84720,90
157.79136149999997,0.173076750000007,80,50,Flute,Flute _ 1,Flute,85200,90
158.25289949999998,0.17307674999997857,83,50,Flute,Flute _ 1,Flute,85440,90
160.56108349999997,0.1738194374999864,80,50,Flute,Flute _ 1,Flute,86640,90
161.02510049999998,0.174568687499999,85,50,Flute,Flute _ 1,Flute,86880,90
163.37557024999995,0.1784139375000109,80,50,Flute,Flute _ 1,Flute,88080,90
163.85186574999994,0.17920331249999322,85,50,Flute,Flute _ 1,Flute,88320,90
166.26536974999996,0.1832578124999884,80,50,Flute,Flute _ 1,Flute,89520,90
166.75461124999998,0.18409049999999638,85,50,Flute,Flute _ 1,Flute,89760,90
184.13046975,0.11818180833333258,83,50,Flute,Flute _ 1,Flute,97920,52
184.21001519791668,0.11818180833333258,85,50,Flute,Flute _ 1,Flute,97955,52
184.28956064583332,0.11818180833333258,83,50,Flute,Flute _ 1,Flute,97990,52
184.36910609375,0.11818180833333258,85,50,Flute,Flute _ 1,Flute,98025,52
184.44865154166666,0.11818180833333258,83,50,Flute,Flute _ 1,Flute,98060,52
184.52819698958334,0.11818180833333258,85,50,Flute,Flute _ 1,Flute,98095,52
184.6077424375,0.15909089583331593,82,50,Flute,Flute _ 1,Flute,98130,70
184.7441060625,0.13636362500000132,83,50,Flute,Flute _ 1,Flute,98190,60
185.76683325,0.11818180833333258,83,50,Flute,Flute _ 1,Flute,98640,52
185.84637869791666,0.11818180833333258,85,50,Flute,Flute _ 1,Flute,98675,52
185.92592414583333,0.11818180833333258,83,50,Flute,Flute _ 1,Flute,98710,52
186.00546959375,0.11818180833333258,85,50,Flute,Flute _ 1,Flute,98745,52
186.08501504166665,0.11818180833333258,83,50,Flute,Flute _ 1,Flute,98780,52
186.16456048958332,0.11818180833333258,85,50,Flute,Flute _ 1,Flute,98815,52
186.2441059375,0.15909089583334435,82,50,Flute,Flute _ 1,Flute,98850,70
186.3804695625,0.13636362500000132,83,50,Flute,Flute _ 1,Flute,98910,60
187.40319675,0.11818180833333258,83,50,Flute,Flute _ 1,Flute,99360,52
187.48274219791665,0.11818180833333258,85,50,Flute,Flute _ 1,Flute,99395,52
187.56228764583332,0.11818180833333258,83,50,Flute,Flute _ 1,Flute,99430,52
187.64183309375,0.11818180833333258,85,50,Flute,Flute _ 1,Flute,99465,52
187.72137854166667,0.11818180833333258,83,50,Flute,Flute _ 1,Flute,99500,52
187.80092398958334,0.11818180833333258,85,50,Flute,Flute _ 1,Flute,99535,52
187.8804694375,0.15909089583331593,82,50,Flute,Flute _ 1,Flute,99570,70
188.01683306249998,0.13636362500000132,83,50,Flute,Flute _ 1,Flute,99630,60
189.03956025,0.11818180833333258,83,50,Flute,Flute _ 1,Flute,100080,52
189.11910569791667,0.11818180833333258,85,50,Flute,Flute _ 1,Flute,100115,52
189.19865114583334,0.11818180833333258,83,50,Flute,Flute _ 1,Flute,100150,52
189.27819659374998,0.118181808333361,85,50,Flute,Flute _ 1,Flute,100185,52
189.35774204166665,0.11818180833333258,83,50,Flute,Flute _ 1,Flute,100220,52
189.43728748958333,0.11818180833333258,85,50,Flute,Flute _ 1,Flute,100255,52
189.5168329375,0.15909089583334435,82,50,Flute,Flute _ 1,Flute,100290,70
189.6531965625,0.13636362500000132,83,50,Flute,Flute _ 1,Flute,100350,60
197.22137775,0.11818180833333258,83,50,Flute,Flute _ 1,Flute,103680,52
197.30092319791666,0.11818180833333258,85,50,Flute,Flute _ 1,Flute,103715,52
197.38046864583333,0.11818180833333258,83,50,Flute,Flute _ 1,Flute,103750,52
197.46001409375,0.11818180833333258,85,50,Flute,Flute _ 1,Flute,103785,52
197.53955954166665,0.118181808333361,83,50,Flute,Flute _ 1,Flute,103820,52
197.61910498958332,0.11818180833333258,85,50,Flute,Flute _ 1,Flute,103855,52
197.6986504375,0.15909089583334435,82,50,Flute,Flute _ 1,Flute,103890,70
197.8350140625,0.13636362500000132,83,50,Flute,Flute _ 1,Flute,103950,60
198.85774125,0.11818180833333258,83,50,Flute,Flute _ 1,Flute,104400,52
198.93728669791668,0.11818180833333258,85,50,Flute,Flute _ 1,Flute,104435,52
199.01683214583332,0.11818180833333258,83,50,Flute,Flute _ 1,Flute,104470,52
199.09637759375,0.11818180833333258,85,50,Flute,Flute _ 1,Flute,104505,52
199.17592304166666,0.11818180833333258,83,50,Flute,Flute _ 1,Flute,104540,52
199.25546848958334,0.11818180833333258,85,50,Flute,Flute _ 1,Flute,104575,52
199.3350139375,0.15909089583331593,82,50,Flute,Flute _ 1,Flute,104610,70
199.4713775625,0.13636362500000132,83,50,Flute,Flute _ 1,Flute,104670,60
203.76683175,0.11818180833333258,83,50,Flute,Flute _ 1,Flute,106560,52
203.84637719791667,0.11818180833333258,85,50,Flute,Flute _ 1,Flute,106595,52
203.92592264583334,0.11818180833333258,83,50,Flute,Flute _ 1,Flute,106630,52
204.00546809375,0.11818180833330416,85,50,Flute,Flute _ 1,Flute,106665,52
204.08501354166665,0.11818180833333258,83,49,Flute,Flute _ 1,Flute,106700,52
204.16455898958333,0.11818180833333258,85,49,Flute,Flute _ 1,Flute,106735,52
204.2441044375,0.15909089583334435,82,49,Flute,Flute _ 1,Flute,106770,70
204.3804680625,0.13636362500000132,83,48,Flute,Flute _ 1,Flute,106830,60
207.03955875,0.11818180833333258,83,39,Flute,Flute _ 1,Flute,108000,52
207.11910419791667,0.11818180833333258,85,39,Flute,Flute _ 1,Flute,108035,52
207.19864964583334,0.11818180833333258,83,39,Flute,Flute _ 1,Flute,108070,52
207.27819509374999,0.11818180833333258,85,38,Flute,Flute _ 1,Flute,108105,52
207.35774054166666,0.11818180833333258,83,38,Flute,Flute _ 1,Flute,108140,52
207.43728598958333,0.11818180833333258,85,38,Flute,Flute _ 1,Flute,108175,52
207.5168314375,0.15909089583331593,82,38,Flute,Flute _ 1,Flute,108210,70
207.6531950625,0.13636362500000132,83,37,Flute,Flute _ 1,Flute,108270,60
219.4130923125,0.5357137500000135,83,60,Flute,Flute _ 1,Flute,113760,270
219.8892823125,0.5357137499999851,80,60,Flute,Flute _ 1,Flute,114000,270
220.3654723125,0.5357137499999851,78,60,Flute,Flute _ 1,Flute,114240,270
220.8416623125,0.5357137499999851,76,60,Flute,Flute _ 1,Flute,114480,270
221.3178523125,0.5357137499999851,78,60,Flute,Flute _ 1,Flute,114720,270
221.7940423125,0.5357137499999851,80,60,Flute,Flute _ 1,Flute,114960,270
222.27023231249999,0.5357137500000135,83,60,Flute,Flute _ 1,Flute,115200,270
222.7464223125,0.5357137500000135,80,60,Flute,Flute _ 1,Flute,115440,270
223.2226123125,0.5357137500000135,78,60,Flute,Flute _ 1,Flute,115680,270
223.6988023125,0.5357137500000135,76,60,Flute,Flute _ 1,Flute,115920,270
224.1749923125,0.29761874999999804,78,60,Flute,Flute _ 1,Flute,116160,150
224.4130873125,0.29761874999999804,80,60,Flute,Flute _ 1,Flute,116280,150
224.6511823125,0.29761874999999804,78,60,Flute,Flute _ 1,Flute,116400,150
224.8892773125,0.1488093749999848,80,60,Flute,Flute _ 1,Flute,116520,75
236.80223831249998,10.20689200000001,88,50,Flute,Flute _ 1,Flute,122400,3360
6.716415,1.3992531249999995,73,35,Flute,Flute _ 1,Flute,5040,750
8.059698,2.238805000000001,71,35,Flute,Flute _ 1,Flute,5760,1200
28.208942999999998,1.3992531250000013,76,35,Flute,Flute _ 1,Flute,16560,750
29.552225999999997,2.2388049999999993,75,35,Flute,Flute _ 1,Flute,17280,1200
48.358188,1.3432829999999996,78,45,Flute,Flute _ 1,Flute,27360,720
51.044754,1.2873128749999978,78,65,Flute,Flute _ 1,Flute,28800,690
52.388037,1.484692937499986,78,75,Flute,Flute _ 1,Flute,29520,690
54.04318443749998,2.5178546249999982,80,50,Flute,Flute _ 1,Flute,30240,1410
56.614610437499984,2.5178546249999982,80,50,Flute,Flute _ 1,Flute,31680,1410
59.18603643749998,1.2321416250000041,80,50,Flute,Flute _ 1,Flute,33120,690
60.47174943749998,1.232141624999997,80,50,Flute,Flute _ 1,Flute,33840,690
61.75746243749998,1.7142839999999921,81,50,Flute,Flute _ 1,Flute,34560,960
64.32888843749998,2.5178546249999982,81,50,Flute,Flute _ 1,Flute,36000,1410
66.90031443749999,2.5178546249999982,81,50,Flute,Flute _ 1,Flute,37440,1410
69.47174043749999,1.232141624999997,81,50,Flute,Flute _ 1,Flute,38880,690
70.75745343749998,1.232141624999997,81,50,Flute,Flute _ 1,Flute,39600,690
72.04316643749998,1.2321416250000112,83,50,Flute,Flute _ 1,Flute,40320,690
73.32887943749998,1.232141624999997,83,50,Flute,Flute _ 1,Flute,41040,690
74.61459243749998,1.232141624999997,85,50,Flute,Flute _ 1,Flute,41760,690
75.90030543749998,1.362396000000004,85,50,Flute,Flute _ 1,Flute,42480,690
77.33088324999999,3.4837637499999943,87,50,Flute,Flute _ 1,Flute,43200,1920
88.09912349999996,1.3846139999999991,87,50,Flute,Flute _ 1,Flute,48960,720
90.86835149999997,1.3846139999999991,87,50,Flute,Flute _ 1,Flute,50400,720
99.17603549999997,4.326918750000004,84,65,Flute,Flute _ 1,Flute,54720,2250
110.25294749999998,1.3846139999999991,84,50,Flute,Flute _ 1,Flute,60480,720
113.02217549999997,1.3846139999999991,84,50,Flute,Flute _ 1,Flute,61920,720
121.32985949999997,6.461532000000005,81,50,Flute,Flute _ 1,Flute,66240,3360
132.40677149999996,0.28846125000001166,81,50,Flute,Flute _ 1,Flute,72000,150
132.63754049999997,0.28846125000001166,77,50,Flute,Flute _ 1,Flute,72120,150
132.86830949999998,0.28846124999998324,72,50,Flute,Flute _ 1,Flute,72240,150
133.09907849999996,0.28846125000001166,69,50,Flute,Flute _ 1,Flute,72360,150
133.32984749999997,0.28846124999998324,72,50,Flute,Flute _ 1,Flute,72480,150
133.56061649999995,0.28846125000001166,77,50,Flute,Flute _ 1,Flute,72600,150
133.79138549999996,0.28846125000001166,81,50,Flute,Flute _ 1,Flute,72720,150
134.02215449999997,0.28846125000001166,77,50,Flute,Flute _ 1,Flute,72840,150
134.25292349999998,0.28846124999998324,72,50,Flute,Flute _ 1,Flute,72960,150
134.48369249999996,0.28846125000001166,69,50,Flute,Flute _ 1,Flute,73080,150
134.71446149999997,0.28846124999998324,72,50,Flute,Flute _ 1,Flute,73200,150
134.94523049999995,0.28846125000001166,77,50,Flute,Flute _ 1,Flute,73320,150
135.17599949999996,0.28846125000001166,81,50,Flute,Flute _ 1,Flute,73440,150
135.40676849999997,0.28846125000001166,77,50,Flute,Flute _ 1,Flute,73560,150
135.63753749999998,0.28846124999998324,72,50,Flute,Flute _ 1,Flute,73680,150
135.86830649999996,0.28846125000001166,69,50,Flute,Flute _ 1,Flute,73800,150
136.09907549999997,0.28846124999998324,72,50,Flute,Flute _ 1,Flute,73920,150
136.32984449999998,0.28846124999998324,77,50,Flute,Flute _ 1,Flute,74040,150
136.56061349999996,0.28846125000001166,81,50,Flute,Flute _ 1,Flute,74160,150
136.79138249999997,0.28846125000001166,77,50,Flute,Flute _ 1,Flute,74280,150
137.02215149999998,0.28846124999998324,72,50,Flute,Flute _ 1,Flute,74400,150
137.25292049999996,0.28846125000001166,69,50,Flute,Flute _ 1,Flute,74520,150
137.48368949999997,0.28846124999998324,72,50,Flute,Flute _ 1,Flute,74640,150
137.71445849999998,0.17307674999997857,77,50,Flute,Flute _ 1,Flute,74760,90
137.94522749999996,0.28846125000001166,81,50,Flute,Flute _ 1,Flute,74880,150
138.17599649999997,0.28846125000001166,77,50,Flute,Flute _ 1,Flute,75000,150
138.40676549999998,0.28846124999998324,72,50,Flute,Flute _ 1,Flute,75120,150
138.63753449999996,0.28846125000001166,69,50,Flute,Flute _ 1,Flute,75240,150
138.86830349999997,0.28846124999998324,72,50,Flute,Flute _ 1,Flute,75360,150
139.09907249999998,0.28846124999998324,77,50,Flute,Flute _ 1,Flute,75480,150
139.32984149999996,0.28846125000001166,81,50,Flute,Flute _ 1,Flute,75600,150
139.56061049999997,0.28846125000001166,77,50,Flute,Flute _ 1,Flute,75720,150
139.79137949999998,0.28846124999998324,74,50,Flute,Flute _ 1,Flute,75840,150
140.0221485,0.28846124999998324,69,50,Flute,Flute _ 1,Flute,75960,150
140.25291749999997,0.28846125000001166,74,50,Flute,Flute _ 1,Flute,76080,150
140.48368649999998,0.28846124999998324,77,50,Flute,Flute _ 1,Flute,76200,150
140.71445549999996,0.28846125000001166,81,50,Flute,Flute _ 1,Flute,76320,150
140.94522449999997,0.28846125000001166,77,50,Flute,Flute _ 1,Flute,76440,150
141.17599349999998,0.28846124999998324,72,50,Flute,Flute _ 1,Flute,76560,150
141.40676249999999,0.28846124999998324,69,50,Flute,Flute _ 1,Flute,76680,150
141.63753149999997,0.28846125000001166,72,50,Flute,Flute _ 1,Flute,76800,150
141.86830049999998,0.28846124999998324,77,50,Flute,Flute _ 1,Flute,76920,150
142.09906949999996,0.28846125000001166,81,50,Flute,Flute _ 1,Flute,77040,150
142.32983849999997,0.28846125000001166,77,50,Flute,Flute _ 1,Flute,77160,150
142.56060749999997,0.28846124999998324,72,50,Flute,Flute _ 1,Flute,77280,150
142.79137649999998,0.28846124999998324,69,50,Flute,Flute _ 1,Flute,77400,150
143.02214549999997,0.28846125000001166,72,50,Flute,Flute _ 1,Flute,77520,150
143.25291449999997,0.17307674999997857,77,50,Flute,Flute _ 1,Flute,77640,90
143.48368349999996,0.28846125000001166,81,50,Flute,Flute _ 1,Flute,77760,150
143.71445249999996,0.28846125000001166,77,50,Flute,Flute _ 1,Flute,77880,150
143.94522149999997,0.28846125000001166,72,50,Flute,Flute _ 1,Flute,78000,150
144.17599049999998,0.28846124999998324,69,50,Flute,Flute _ 1,Flute,78120,150
144.40675949999996,0.28846125000001166,72,50,Flute,Flute _ 1,Flute,78240,150
144.63752849999997,0.28846124999998324,77,50,Flute,Flute _ 1,Flute,78360,150
144.86829749999995,0.28846125000001166,81,50,Flute,Flute _ 1,Flute,78480,150
145.09906649999996,0.28846125000001166,77,50,Flute,Flute _ 1,Flute,78600,150
145.32983549999997,0.28846125000001166,72,50,Flute,Flute _ 1,Flute,78720,150
145.56060449999998,0.28846124999998324,69,50,Flute,Flute _ 1,Flute,78840,150
145.79137349999996,0.28846125000001166,72,50,Flute,Flute _ 1,Flute,78960,150
146.02214249999997,0.28846124999998324,77,50,Flute,Flute _ 1,Flute,79080,150
146.25291149999995,0.28846125000001166,80,50,Flute,Flute _ 1,Flute,79200,150
146.48368049999996,0.28846125000001166,76,50,Flute,Flute _ 1,Flute,79320,150
146.71444949999997,0.28846125000001166,72,50,Flute,Flute _ 1,Flute,79440,150
146.94521849999998,0.28846124999998324,68,50,Flute,Flute _ 1,Flute,79560,150
147.17598749999996,0.28846125000001166,72,50,Flute,Flute _ 1,Flute,79680,150
147.40675649999997,0.28846124999998324,76,50,Flute,Flute _ 1,Flute,79800,150
147.63752549999995,0.28846125000001166,80,50,Flute,Flute _ 1,Flute,79920,150
147.86829449999996,0.28846125000001166,76,50,Flute,Flute _ 1,Flute,80040,150
148.09906349999997,0.28846125000001166,72,50,Flute,Flute _ 1,Flute,80160,150
148.32983249999998,0.28846124999998324,68,50,Flute,Flute _ 1,Flute,80280,150
148.56060149999996,0.28846125000001166,72,50,Flute,Flute _ 1,Flute,80400,150
148.79137049999997,0.173076750000007,76,50,Flute,Flute _ 1,Flute,80520,90
149.48367749999997,0.173076750000007,76,50,Flute,Flute _ 1,Flute,80880,90
149.9452155,0.17307674999997857,80,50,Flute,Flute _ 1,Flute,81120,90
150.86829149999997,0.173076750000007,76,50,Flute,Flute _ 1,Flute,81600,90
151.3298295,0.17307674999997857,80,50,Flute,Flute _ 1,Flute,81840,90
152.25290549999997,0.173076750000007,76,50,Flute,Flute _ 1,Flute,82320,90
152.7144435,0.17307674999997857,80,50,Flute,Flute _ 1,Flute,82560,90
153.63751949999997,0.173076750000007,76,50,Flute,Flute _ 1,Flute,83040,90
154.0990575,0.17307674999997857,80,50,Flute,Flute _ 1,Flute,83280,90
155.02213349999997,0.173076750000007,76,50,Flute,Flute _ 1,Flute,83760,90
155.48367149999999,0.17307674999997857,80,50,Flute,Flute _ 1,Flute,84000,90
156.40674749999997,0.173076750000007,76,50,Flute,Flute _ 1,Flute,84480,90
156.86828549999998,0.17307674999997857,80,50,Flute,Flute _ 1,Flute,84720,90
157.79136149999997,0.173076750000007,76,50,Flute,Flute _ 1,Flute,85200,90
158.25289949999998,0.17307674999997857,80,50,Flute,Flute _ 1,Flute,85440,90
160.56108349999997,0.1738194374999864,76,50,Flute,Flute _ 1,Flute,86640,90
161.02510049999998,0.174568687499999,80,50,Flute,Flute _ 1,Flute,86880,90
163.37557024999995,0.1784139375000109,76,50,Flute,Flute _ 1,Flute,88080,90
163.85186574999994,0.17920331249999322,80,50,Flute,Flute _ 1,Flute,88320,90
166.26536974999996,0.1832578124999884,76,50,Flute,Flute _ 1,Flute,89520,90
166.75461124999998,0.18409049999999638,80,50,Flute,Flute _ 1,Flute,89760,90
236.80223831249998,10.20689200000001,83,40,Flute,Flute _ 1,Flute,122400,3360
10.746264,0.5037311249999998,71,61,Oboe,Bassoon _ 2,Bassoon 2,7200,270
11.184696645833332,0.5037311249999998,68,56,Oboe,Bassoon _ 2,Bassoon 2,7435,270
11.634323316666666,0.5037311249999998,66,57,Oboe,Bassoon _ 2,Bassoon 2,7676,270
12.095144012499999,0.5037311250000016,64,58,Oboe,Bassoon _ 2,Bassoon 2,7923,270
12.529845316666666,0.5037311249999998,66,53,Oboe,Bassoon _ 2,Bassoon 2,8156,270
12.9906660125,0.3358207499999999,68,58,Oboe,Bassoon _ 2,Bassoon 2,8403,180
13.430964329166667,0.3917908749999981,71,55,Oboe,Bassoon _ 2,Bassoon 2,8639,210
13.824620875,0.11194024999999996,68,55,Oboe,Bassoon _ 2,Bassoon 2,8850,60
13.871262645833333,0.11194024999999996,69,56,Oboe,Bassoon _ 2,Bassoon 2,8875,60
13.986934237499998,0.39179087500000165,68,55,Oboe,Bassoon _ 2,Bassoon 2,8937,210
14.322754987499998,0.5037311250000016,66,56,Oboe,Bassoon _ 2,Bassoon 2,9117,270
14.777978670833331,0.5037311250000016,64,54,Oboe,Bassoon _ 2,Bassoon 2,9361,270
15.220142658333334,0.27985062499999813,66,53,Oboe,Bassoon _ 2,Bassoon 2,9598,150
15.455217183333332,0.2798506250000017,68,58,Oboe,Bassoon _ 2,Bassoon 2,9724,150
15.666037987499998,0.2798506250000017,66,54,Oboe,Bassoon _ 2,Bassoon 2,9837,150
15.902978183333332,0.13992531250000084,68,53,Oboe,Bassoon _ 2,Bassoon 2,9964,75
16.1249930125,0.11194024999999996,68,57,Oboe,Bassoon _ 2,Bassoon 2,10083,60
16.177231795833332,0.11194024999999996,69,55,Oboe,Bassoon _ 2,Bassoon 2,10111,60
16.23320192083333,0.39179087500000165,71,56,Oboe,Bassoon _ 2,Bassoon 2,10141,210
16.749992741666667,0.22388049999999993,7,63,Oboe,Bassoon _ 2,Bassoon 2,10418,120
16.559694316666665,0.5037311250000016,68,57,Oboe,Bassoon _ 2,Bassoon 2,10316,270
17.014917999999998,0.39179087500000165,71,65,Oboe,Bassoon _ 2,Bassoon 2,10560,210
17.466410341666666,0.5037311249999981,73,72,Oboe,Bassoon _ 2,Bassoon 2,10802,270
18.18655928333333,0.22388049999999993,7,71,Oboe,Bassoon _ 2,Bassoon 2,11188,120
17.914171341666666,0.5037311249999981,68,73,Oboe,Bassoon _ 2,Bassoon 2,11042,270
18.36566368333333,0.39179087500000165,73,71,Oboe,Bassoon _ 2,Bassoon 2,11284,210
18.807827670833333,0.5037311249999981,75,70,Oboe,Bassoon _ 2,Bassoon 2,11521,270
19.259320012499998,0.5037311250000016,72,67,Oboe,Bassoon _ 2,Bassoon 2,11763,270
19.697752658333332,0.5037311249999981,70,62,Oboe,Bassoon _ 2,Bassoon 2,11998,270
20.145513658333332,1.3432829999999996,68,58,Oboe,Bassoon _ 2,Bassoon 2,12238,720
32.238792,0.5037311250000016,75,60,Oboe,Bassoon _ 2,Bassoon 2,18720,270
32.686552999999996,0.5037311250000016,72,55,Oboe,Bassoon _ 2,Bassoon 2,18960,270
33.134313999999996,0.5037311250000016,70,55,Oboe,Bassoon _ 2,Bassoon 2,19200,270
33.582074999999996,0.5037311250000016,68,55,Oboe,Bassoon _ 2,Bassoon 2,19440,270
34.029835999999996,0.5037311250000016,70,55,Oboe,Bassoon _ 2,Bassoon 2,19680,270
34.477596999999996,0.33582075000000344,72,55,Oboe,Bassoon _ 2,Bassoon 2,19920,180
34.925357999999996,0.3917908749999981,75,55,Oboe,Bassoon _ 2,Bassoon 2,20160,210
35.317148874999994,0.11194025000000352,72,55,Oboe,Bassoon _ 2,Bassoon 2,20370,60
35.373118999999996,0.11194025000000352,73,55,Oboe,Bassoon _ 2,Bassoon 2,20400,60
35.48505925,0.3917908749999981,72,55,Oboe,Bassoon _ 2,Bassoon 2,20460,210
35.820879999999995,0.5037311250000016,70,55,Oboe,Bassoon _ 2,Bassoon 2,20640,270
36.268640999999995,0.5037311250000016,68,55,Oboe,Bassoon _ 2,Bassoon 2,20880,270
36.716401999999995,0.2798506250000017,70,55,Oboe,Bassoon _ 2,Bassoon 2,21120,150
36.940282499999995,0.2798506250000017,72,55,Oboe,Bassoon _ 2,Bassoon 2,21240,150
37.164162999999995,0.2798506250000017,70,55,Oboe,Bassoon _ 2,Bassoon 2,21360,150
37.388043499999995,0.1399253125000044,72,55,Oboe,Bassoon _ 2,Bassoon 2,21480,75
37.611923999999995,0.11194025000000352,72,55,Oboe,Bassoon _ 2,Bassoon 2,21600,60
37.667894125,0.11194025000000352,73,55,Oboe,Bassoon _ 2,Bassoon 2,21630,60
37.72386425,0.3917908749999981,75,56,Oboe,Bassoon _ 2,Bassoon 2,21660,210
38.059684999999995,0.5037311250000016,72,59,Oboe,Bassoon _ 2,Bassoon 2,21840,270
38.507445999999995,0.3917908750000052,75,63,Oboe,Bassoon _ 2,Bassoon 2,22080,210
38.955206999999994,0.5037311250000016,76,68,Oboe,Bassoon _ 2,Bassoon 2,22320,270
39.402967999999994,0.5037311250000016,73,70,Oboe,Bassoon _ 2,Bassoon 2,22560,270
39.850728999999994,0.3917908750000052,76,70,Oboe,Bassoon _ 2,Bassoon 2,22800,210
40.298489999999994,0.5037311250000016,78,70,Oboe,Bassoon _ 2,Bassoon 2,23040,270
40.746250999999994,0.5037311250000016,75,69,Oboe,Bassoon _ 2,Bassoon 2,23280,270
41.194011999999994,0.5037311250000016,73,62,Oboe,Bassoon _ 2,Bassoon 2,23520,270
41.64177299999999,1.287312875000005,71,55,Oboe,Bassoon _ 2,Bassoon 2,23760,690
45.671622,0.5037311249999945,78,55,Oboe,Bassoon _ 2,Bassoon 2,25920,270
46.119383,0.5037311249999945,75,55,Oboe,Bassoon _ 2,Bassoon 2,26160,270
46.567144,0.5037311249999945,73,55,Oboe,Bassoon _ 2,Bassoon 2,26400,270
47.014905,0.5037311249999945,71,55,Oboe,Bassoon _ 2,Bassoon 2,26640,270
47.462666,0.2798506249999946,73,55,Oboe,Bassoon _ 2,Bassoon 2,26880,150
47.6865465,0.2798506249999946,75,55,Oboe,Bassoon _ 2,Bassoon 2,27000,150
47.910427,0.2798506249999946,73,55,Oboe,Bassoon _ 2,Bassoon 2,27120,150
48.1343075,0.22388049999999993,75,55,Oboe,Bassoon _ 2,Bassoon 2,27240,120
49.701471,0.5037311249999945,78,65,Oboe,Bassoon _ 2,Bassoon 2,28080,270
50.149232,0.5037311249999945,75,68,Oboe,Bassoon _ 2,Bassoon 2,28320,270
50.596993,0.44776099999999985,71,71,Oboe,Bassoon _ 2,Bassoon 2,28560,240
52.388037,0.5286088124999964,66,85,Oboe,Bassoon _ 2,Bassoon 2,29520,270
52.388037,0.5286088124999964,78,85,Oboe,Bassoon _ 2,Bassoon 2,29520,270
52.854986687499995,0.5853448124999829,63,88,Oboe,Bassoon _ 2,Bassoon 2,29760,270
52.854986687499995,0.5853448124999829,75,88,Oboe,Bassoon _ 2,Bassoon 2,29760,270
53.37169599999998,0.5010339375000044,59,91,Oboe,Bassoon _ 2,Bassoon 2,30000,210
53.37169599999998,0.5010339375000044,71,91,Oboe,Bassoon _ 2,Bassoon 2,30000,210
54.04318443749998,2.5178546249999982,71,75,Oboe,Bassoon _ 2,Bassoon 2,30240,1410
54.04318443749998,2.5178546249999982,76,75,Oboe,Bassoon _ 2,Bassoon 2,30240,1410
56.614610437499984,2.5178546249999982,71,75,Oboe,Bassoon _ 2,Bassoon 2,31680,1410
56.614610437499984,2.5178546249999982,76,75,Oboe,Bassoon _ 2,Bassoon 2,31680,1410
59.18603643749998,1.2321416250000041,71,75,Oboe,Bassoon _ 2,Bassoon 2,33120,690
59.18603643749998,1.2321416250000041,76,75,Oboe,Bassoon _ 2,Bassoon 2,33120,690
60.47174943749998,1.232141624999997,73,75,Oboe,Bassoon _ 2,Bassoon 2,33840,690
60.47174943749998,1.232141624999997,76,75,Oboe,Bassoon _ 2,Bassoon 2,33840,690
61.75746243749998,1.7142839999999921,73,75,Oboe,Bassoon _ 2,Bassoon 2,34560,960
61.75746243749998,1.7142839999999921,76,75,Oboe,Bassoon _ 2,Bassoon 2,34560,960
64.32888843749998,2.5178546249999982,73,75,Oboe,Bassoon _ 2,Bassoon 2,36000,1410
64.32888843749998,2.5178546249999982,76,75,Oboe,Bassoon _ 2,Bassoon 2,36000,1410
66.90031443749999,2.5178546249999982,73,75,Oboe,Bassoon _ 2,Bassoon 2,37440,1410
66.90031443749999,2.5178546249999982,76,75,Oboe,Bassoon _ 2,Bassoon 2,37440,1410
69.47174043749999,1.232141624999997,73,75,Oboe,Bassoon _ 2,Bassoon 2,38880,690
69.47174043749999,1.232141624999997,76,75,Oboe,Bassoon _ 2,Bassoon 2,38880,690
70.75745343749998,1.232141624999997,75,75,Oboe,Bassoon _ 2,Bassoon 2,39600,690
70.75745343749998,1.232141624999997,78,75,Oboe,Bassoon _ 2,Bassoon 2,39600,690
72.04316643749998,1.2321416250000112,75,75,Oboe,Bassoon _ 2,Bassoon 2,40320,690
72.04316643749998,1.2321416250000112,78,75,Oboe,Bassoon _ 2,Bassoon 2,40320,690
73.32887943749998,1.232141624999997,76,75,Oboe,Bassoon _ 2,Bassoon 2,41040,690
73.32887943749998,1.232141624999997,80,75,Oboe,Bassoon _ 2,Bassoon 2,41040,690
74.61459243749998,1.232141624999997,76,75,Oboe,Bassoon _ 2,Bassoon 2,41760,690
74.61459243749998,1.232141624999997,80,75,Oboe,Bassoon _ 2,Bassoon 2,41760,690
75.90030543749998,1.362396000000004,78,75,Oboe,Bassoon _ 2,Bassoon 2,42480,690
75.90030543749998,1.362396000000004,85,75,Oboe,Bassoon _ 2,Bassoon 2,42480,690
77.33088324999999,3.4837637499999943,80,75,Oboe,Bassoon _ 2,Bassoon 2,43200,1920
77.33088324999999,3.4837637499999943,84,75,Oboe,Bassoon _ 2,Bassoon 2,43200,1920
88.09912349999996,1.3846139999999991,80,75,Oboe,Bassoon _ 2,Bassoon 2,48960,720
88.09912349999996,1.3846139999999991,84,75,Oboe,Bassoon _ 2,Bassoon 2,48960,720
90.86835149999997,1.3846139999999991,80,75,Oboe,Bassoon _ 2,Bassoon 2,50400,720
90.86835149999997,1.3846139999999991,84,75,Oboe,Bassoon _ 2,Bassoon 2,50400,720
97.79142149999997,1.3269217499999968,72,75,Oboe,Bassoon _ 2,Bassoon 2,54000,690
97.79142149999997,1.3269217499999968,76,75,Oboe,Bassoon _ 2,Bassoon 2,54000,690
99.17603549999997,4.326918750000004,72,90,Oboe,Bassoon _ 2,Bassoon 2,54720,2250
99.17603549999997,4.326918750000004,81,90,Oboe,Bassoon _ 2,Bassoon 2,54720,2250
110.25294749999998,1.3846139999999991,72,75,Oboe,Bassoon _ 2,Bassoon 2,60480,720
110.25294749999998,1.3846139999999991,81,75,Oboe,Bassoon _ 2,Bassoon 2,60480,720
113.02217549999997,1.3846139999999991,72,75,Oboe,Bassoon _ 2,Bassoon 2,61920,720
113.02217549999997,1.3846139999999991,81,75,Oboe,Bassoon _ 2,Bassoon 2,61920,720
119.94524549999997,1.3269217499999968,69,90,Oboe,Bassoon _ 2,Bassoon 2,65520,690
119.94524549999997,1.3269217499999968,73,90,Oboe,Bassoon _ 2,Bassoon 2,65520,690
121.32985949999997,6.461532000000005,69,90,Oboe,Bassoon _ 2,Bassoon 2,66240,3360
121.32985949999997,6.461532000000005,78,90,Oboe,Bassoon _ 2,Bassoon 2,66240,3360
149.02213949999995,0.519230250000021,71,65,Oboe,Bassoon _ 2,Bassoon 2,80640,270
149.48367749999997,0.5192302499999926,68,65,Oboe,Bassoon _ 2,Bassoon 2,80880,270
149.9452155,0.5192302499999641,66,65,Oboe,Bassoon _ 2,Bassoon 2,81120,270
150.40675349999995,0.519230250000021,64,65,Oboe,Bassoon _ 2,Bassoon 2,81360,270
150.86829149999997,0.5192302499999926,66,65,Oboe,Bassoon _ 2,Bassoon 2,81600,270
151.3298295,0.4038457499999595,68,65,Oboe,Bassoon _ 2,Bassoon 2,81840,210
151.79136749999995,0.519230250000021,71,65,Oboe,Bassoon _ 2,Bassoon 2,82080,270
152.25290549999997,0.519230250000021,68,65,Oboe,Bassoon _ 2,Bassoon 2,82320,270
152.7144435,0.5192302499999641,66,65,Oboe,Bassoon _ 2,Bassoon 2,82560,270
153.17598149999995,0.519230250000021,64,65,Oboe,Bassoon _ 2,Bassoon 2,82800,270
153.63751949999997,0.28846125000001166,66,65,Oboe,Bassoon _ 2,Bassoon 2,83040,150
153.86828849999998,0.28846125000001166,68,65,Oboe,Bassoon _ 2,Bassoon 2,83160,150
154.0990575,0.28846124999998324,66,65,Oboe,Bassoon _ 2,Bassoon 2,83280,150
154.32982649999997,0.173076750000007,68,65,Oboe,Bassoon _ 2,Bassoon 2,83400,90
154.56059549999995,0.519230250000021,71,65,Oboe,Bassoon _ 2,Bassoon 2,83520,270
155.02213349999997,0.519230250000021,68,71,Oboe,Bassoon _ 2,Bassoon 2,83760,270
155.48367149999999,0.5192302499999641,71,78,Oboe,Bassoon _ 2,Bassoon 2,84000,270
155.94520949999995,0.519230250000021,73,85,Oboe,Bassoon _ 2,Bassoon 2,84240,270
156.40674749999997,0.519230250000021,68,79,Oboe,Bassoon _ 2,Bassoon 2,84480,270
156.86828549999998,0.5192302499999641,73,72,Oboe,Bassoon _ 2,Bassoon 2,84720,270
157.32982349999997,2.307690000000008,71,65,Oboe,Bassoon _ 2,Bassoon 2,84960,1200
160.09905149999997,0.519971812499989,73,65,Oboe,Bassoon _ 2,Bassoon 2,86400,270
160.56108349999997,0.5222065625000027,68,65,Oboe,Bassoon _ 2,Bassoon 2,86640,270
161.02510049999998,0.5244607499999745,73,65,Oboe,Bassoon _ 2,Bassoon 2,86880,270
161.49111974999997,0.9381155000000092,71,65,Oboe,Bassoon _ 2,Bassoon 2,87120,480
162.90136624999997,0.5336753124999802,73,65,Oboe,Bassoon _ 2,Bassoon 2,87840,270
163.37557024999995,0.5360299374999897,68,65,Oboe,Bassoon _ 2,Bassoon 2,88080,270
163.85186574999994,0.5384054999999819,73,65,Oboe,Bassoon _ 2,Bassoon 2,88320,270
164.33027124999992,0.9632152500000188,71,65,Oboe,Bassoon _ 2,Bassoon 2,88560,480
184.02592430416667,0.13636362500000132,73,55,Oboe,Bassoon _ 2,Bassoon 2,97874,60
184.13046975,1.0909089999999821,71,55,Oboe,Bassoon _ 2,Bassoon 2,97920,480
184.13046975,1.0909089999999821,76,55,Oboe,Bassoon _ 2,Bassoon 2,97920,480
185.66228780416665,0.13636362500000132,73,55,Oboe,Bassoon _ 2,Bassoon 2,98594,60
185.76683325,1.0909090000000106,71,55,Oboe,Bassoon _ 2,Bassoon 2,98640,480
185.76683325,1.0909090000000106,76,55,Oboe,Bassoon _ 2,Bassoon 2,98640,480
187.29865130416667,0.13636362500000132,73,55,Oboe,Bassoon _ 2,Bassoon 2,99314,60
187.40319675,1.0909089999999821,71,55,Oboe,Bassoon _ 2,Bassoon 2,99360,480
187.40319675,1.0909089999999821,76,55,Oboe,Bassoon _ 2,Bassoon 2,99360,480
188.93501480416666,0.13636362500000132,73,55,Oboe,Bassoon _ 2,Bassoon 2,100034,60
189.03956025,1.0909090000000106,71,55,Oboe,Bassoon _ 2,Bassoon 2,100080,480
189.03956025,1.0909090000000106,76,55,Oboe,Bassoon _ 2,Bassoon 2,100080,480
197.11683230416665,0.13636362500000132,73,55,Oboe,Bassoon _ 2,Bassoon 2,103634,60
197.22137775,1.0909090000000106,71,55,Oboe,Bassoon _ 2,Bassoon 2,103680,480
197.22137775,1.0909090000000106,76,55,Oboe,Bassoon _ 2,Bassoon 2,103680,480
198.75319580416667,0.13636362500000132,73,55,Oboe,Bassoon _ 2,Bassoon 2,104354,60
198.85774125,1.0909089999999821,71,55,Oboe,Bassoon _ 2,Bassoon 2,104400,480
198.85774125,1.0909089999999821,76,55,Oboe,Bassoon _ 2,Bassoon 2,104400,480
203.66228630416666,0.13636362500000132,73,55,Oboe,Bassoon _ 2,Bassoon 2,106514,60
203.76683175,1.0909090000000106,71,55,Oboe,Bassoon _ 2,Bassoon 2,106560,480
203.76683175,1.0909090000000106,76,55,Oboe,Bassoon _ 2,Bassoon 2,106560,480
206.93501330416666,0.13636362500000132,73,43,Oboe,Bassoon _ 2,Bassoon 2,107954,60
207.03955875,1.0909090000000106,71,43,Oboe,Bassoon _ 2,Bassoon 2,108000,480
207.03955875,1.0909090000000106,76,43,Oboe,Bassoon _ 2,Bassoon 2,108000,480
225.1273723125,1.4087287499999945,71,50,Oboe,Bassoon _ 2,Bassoon 2,116640,710
226.5559423125,1.4880937499999902,73,50,Oboe,Bassoon _ 2,Bassoon 2,117360,750
227.9845123125,1.408728750000023,71,50,Oboe,Bassoon _ 2,Bassoon 2,118080,710
229.4130823125,1.4880937500000186,73,50,Oboe,Bassoon _ 2,Bassoon 2,118800,750
230.8416523125,1.4285700000000077,71,50,Oboe,Bassoon _ 2,Bassoon 2,119520,720
236.80223831249998,10.20689200000001,76,40,Oboe,Bassoon _ 2,Bassoon 2,122400,3360
236.80223831249998,10.20689200000001,80,40,Oboe,Bassoon _ 2,Bassoon 2,122400,3360
0.0,2.677237645833333,64,30,Clarinet in A,Clarinet _ 1,Clarinet,1440,1435
0.0,2.677237645833333,68,30,Clarinet in A,Clarinet _ 1,Clarinet,1440,1435
2.6865659999999996,2.6772376458333342,64,30,Clarinet in A,Clarinet _ 1,Clarinet,2880,1435
2.6865659999999996,2.6772376458333342,68,30,Clarinet in A,Clarinet _ 1,Clarinet,2880,1435
5.373132,1.3339546458333338,64,30,Clarinet in A,Clarinet _ 1,Clarinet,4320,715
5.373132,1.3339546458333338,68,30,Clarinet in A,Clarinet _ 1,Clarinet,4320,715
6.716415,3.5820880000000006,64,30,Clarinet in A,Clarinet _ 1,Clarinet,5040,1920
6.716415,3.5820880000000006,68,30,Clarinet in A,Clarinet _ 1,Clarinet,5040,1920
21.492528,2.6772376458333333,68,30,Clarinet in A,Clarinet _ 1,Clarinet,12960,1435
21.492528,2.6772376458333333,72,30,Clarinet in A,Clarinet _ 1,Clarinet,12960,1435
24.179094,2.6772376458333333,68,30,Clarinet in A,Clarinet _ 1,Clarinet,14400,1435
24.179094,2.6772376458333333,72,30,Clarinet in A,Clarinet _ 1,Clarinet,14400,1435
26.86566,1.3339546458333338,68,30,Clarinet in A,Clarinet _ 1,Clarinet,15840,715
26.86566,1.3339546458333338,72,30,Clarinet in A,Clarinet _ 1,Clarinet,15840,715
28.208942999999998,3.582087999999999,68,30,Clarinet in A,Clarinet _ 1,Clarinet,16560,1920
28.208942999999998,3.582087999999999,72,30,Clarinet in A,Clarinet _ 1,Clarinet,16560,1920
42.98505599999999,2.6865660000000062,71,30,Clarinet in A,Clarinet _ 1,Clarinet,24480,1440
42.98505599999999,2.6865660000000062,75,30,Clarinet in A,Clarinet _ 1,Clarinet,24480,1440
48.358188,1.3432829999999996,71,30,Clarinet in A,Clarinet _ 1,Clarinet,27360,720
48.358188,1.3432829999999996,75,30,Clarinet in A,Clarinet _ 1,Clarinet,27360,720
51.044754,1.2873128749999978,71,55,Clarinet in A,Clarinet _ 1,Clarinet,28800,690
51.044754,1.2873128749999978,75,55,Clarinet in A,Clarinet _ 1,Clarinet,28800,690
52.388037,1.484692937499986,71,67,Clarinet in A,Clarinet _ 1,Clarinet,29520,690
52.388037,1.484692937499986,75,67,Clarinet in A,Clarinet _ 1,Clarinet,29520,690
54.04318443749998,2.5178546249999982,64,50,Clarinet in A,Clarinet _ 1,Clarinet,30240,1410
54.04318443749998,2.5178546249999982,68,50,Clarinet in A,Clarinet _ 1,Clarinet,30240,1410
56.614610437499984,2.5178546249999982,64,50,Clarinet in A,Clarinet _ 1,Clarinet,31680,1410
56.614610437499984,2.5178546249999982,68,50,Clarinet in A,Clarinet _ 1,Clarinet,31680,1410
59.18603643749998,1.2321416250000041,64,50,Clarinet in A,Clarinet _ 1,Clarinet,33120,690
59.18603643749998,1.2321416250000041,68,50,Clarinet in A,Clarinet _ 1,Clarinet,33120,690
60.47174943749998,1.232141624999997,64,50,Clarinet in A,Clarinet _ 1,Clarinet,33840,690
60.47174943749998,1.232141624999997,68,50,Clarinet in A,Clarinet _ 1,Clarinet,33840,690
61.75746243749998,1.7142839999999921,66,50,Clarinet in A,Clarinet _ 1,Clarinet,34560,960
61.75746243749998,1.7142839999999921,69,50,Clarinet in A,Clarinet _ 1,Clarinet,34560,960
64.32888843749998,2.5178546249999982,66,50,Clarinet in A,Clarinet _ 1,Clarinet,36000,1410
64.32888843749998,2.5178546249999982,69,50,Clarinet in A,Clarinet _ 1,Clarinet,36000,1410
66.90031443749999,2.5178546249999982,66,50,Clarinet in A,Clarinet _ 1,Clarinet,37440,1410
66.90031443749999,2.5178546249999982,69,50,Clarinet in A,Clarinet _ 1,Clarinet,37440,1410
69.47174043749999,1.232141624999997,66,50,Clarinet in A,Clarinet _ 1,Clarinet,38880,690
69.47174043749999,1.232141624999997,69,50,Clarinet in A,Clarinet _ 1,Clarinet,38880,690
70.75745343749998,1.232141624999997,66,50,Clarinet in A,Clarinet _ 1,Clarinet,39600,690
70.75745343749998,1.232141624999997,69,50,Clarinet in A,Clarinet _ 1,Clarinet,39600,690
72.04316643749998,1.2321416250000112,68,50,Clarinet in A,Clarinet _ 1,Clarinet,40320,690
72.04316643749998,1.2321416250000112,71,50,Clarinet in A,Clarinet _ 1,Clarinet,40320,690
73.32887943749998,1.232141624999997,68,50,Clarinet in A,Clarinet _ 1,Clarinet,41040,690
73.32887943749998,1.232141624999997,71,50,Clarinet in A,Clarinet _ 1,Clarinet,41040,690
74.61459243749998,1.232141624999997,69,50,Clarinet in A,Clarinet _ 1,Clarinet,41760,690
74.61459243749998,1.232141624999997,73,50,Clarinet in A,Clarinet _ 1,Clarinet,41760,690
75.90030543749998,1.362396000000004,73,50,Clarinet in A,Clarinet _ 1,Clarinet,42480,690
77.33088324999999,3.4837637499999943,72,50,Clarinet in A,Clarinet _ 1,Clarinet,43200,1920
77.33088324999999,3.4837637499999943,75,50,Clarinet in A,Clarinet _ 1,Clarinet,43200,1920
88.09912349999996,1.3846139999999991,72,50,Clarinet in A,Clarinet _ 1,Clarinet,48960,720
88.09912349999996,1.3846139999999991,75,50,Clarinet in A,Clarinet _ 1,Clarinet,48960,720
90.86835149999997,1.3846139999999991,72,50,Clarinet in A,Clarinet _ 1,Clarinet,50400,720
90.86835149999997,1.3846139999999991,75,50,Clarinet in A,Clarinet _ 1,Clarinet,50400,720
93.63757949999997,4.096149749999995,68,50,Clarinet in A,Clarinet _ 1,Clarinet,51840,2130
93.63757949999997,4.096149749999995,72,50,Clarinet in A,Clarinet _ 1,Clarinet,51840,2130
97.79142149999997,1.3269217499999968,64,50,Clarinet in A,Clarinet _ 1,Clarinet,54000,690
97.79142149999997,1.3269217499999968,70,50,Clarinet in A,Clarinet _ 1,Clarinet,54000,690
99.17603549999997,4.326918750000004,65,65,Clarinet in A,Clarinet _ 1,Clarinet,54720,2250
99.17603549999997,4.326918750000004,69,65,Clarinet in A,Clarinet _ 1,Clarinet,54720,2250
110.25294749999998,1.3846139999999991,65,50,Clarinet in A,Clarinet _ 1,Clarinet,60480,720
110.25294749999998,1.3846139999999991,69,50,Clarinet in A,Clarinet _ 1,Clarinet,60480,720
113.02217549999997,1.3846139999999991,65,50,Clarinet in A,Clarinet _ 1,Clarinet,61920,720
113.02217549999997,1.3846139999999991,69,50,Clarinet in A,Clarinet _ 1,Clarinet,61920,720
115.79140349999997,4.096149749999995,65,50,Clarinet in A,Clarinet _ 1,Clarinet,63360,2130
115.79140349999997,4.096149749999995,69,50,Clarinet in A,Clarinet _ 1,Clarinet,63360,2130
119.94524549999997,1.3269217499999968,61,65,Clarinet in A,Clarinet _ 1,Clarinet,65520,690
119.94524549999997,1.3269217499999968,67,65,Clarinet in A,Clarinet _ 1,Clarinet,65520,690
121.32985949999997,5.5384559999999965,62,65,Clarinet in A,Clarinet _ 1,Clarinet,66240,2880
121.32985949999997,6.461532000000005,66,65,Clarinet in A,Clarinet _ 1,Clarinet,66240,3360
132.40677149999996,0.28846125000001166,77,50,Clarinet in A,Clarinet _ 1,Clarinet,72000,150
132.63754049999997,0.28846125000001166,72,50,Clarinet in A,Clarinet _ 1,Clarinet,72120,150
126.86831549999997,6.403839750000003,69,65,Clarinet in A,Clarinet _ 1,Clarinet,69120,3330
133.09907849999996,0.28846125000001166,65,50,Clarinet in A,Clarinet _ 1,Clarinet,72360,150
133.32984749999997,0.28846124999998324,69,50,Clarinet in A,Clarinet _ 1,Clarinet,72480,150
133.56061649999995,0.28846125000001166,72,50,Clarinet in A,Clarinet _ 1,Clarinet,72600,150
133.79138549999996,0.28846125000001166,77,50,Clarinet in A,Clarinet _ 1,Clarinet,72720,150
134.02215449999997,0.28846125000001166,72,50,Clarinet in A,Clarinet _ 1,Clarinet,72840,150
134.25292349999998,0.28846124999998324,69,50,Clarinet in A,Clarinet _ 1,Clarinet,72960,150
134.48369249999996,0.28846125000001166,65,50,Clarinet in A,Clarinet _ 1,Clarinet,73080,150
134.71446149999997,0.28846124999998324,69,50,Clarinet in A,Clarinet _ 1,Clarinet,73200,150
134.94523049999995,0.28846125000001166,72,50,Clarinet in A,Clarinet _ 1,Clarinet,73320,150
135.17599949999996,0.28846125000001166,77,50,Clarinet in A,Clarinet _ 1,Clarinet,73440,150
135.40676849999997,0.28846125000001166,72,50,Clarinet in A,Clarinet _ 1,Clarinet,73560,150
135.63753749999998,0.28846124999998324,69,50,Clarinet in A,Clarinet _ 1,Clarinet,73680,150
135.86830649999996,0.28846125000001166,65,50,Clarinet in A,Clarinet _ 1,Clarinet,73800,150
136.09907549999997,0.28846124999998324,69,50,Clarinet in A,Clarinet _ 1,Clarinet,73920,150
136.32984449999998,0.28846124999998324,72,50,Clarinet in A,Clarinet _ 1,Clarinet,74040,150
136.56061349999996,0.28846125000001166,77,50,Clarinet in A,Clarinet _ 1,Clarinet,74160,150
136.79138249999997,0.28846125000001166,72,50,Clarinet in A,Clarinet _ 1,Clarinet,74280,150
137.02215149999998,0.28846124999998324,69,50,Clarinet in A,Clarinet _ 1,Clarinet,74400,150
137.25292049999996,0.28846125000001166,65,50,Clarinet in A,Clarinet _ 1,Clarinet,74520,150
137.48368949999997,0.28846124999998324,69,50,Clarinet in A,Clarinet _ 1,Clarinet,74640,150
137.71445849999998,0.17307674999997857,72,50,Clarinet in A,Clarinet _ 1,Clarinet,74760,90
137.94522749999996,0.28846125000001166,77,50,Clarinet in A,Clarinet _ 1,Clarinet,74880,150
138.17599649999997,0.28846125000001166,72,50,Clarinet in A,Clarinet _ 1,Clarinet,75000,150
138.40676549999998,0.28846124999998324,69,50,Clarinet in A,Clarinet _ 1,Clarinet,75120,150
138.63753449999996,0.28846125000001166,65,50,Clarinet in A,Clarinet _ 1,Clarinet,75240,150
138.86830349999997,0.28846124999998324,69,50,Clarinet in A,Clarinet _ 1,Clarinet,75360,150
139.09907249999998,0.28846124999998324,72,50,Clarinet in A,Clarinet _ 1,Clarinet,75480,150
139.32984149999996,0.28846125000001166,77,50,Clarinet in A,Clarinet _ 1,Clarinet,75600,150
139.56061049999997,0.28846125000001166,74,50,Clarinet in A,Clarinet _ 1,Clarinet,75720,150
139.79137949999998,0.28846124999998324,69,50,Clarinet in A,Clarinet _ 1,Clarinet,75840,150
140.0221485,0.28846124999998324,65,50,Clarinet in A,Clarinet _ 1,Clarinet,75960,150
140.25291749999997,0.28846125000001166,69,50,Clarinet in A,Clarinet _ 1,Clarinet,76080,150
140.48368649999998,0.28846124999998324,74,50,Clarinet in A,Clarinet _ 1,Clarinet,76200,150
140.71445549999996,0.28846125000001166,77,50,Clarinet in A,Clarinet _ 1,Clarinet,76320,150
140.94522449999997,0.28846125000001166,72,50,Clarinet in A,Clarinet _ 1,Clarinet,76440,150
141.17599349999998,0.28846124999998324,69,50,Clarinet in A,Clarinet _ 1,Clarinet,76560,150
141.40676249999999,0.28846124999998324,65,50,Clarinet in A,Clarinet _ 1,Clarinet,76680,150
141.63753149999997,0.28846125000001166,69,50,Clarinet in A,Clarinet _ 1,Clarinet,76800,150
141.86830049999998,0.28846124999998324,72,50,Clarinet in A,Clarinet _ 1,Clarinet,76920,150
142.09906949999996,0.28846125000001166,77,50,Clarinet in A,Clarinet _ 1,Clarinet,77040,150
142.32983849999997,0.28846125000001166,72,50,Clarinet in A,Clarinet _ 1,Clarinet,77160,150
142.56060749999997,0.28846124999998324,69,50,Clarinet in A,Clarinet _ 1,Clarinet,77280,150
142.79137649999998,0.28846124999998324,65,50,Clarinet in A,Clarinet _ 1,Clarinet,77400,150
143.02214549999997,0.28846125000001166,69,50,Clarinet in A,Clarinet _ 1,Clarinet,77520,150
143.25291449999997,0.17307674999997857,72,50,Clarinet in A,Clarinet _ 1,Clarinet,77640,90
143.48368349999996,0.28846125000001166,77,50,Clarinet in A,Clarinet _ 1,Clarinet,77760,150
143.71445249999996,0.28846125000001166,72,50,Clarinet in A,Clarinet _ 1,Clarinet,77880,150
143.94522149999997,0.28846125000001166,69,50,Clarinet in A,Clarinet _ 1,Clarinet,78000,150
144.17599049999998,0.28846124999998324,65,50,Clarinet in A,Clarinet _ 1,Clarinet,78120,150
144.40675949999996,0.28846125000001166,69,50,Clarinet in A,Clarinet _ 1,Clarinet,78240,150
144.63752849999997,0.28846124999998324,72,50,Clarinet in A,Clarinet _ 1,Clarinet,78360,150
144.86829749999995,0.28846125000001166,77,50,Clarinet in A,Clarinet _ 1,Clarinet,78480,150
145.09906649999996,0.28846125000001166,72,50,Clarinet in A,Clarinet _ 1,Clarinet,78600,150
145.32983549999997,0.28846125000001166,69,50,Clarinet in A,Clarinet _ 1,Clarinet,78720,150
145.56060449999998,0.28846124999998324,65,50,Clarinet in A,Clarinet _ 1,Clarinet,78840,150
145.79137349999996,0.28846125000001166,69,50,Clarinet in A,Clarinet _ 1,Clarinet,78960,150
146.02214249999997,0.28846124999998324,72,50,Clarinet in A,Clarinet _ 1,Clarinet,79080,150
146.25291149999995,0.28846125000001166,76,50,Clarinet in A,Clarinet _ 1,Clarinet,79200,150
146.48368049999996,0.28846125000001166,72,50,Clarinet in A,Clarinet _ 1,Clarinet,79320,150
146.71444949999997,0.28846125000001166,68,50,Clarinet in A,Clarinet _ 1,Clarinet,79440,150
146.94521849999998,0.28846124999998324,64,50,Clarinet in A,Clarinet _ 1,Clarinet,79560,150
147.17598749999996,0.28846125000001166,68,50,Clarinet in A,Clarinet _ 1,Clarinet,79680,150
147.40675649999997,0.28846124999998324,72,50,Clarinet in A,Clarinet _ 1,Clarinet,79800,150
147.63752549999995,0.28846125000001166,76,50,Clarinet in A,Clarinet _ 1,Clarinet,79920,150
147.86829449999996,0.28846125000001166,72,50,Clarinet in A,Clarinet _ 1,Clarinet,80040,150
148.09906349999997,0.28846125000001166,68,50,Clarinet in A,Clarinet _ 1,Clarinet,80160,150
148.32983249999998,0.28846124999998324,64,50,Clarinet in A,Clarinet _ 1,Clarinet,80280,150
148.56060149999996,0.28846125000001166,68,50,Clarinet in A,Clarinet _ 1,Clarinet,80400,150
148.79137049999997,0.173076750000007,72,50,Clarinet in A,Clarinet _ 1,Clarinet,80520,90
143.48368349999996,5.596148249999999,60,50,Clarinet in A,Clarinet _ 1,Clarinet,77760,2910
149.48367749999997,0.173076750000007,71,40,Clarinet in A,Clarinet _ 1,Clarinet,80880,90
149.02213949999995,0.9230760000000373,59,50,Clarinet in A,Clarinet _ 1,Clarinet,80640,480
149.9452155,0.17307674999997857,76,40,Clarinet in A,Clarinet _ 1,Clarinet,81120,90
150.86829149999997,0.173076750000007,71,40,Clarinet in A,Clarinet _ 1,Clarinet,81600,90
151.3298295,0.17307674999997857,76,40,Clarinet in A,Clarinet _ 1,Clarinet,81840,90
152.25290549999997,0.173076750000007,71,40,Clarinet in A,Clarinet _ 1,Clarinet,82320,90
152.7144435,0.17307674999997857,76,40,Clarinet in A,Clarinet _ 1,Clarinet,82560,90
153.63751949999997,0.173076750000007,71,40,Clarinet in A,Clarinet _ 1,Clarinet,83040,90
154.0990575,0.17307674999997857,76,40,Clarinet in A,Clarinet _ 1,Clarinet,83280,90
155.02213349999997,0.173076750000007,71,40,Clarinet in A,Clarinet _ 1,Clarinet,83760,90
155.48367149999999,0.17307674999997857,76,40,Clarinet in A,Clarinet _ 1,Clarinet,84000,90
156.40674749999997,0.173076750000007,73,40,Clarinet in A,Clarinet _ 1,Clarinet,84480,90
156.86828549999998,0.17307674999997857,76,40,Clarinet in A,Clarinet _ 1,Clarinet,84720,90
157.79136149999997,0.173076750000007,71,40,Clarinet in A,Clarinet _ 1,Clarinet,85200,90
158.25289949999998,0.17307674999997857,76,40,Clarinet in A,Clarinet _ 1,Clarinet,85440,90
160.56108349999997,0.1738194374999864,73,40,Clarinet in A,Clarinet _ 1,Clarinet,86640,90
161.02510049999998,0.174568687499999,76,40,Clarinet in A,Clarinet _ 1,Clarinet,86880,90
163.37557024999995,0.1784139375000109,73,40,Clarinet in A,Clarinet _ 1,Clarinet,88080,90
163.85186574999994,0.17920331249999322,76,40,Clarinet in A,Clarinet _ 1,Clarinet,88320,90
166.26536974999996,0.1832578124999884,73,40,Clarinet in A,Clarinet _ 1,Clarinet,89520,90
166.75461124999998,0.18409049999999638,76,40,Clarinet in A,Clarinet _ 1,Clarinet,89760,90
177.734622,0.5651279374999945,71,60,Clarinet in A,Clarinet _ 1,Clarinet,95040,270
178.23636975,0.5731253749999894,68,61,Clarinet in A,Clarinet _ 1,Clarinet,95280,270
178.7452095,0.5813523749999945,71,63,Clarinet in A,Clarinet _ 1,Clarinet,95520,270
179.26134449999998,0.5898191250000195,73,65,Clarinet in A,Clarinet _ 1,Clarinet,95760,270
179.78498725,0.5985360625000169,70,66,Clarinet in A,Clarinet _ 1,Clarinet,96000,270
180.31635925,0.6095653124999956,73,68,Clarinet in A,Clarinet _ 1,Clarinet,96240,270
180.85774275,0.11818180833333258,75,70,Clarinet in A,Clarinet _ 1,Clarinet,96480,52
180.93728819791667,0.11818180833333258,76,70,Clarinet in A,Clarinet _ 1,Clarinet,96515,52
181.01683364583334,0.11818180833333258,75,70,Clarinet in A,Clarinet _ 1,Clarinet,96550,52
181.09637909375,0.11818180833333258,76,69,Clarinet in A,Clarinet _ 1,Clarinet,96585,52
181.17592454166666,0.11818180833333258,75,69,Clarinet in A,Clarinet _ 1,Clarinet,96620,52
181.25546998958333,0.11818180833333258,76,68,Clarinet in A,Clarinet _ 1,Clarinet,96655,52
181.3350154375,0.11818180833333258,75,68,Clarinet in A,Clarinet _ 1,Clarinet,96690,52
181.41456088541668,0.11818180833333258,76,67,Clarinet in A,Clarinet _ 1,Clarinet,96725,52
181.49410633333332,0.11818180833333258,75,67,Clarinet in A,Clarinet _ 1,Clarinet,96760,52
181.57365178125,0.11818180833333258,76,66,Clarinet in A,Clarinet _ 1,Clarinet,96795,52
181.65319722916666,0.11818180833333258,75,66,Clarinet in A,Clarinet _ 1,Clarinet,96830,52
181.73274267708334,0.11818180833333258,76,65,Clarinet in A,Clarinet _ 1,Clarinet,96865,52
181.812288125,0.11818180833333258,75,65,Clarinet in A,Clarinet _ 1,Clarinet,96900,52
181.89183357291665,0.11818180833333258,76,64,Clarinet in A,Clarinet _ 1,Clarinet,96935,52
181.97137902083333,0.11818180833333258,75,64,Clarinet in A,Clarinet _ 1,Clarinet,96970,52
182.05092446875,0.11818180833333258,76,63,Clarinet in A,Clarinet _ 1,Clarinet,97005,52
182.13046991666667,0.11818180833333258,75,63,Clarinet in A,Clarinet _ 1,Clarinet,97040,52
182.21001536458334,0.11818180833333258,76,62,Clarinet in A,Clarinet _ 1,Clarinet,97075,52
182.28956081249999,0.11818180833333258,75,62,Clarinet in A,Clarinet _ 1,Clarinet,97110,52
182.36910626041666,0.11818180833333258,76,61,Clarinet in A,Clarinet _ 1,Clarinet,97145,52
182.44865170833333,0.11818180833333258,75,61,Clarinet in A,Clarinet _ 1,Clarinet,97180,52
182.52819715625,0.11818180833333258,76,60,Clarinet in A,Clarinet _ 1,Clarinet,97215,52
182.60774260416667,0.11818180833333258,75,60,Clarinet in A,Clarinet _ 1,Clarinet,97250,52
182.68728805208332,0.11818180833333258,76,59,Clarinet in A,Clarinet _ 1,Clarinet,97285,52
182.7668335,0.11818180833333258,75,59,Clarinet in A,Clarinet _ 1,Clarinet,97320,52
182.84637894791666,0.11818180833333258,76,58,Clarinet in A,Clarinet _ 1,Clarinet,97355,52
182.92592439583333,0.11818180833333258,75,58,Clarinet in A,Clarinet _ 1,Clarinet,97390,52
183.00546984375,0.11818180833333258,76,57,Clarinet in A,Clarinet _ 1,Clarinet,97425,52
183.08501529166665,0.11818180833333258,75,57,Clarinet in A,Clarinet _ 1,Clarinet,97460,52
183.16456073958332,0.11818180833333258,76,56,Clarinet in A,Clarinet _ 1,Clarinet,97495,52
183.2441061875,0.11818180833333258,75,56,Clarinet in A,Clarinet _ 1,Clarinet,97530,52
183.32365163541667,0.11818180833333258,76,55,Clarinet in A,Clarinet _ 1,Clarinet,97565,52
183.40319708333334,0.11818180833333258,75,55,Clarinet in A,Clarinet _ 1,Clarinet,97600,52
183.48274253125,0.11818180833333258,76,54,Clarinet in A,Clarinet _ 1,Clarinet,97635,52
183.56228797916665,0.11818180833333258,75,54,Clarinet in A,Clarinet _ 1,Clarinet,97670,52
183.64183342708333,0.11818180833333258,76,53,Clarinet in A,Clarinet _ 1,Clarinet,97705,52
183.721378875,0.11818180833333258,75,53,Clarinet in A,Clarinet _ 1,Clarinet,97740,52
183.80092432291667,0.11818180833333258,76,53,Clarinet in A,Clarinet _ 1,Clarinet,97775,52
183.9259243125,0.15909089583331593,73,52,Clarinet in A,Clarinet _ 1,Clarinet,97830,70
184.0622879375,0.13636362500000132,75,51,Clarinet in A,Clarinet _ 1,Clarinet,97890,60
190.67592375,0.6136363124999775,71,60,Clarinet in A,Clarinet _ 1,Clarinet,100800,270
191.22137825,0.6136363125000059,68,61,Clarinet in A,Clarinet _ 1,Clarinet,101040,270
191.76683275,0.6136363125000059,71,63,Clarinet in A,Clarinet _ 1,Clarinet,101280,270
192.31228725,0.6136363125000059,73,65,Clarinet in A,Clarinet _ 1,Clarinet,101520,270
192.85774175,0.6136363125000059,70,66,Clarinet in A,Clarinet _ 1,Clarinet,101760,270
193.40319625,0.6136363124999775,73,68,Clarinet in A,Clarinet _ 1,Clarinet,102000,270
193.94865074999998,0.11818180833333258,75,70,Clarinet in A,Clarinet _ 1,Clarinet,102240,52
194.02819619791666,0.11818180833333258,76,70,Clarinet in A,Clarinet _ 1,Clarinet,102275,52
194.10774164583333,0.11818180833333258,75,70,Clarinet in A,Clarinet _ 1,Clarinet,102310,52
194.18728709375,0.11818180833333258,76,69,Clarinet in A,Clarinet _ 1,Clarinet,102345,52
194.26683254166667,0.11818180833333258,75,69,Clarinet in A,Clarinet _ 1,Clarinet,102380,52
194.34637798958332,0.118181808333361,76,68,Clarinet in A,Clarinet _ 1,Clarinet,102415,52
194.4259234375,0.11818180833333258,75,68,Clarinet in A,Clarinet _ 1,Clarinet,102450,52
194.50546888541666,0.11818180833333258,76,67,Clarinet in A,Clarinet _ 1,Clarinet,102485,52
194.58501433333333,0.11818180833333258,75,67,Clarinet in A,Clarinet _ 1,Clarinet,102520,52
194.66455978125,0.11818180833333258,76,66,Clarinet in A,Clarinet _ 1,Clarinet,102555,52
194.74410522916665,0.118181808333361,75,66,Clarinet in A,Clarinet _ 1,Clarinet,102590,52
194.82365067708332,0.11818180833333258,76,65,Clarinet in A,Clarinet _ 1,Clarinet,102625,52
194.903196125,0.11818180833333258,75,65,Clarinet in A,Clarinet _ 1,Clarinet,102660,52
194.98274157291667,0.11818180833333258,76,64,Clarinet in A,Clarinet _ 1,Clarinet,102695,52
195.06228702083334,0.11818180833333258,75,64,Clarinet in A,Clarinet _ 1,Clarinet,102730,52
195.14183246874998,0.118181808333361,76,63,Clarinet in A,Clarinet _ 1,Clarinet,102765,52
195.22137791666665,0.11818180833333258,75,63,Clarinet in A,Clarinet _ 1,Clarinet,102800,52
195.30092336458333,0.11818180833333258,76,62,Clarinet in A,Clarinet _ 1,Clarinet,102835,52
195.3804688125,0.11818180833333258,75,62,Clarinet in A,Clarinet _ 1,Clarinet,102870,52
195.46001426041667,0.11818180833333258,76,61,Clarinet in A,Clarinet _ 1,Clarinet,102905,52
195.53955970833334,0.11818180833333258,75,61,Clarinet in A,Clarinet _ 1,Clarinet,102940,52
195.61910515625,0.11818180833333258,76,60,Clarinet in A,Clarinet _ 1,Clarinet,102975,52
195.69865060416666,0.11818180833333258,75,60,Clarinet in A,Clarinet _ 1,Clarinet,103010,52
195.77819605208333,0.11818180833333258,76,59,Clarinet in A,Clarinet _ 1,Clarinet,103045,52
195.8577415,0.11818180833333258,75,59,Clarinet in A,Clarinet _ 1,Clarinet,103080,52
195.93728694791668,0.11818180833333258,76,58,Clarinet in A,Clarinet _ 1,Clarinet,103115,52
196.01683239583332,0.11818180833333258,75,58,Clarinet in A,Clarinet _ 1,Clarinet,103150,52
196.09637784375,0.11818180833333258,76,57,Clarinet in A,Clarinet _ 1,Clarinet,103185,52
196.17592329166666,0.11818180833333258,75,57,Clarinet in A,Clarinet _ 1,Clarinet,103220,52
196.25546873958334,0.11818180833333258,76,56,Clarinet in A,Clarinet _ 1,Clarinet,103255,52
196.3350141875,0.11818180833333258,75,56,Clarinet in A,Clarinet _ 1,Clarinet,103290,52
196.41455963541665,0.11818180833333258,76,55,Clarinet in A,Clarinet _ 1,Clarinet,103325,52
196.49410508333332,0.11818180833333258,75,55,Clarinet in A,Clarinet _ 1,Clarinet,103360,52
196.57365053125,0.11818180833333258,76,54,Clarinet in A,Clarinet _ 1,Clarinet,103395,52
196.65319597916667,0.11818180833333258,75,54,Clarinet in A,Clarinet _ 1,Clarinet,103430,52
196.73274142708334,0.11818180833333258,76,54,Clarinet in A,Clarinet _ 1,Clarinet,103465,52
196.812286875,0.11818180833330416,75,53,Clarinet in A,Clarinet _ 1,Clarinet,103500,52
196.89183232291666,0.11818180833333258,76,53,Clarinet in A,Clarinet _ 1,Clarinet,103535,52
197.0168323125,0.15909089583334435,73,52,Clarinet in A,Clarinet _ 1,Clarinet,103590,70
197.1531959375,0.13636362500000132,75,51,Clarinet in A,Clarinet _ 1,Clarinet,103650,60
200.49410475,0.11818180833333258,75,50,Clarinet in A,Clarinet _ 1,Clarinet,105120,52
200.57365019791666,0.11818180833333258,76,50,Clarinet in A,Clarinet _ 1,Clarinet,105155,52
200.65319564583334,0.11818180833333258,75,50,Clarinet in A,Clarinet _ 1,Clarinet,105190,52
200.73274109375,0.11818180833333258,76,50,Clarinet in A,Clarinet _ 1,Clarinet,105225,52
200.81228654166665,0.11818180833333258,75,50,Clarinet in A,Clarinet _ 1,Clarinet,105260,52
200.89183198958332,0.11818180833333258,76,50,Clarinet in A,Clarinet _ 1,Clarinet,105295,52
200.9713774375,0.11818180833333258,75,50,Clarinet in A,Clarinet _ 1,Clarinet,105330,52
201.05092288541667,0.11818180833333258,76,50,Clarinet in A,Clarinet _ 1,Clarinet,105365,52
201.13046833333334,0.11818180833333258,75,50,Clarinet in A,Clarinet _ 1,Clarinet,105400,52
201.21001378125,0.11818180833330416,76,49,Clarinet in A,Clarinet _ 1,Clarinet,105435,52
201.28955922916666,0.11818180833333258,75,49,Clarinet in A,Clarinet _ 1,Clarinet,105470,52
201.36910467708333,0.11818180833333258,76,49,Clarinet in A,Clarinet _ 1,Clarinet,105505,52
201.448650125,0.11818180833333258,75,49,Clarinet in A,Clarinet _ 1,Clarinet,105540,52
201.52819557291667,0.11818180833333258,76,49,Clarinet in A,Clarinet _ 1,Clarinet,105575,52
201.60774102083334,0.11818180833330416,75,49,Clarinet in A,Clarinet _ 1,Clarinet,105610,52
201.68728646875,0.11818180833333258,76,49,Clarinet in A,Clarinet _ 1,Clarinet,105645,52
201.76683191666666,0.11818180833333258,75,49,Clarinet in A,Clarinet _ 1,Clarinet,105680,52
201.84637736458333,0.11818180833333258,76,49,Clarinet in A,Clarinet _ 1,Clarinet,105715,52
201.9259228125,0.11818180833333258,75,48,Clarinet in A,Clarinet _ 1,Clarinet,105750,52
202.00546826041668,0.11818180833330416,76,48,Clarinet in A,Clarinet _ 1,Clarinet,105785,52
202.08501370833332,0.11818180833333258,75,48,Clarinet in A,Clarinet _ 1,Clarinet,105820,52
202.16455915625,0.11818180833333258,76,48,Clarinet in A,Clarinet _ 1,Clarinet,105855,52
202.24410460416667,0.11818180833333258,75,48,Clarinet in A,Clarinet _ 1,Clarinet,105890,52
202.32365005208334,0.11818180833333258,76,48,Clarinet in A,Clarinet _ 1,Clarinet,105925,52
202.4031955,0.11818180833333258,75,48,Clarinet in A,Clarinet _ 1,Clarinet,105960,52
202.48274094791665,0.11818180833333258,76,48,Clarinet in A,Clarinet _ 1,Clarinet,105995,52
202.56228639583333,0.11818180833333258,75,48,Clarinet in A,Clarinet _ 1,Clarinet,106030,52
202.64183184375,0.11818180833333258,76,47,Clarinet in A,Clarinet _ 1,Clarinet,106065,52
202.72137729166667,0.11818180833333258,75,47,Clarinet in A,Clarinet _ 1,Clarinet,106100,52
202.80092273958334,0.11818180833333258,76,47,Clarinet in A,Clarinet _ 1,Clarinet,106135,52
202.88046818749999,0.11818180833333258,75,47,Clarinet in A,Clarinet _ 1,Clarinet,106170,52
202.96001363541666,0.11818180833333258,76,47,Clarinet in A,Clarinet _ 1,Clarinet,106205,52
203.03955908333333,0.11818180833333258,75,47,Clarinet in A,Clarinet _ 1,Clarinet,106240,52
203.11910453125,0.11818180833333258,76,47,Clarinet in A,Clarinet _ 1,Clarinet,106275,52
203.19864997916667,0.11818180833333258,75,47,Clarinet in A,Clarinet _ 1,Clarinet,106310,52
203.27819542708332,0.118181808333361,76,46,Clarinet in A,Clarinet _ 1,Clarinet,106345,52
203.357740875,0.11818180833333258,75,46,Clarinet in A,Clarinet _ 1,Clarinet,106380,52
203.43728632291666,0.11818180833333258,76,46,Clarinet in A,Clarinet _ 1,Clarinet,106415,52
203.5622863125,0.15909089583334435,73,46,Clarinet in A,Clarinet _ 1,Clarinet,106470,70
203.6986499375,0.13636362500000132,75,46,Clarinet in A,Clarinet _ 1,Clarinet,106530,60
205.40319524999998,0.118181808333361,75,43,Clarinet in A,Clarinet _ 1,Clarinet,107280,52
205.48274069791665,0.11818180833333258,76,43,Clarinet in A,Clarinet _ 1,Clarinet,107315,52
205.56228614583333,0.11818180833333258,75,43,Clarinet in A,Clarinet _ 1,Clarinet,107350,52
205.64183159375,0.11818180833333258,76,43,Clarinet in A,Clarinet _ 1,Clarinet,107385,52
205.72137704166667,0.11818180833333258,75,43,Clarinet in A,Clarinet _ 1,Clarinet,107420,52
205.80092248958331,0.118181808333361,76,43,Clarinet in A,Clarinet _ 1,Clarinet,107455,52
205.8804679375,0.11818180833333258,75,43,Clarinet in A,Clarinet _ 1,Clarinet,107490,52
205.96001338541666,0.11818180833333258,76,43,Clarinet in A,Clarinet _ 1,Clarinet,107525,52
206.03955883333333,0.11818180833333258,75,42,Clarinet in A,Clarinet _ 1,Clarinet,107560,52
206.11910428125,0.11818180833333258,76,42,Clarinet in A,Clarinet _ 1,Clarinet,107595,52
206.19864972916668,0.11818180833333258,75,42,Clarinet in A,Clarinet _ 1,Clarinet,107630,52
206.27819517708332,0.11818180833333258,76,42,Clarinet in A,Clarinet _ 1,Clarinet,107665,52
206.357740625,0.11818180833333258,75,42,Clarinet in A,Clarinet _ 1,Clarinet,107700,52
206.43728607291666,0.11818180833333258,76,42,Clarinet in A,Clarinet _ 1,Clarinet,107735,52
206.51683152083334,0.11818180833333258,75,42,Clarinet in A,Clarinet _ 1,Clarinet,107770,52
206.59637696875,0.11818180833333258,76,42,Clarinet in A,Clarinet _ 1,Clarinet,107805,52
206.67592241666665,0.11818180833333258,75,42,Clarinet in A,Clarinet _ 1,Clarinet,107840,52
206.75546786458332,0.11818180833333258,76,41,Clarinet in A,Clarinet _ 1,Clarinet,107875,52
206.8350133125,0.15909089583334435,73,41,Clarinet in A,Clarinet _ 1,Clarinet,107910,70
206.9713769375,0.13636362500000132,75,41,Clarinet in A,Clarinet _ 1,Clarinet,107970,60
208.67592224999999,0.11818180833333258,75,40,Clarinet in A,Clarinet _ 1,Clarinet,108720,52
208.75546769791666,0.11818180833333258,76,40,Clarinet in A,Clarinet _ 1,Clarinet,108755,52
208.83501314583333,0.11818180833333258,75,40,Clarinet in A,Clarinet _ 1,Clarinet,108790,52
208.91455859375,0.11818180833333258,76,40,Clarinet in A,Clarinet _ 1,Clarinet,108825,52
208.99410404166667,0.11818180833333258,75,40,Clarinet in A,Clarinet _ 1,Clarinet,108860,52
209.07364948958332,0.11818180833333258,76,40,Clarinet in A,Clarinet _ 1,Clarinet,108895,52
209.1531949375,0.11818180833333258,75,40,Clarinet in A,Clarinet _ 1,Clarinet,108930,52
209.23274038541666,0.11818180833333258,76,40,Clarinet in A,Clarinet _ 1,Clarinet,108965,52
209.31228583333333,0.11818180833333258,75,40,Clarinet in A,Clarinet _ 1,Clarinet,109000,52
209.39183128125,0.11818180833333258,76,40,Clarinet in A,Clarinet _ 1,Clarinet,109035,52
209.47137672916668,0.11818180833330416,75,40,Clarinet in A,Clarinet _ 1,Clarinet,109070,52
209.55092217708332,0.11818180833333258,76,40,Clarinet in A,Clarinet _ 1,Clarinet,109105,52
209.630467625,0.11818180833333258,75,40,Clarinet in A,Clarinet _ 1,Clarinet,109140,52
209.71001307291667,0.11818180833333258,76,40,Clarinet in A,Clarinet _ 1,Clarinet,109175,52
209.78955852083334,0.11818180833333258,75,40,Clarinet in A,Clarinet _ 1,Clarinet,109210,52
209.86910396875,0.11818180833330416,76,40,Clarinet in A,Clarinet _ 1,Clarinet,109245,52
209.94864941666665,0.11818180833333258,75,40,Clarinet in A,Clarinet _ 1,Clarinet,109280,52
210.02819486458333,0.1857954479166608,76,40,Clarinet in A,Clarinet _ 1,Clarinet,109315,52
210.1077403125,0.4375,73,40,Clarinet in A,Clarinet _ 1,Clarinet,109350,70
210.4827403125,0.45535687500000677,75,40,Clarinet in A,Clarinet _ 1,Clarinet,109410,180
225.1273723125,1.4087287499999945,64,45,Clarinet in A,Clarinet _ 1,Clarinet,116640,710
225.1273723125,1.4087287499999945,68,45,Clarinet in A,Clarinet _ 1,Clarinet,116640,710
226.5559423125,2.837298750000002,64,45,Clarinet in A,Clarinet _ 1,Clarinet,117360,1430
226.5559423125,2.837298750000002,68,45,Clarinet in A,Clarinet _ 1,Clarinet,117360,1430
229.4130823125,2.8571400000000153,64,45,Clarinet in A,Clarinet _ 1,Clarinet,118800,1440
229.4130823125,2.8571400000000153,68,45,Clarinet in A,Clarinet _ 1,Clarinet,118800,1440
233.6987923125,1.5517230000000097,64,40,Clarinet in A,Clarinet _ 1,Clarinet,120960,720
233.6987923125,1.5517230000000097,68,40,Clarinet in A,Clarinet _ 1,Clarinet,120960,720
236.80223831249998,10.20689200000001,68,40,Clarinet in A,Clarinet _ 1,Clarinet,122400,3360
236.80223831249998,10.20689200000001,71,40,Clarinet in A,Clarinet _ 1,Clarinet,122400,3360
0.0,2.677237645833333,59,30,Bassoon,Bassoon _ 1,Bassoon 1,1440,1435
2.6865659999999996,2.6772376458333342,59,30,Bassoon,Bassoon _ 1,Bassoon 1,2880,1435
5.373132,1.3339546458333338,59,30,Bassoon,Bassoon _ 1,Bassoon 1,4320,715
6.716415,1.3992531249999995,61,30,Bassoon,Bassoon _ 1,Bassoon 1,5040,750
8.059698,2.238805000000001,59,30,Bassoon,Bassoon _ 1,Bassoon 1,5760,1200
21.492528,2.6772376458333333,63,30,Bassoon,Bassoon _ 1,Bassoon 1,12960,1435
24.179094,2.6772376458333333,63,30,Bassoon,Bassoon _ 1,Bassoon 1,14400,1435
26.86566,1.3339546458333338,63,30,Bassoon,Bassoon _ 1,Bassoon 1,15840,715
28.208942999999998,1.3992531250000013,64,30,Bassoon,Bassoon _ 1,Bassoon 1,16560,750
29.552225999999997,2.2388049999999993,63,30,Bassoon,Bassoon _ 1,Bassoon 1,17280,1200
42.98505599999999,2.6865660000000062,66,30,Bassoon,Bassoon _ 1,Bassoon 1,24480,1440
48.358188,1.3432829999999996,66,30,Bassoon,Bassoon _ 1,Bassoon 1,27360,720
51.044754,1.2873128749999978,69,55,Bassoon,Bassoon _ 1,Bassoon 1,28800,690
52.388037,1.484692937499986,69,67,Bassoon,Bassoon _ 1,Bassoon 1,29520,690
54.04318443749998,2.5178546249999982,52,60,Bassoon,Bassoon _ 1,Bassoon 1,30240,1410
56.614610437499984,2.5178546249999982,52,60,Bassoon,Bassoon _ 1,Bassoon 1,31680,1410
59.18603643749998,1.2321416250000041,52,60,Bassoon,Bassoon _ 1,Bassoon 1,33120,690
60.47174943749998,1.232141624999997,52,60,Bassoon,Bassoon _ 1,Bassoon 1,33840,690
61.75746243749998,1.232141624999997,54,60,Bassoon,Bassoon _ 1,Bassoon 1,34560,690
63.04317543749998,0.4821423749999951,61,70,Bassoon,Bassoon _ 1,Bassoon 1,35280,270
63.471746437499974,0.48214237500000934,57,70,Bassoon,Bassoon _ 1,Bassoon 1,35520,270
63.90031743749998,0.42857100000000514,56,70,Bassoon,Bassoon _ 1,Bassoon 1,35760,240
64.32888843749998,2.5178546249999982,54,70,Bassoon,Bassoon _ 1,Bassoon 1,36000,1410
66.90031443749999,2.5178546249999982,54,60,Bassoon,Bassoon _ 1,Bassoon 1,37440,1410
69.47174043749999,1.232141624999997,54,60,Bassoon,Bassoon _ 1,Bassoon 1,38880,690
70.75745343749998,1.232141624999997,54,60,Bassoon,Bassoon _ 1,Bassoon 1,39600,690
72.04316643749998,1.2321416250000112,56,60,Bassoon,Bassoon _ 1,Bassoon 1,40320,690
73.32887943749998,1.232141624999997,56,60,Bassoon,Bassoon _ 1,Bassoon 1,41040,690
74.61459243749998,1.232141624999997,57,60,Bassoon,Bassoon _ 1,Bassoon 1,41760,690
75.90030543749998,1.362396000000004,57,60,Bassoon,Bassoon _ 1,Bassoon 1,42480,690
75.90030543749998,1.362396000000004,85,60,Bassoon,Bassoon _ 1,Bassoon 1,42480,690
77.33088324999999,3.4837637499999943,44,50,Bassoon,Bassoon _ 1,Bassoon 1,43200,1920
82.59796624999997,4.058851000000004,61,50,Bassoon,Bassoon _ 1,Bassoon 1,46080,2130
86.71450949999996,1.326921750000011,61,50,Bassoon,Bassoon _ 1,Bassoon 1,48240,690
88.09912349999996,1.326921750000011,44,50,Bassoon,Bassoon _ 1,Bassoon 1,48960,690
89.48373749999996,1.326921750000011,61,50,Bassoon,Bassoon _ 1,Bassoon 1,49680,690
90.86835149999997,1.3269217499999968,44,50,Bassoon,Bassoon _ 1,Bassoon 1,50400,690
92.25296549999997,1.3846139999999991,61,50,Bassoon,Bassoon _ 1,Bassoon 1,51120,720
97.79142149999997,1.3269217499999968,48,50,Bassoon,Bassoon _ 1,Bassoon 1,54000,690
99.17603549999997,4.326918750000004,41,65,Bassoon,Bassoon _ 1,Bassoon 1,54720,2250
104.71449149999997,4.096149750000009,58,50,Bassoon,Bassoon _ 1,Bassoon 1,57600,2130
108.86833349999998,1.3269217499999968,58,50,Bassoon,Bassoon _ 1,Bassoon 1,59760,690
110.25294749999998,1.3269217499999968,41,50,Bassoon,Bassoon _ 1,Bassoon 1,60480,690
111.63756149999998,1.3269217499999968,58,50,Bassoon,Bassoon _ 1,Bassoon 1,61200,690
113.02217549999997,1.3269217499999968,41,50,Bassoon,Bassoon _ 1,Bassoon 1,61920,690
114.40678949999997,1.3269217499999968,58,50,Bassoon,Bassoon _ 1,Bassoon 1,62640,690
119.94524549999997,1.3269217499999968,45,65,Bassoon,Bassoon _ 1,Bassoon 1,65520,690
126.86831549999997,2.8269202500000006,66,50,Bassoon,Bassoon _ 1,Bassoon 1,69120,1470
129.63754349999996,3.692304000000007,65,50,Bassoon,Bassoon _ 1,Bassoon 1,70560,1920
137.94522749999996,1.3269217499999968,57,50,Bassoon,Bassoon _ 1,Bassoon 1,74880,690
139.32984149999996,1.3269217499999968,57,50,Bassoon,Bassoon _ 1,Bassoon 1,75600,690
140.71445549999996,3.230766000000017,57,50,Bassoon,Bassoon _ 1,Bassoon 1,76320,1680
149.02213949999995,0.519230250000021,59,45,Bassoon,Bassoon _ 1,Bassoon 1,80640,270
149.48367749999997,0.5192302499999926,56,45,Bassoon,Bassoon _ 1,Bassoon 1,80880,270
149.9452155,0.5192302499999641,54,45,Bassoon,Bassoon _ 1,Bassoon 1,81120,270
150.40675349999995,0.519230250000021,52,45,Bassoon,Bassoon _ 1,Bassoon 1,81360,270
150.86829149999997,0.5192302499999926,54,45,Bassoon,Bassoon _ 1,Bassoon 1,81600,270
151.3298295,0.4038457499999595,56,45,Bassoon,Bassoon _ 1,Bassoon 1,81840,210
151.79136749999995,0.519230250000021,59,45,Bassoon,Bassoon _ 1,Bassoon 1,82080,270
152.25290549999997,0.519230250000021,56,45,Bassoon,Bassoon _ 1,Bassoon 1,82320,270
152.7144435,0.5192302499999641,54,45,Bassoon,Bassoon _ 1,Bassoon 1,82560,270
153.17598149999995,0.519230250000021,52,45,Bassoon,Bassoon _ 1,Bassoon 1,82800,270
153.63751949999997,0.28846125000001166,54,45,Bassoon,Bassoon _ 1,Bassoon 1,83040,150
153.86828849999998,0.28846125000001166,56,45,Bassoon,Bassoon _ 1,Bassoon 1,83160,150
154.0990575,0.28846124999998324,54,45,Bassoon,Bassoon _ 1,Bassoon 1,83280,150
154.32982649999997,0.173076750000007,56,45,Bassoon,Bassoon _ 1,Bassoon 1,83400,90
154.56059549999995,0.519230250000021,59,45,Bassoon,Bassoon _ 1,Bassoon 1,83520,270
155.02213349999997,0.519230250000021,56,50,Bassoon,Bassoon _ 1,Bassoon 1,83760,270
155.48367149999999,0.5192302499999641,59,55,Bassoon,Bassoon _ 1,Bassoon 1,84000,270
155.94520949999995,0.519230250000021,61,60,Bassoon,Bassoon _ 1,Bassoon 1,84240,270
156.40674749999997,0.519230250000021,56,55,Bassoon,Bassoon _ 1,Bassoon 1,84480,270
156.86828549999998,0.5192302499999641,61,50,Bassoon,Bassoon _ 1,Bassoon 1,84720,270
157.32982349999997,2.307690000000008,59,45,Bassoon,Bassoon _ 1,Bassoon 1,84960,1200
160.09905149999997,0.519971812499989,61,45,Bassoon,Bassoon _ 1,Bassoon 1,86400,270
160.56108349999997,0.5222065625000027,56,45,Bassoon,Bassoon _ 1,Bassoon 1,86640,270
161.02510049999998,0.5244607499999745,61,45,Bassoon,Bassoon _ 1,Bassoon 1,86880,270
161.49111974999997,0.9381155000000092,59,45,Bassoon,Bassoon _ 1,Bassoon 1,87120,480
162.90136624999997,0.5336753124999802,61,45,Bassoon,Bassoon _ 1,Bassoon 1,87840,270
163.37557024999995,0.5360299374999897,56,45,Bassoon,Bassoon _ 1,Bassoon 1,88080,270
163.85186574999994,0.5384054999999819,61,45,Bassoon,Bassoon _ 1,Bassoon 1,88320,270
164.33027124999992,0.9632152500000188,59,45,Bassoon,Bassoon _ 1,Bassoon 1,88560,480
184.13046975,6.5454540000000065,59,45,Bassoon,Bassoon _ 1,Bassoon 1,97920,2880
197.22137775,3.2727270000000033,59,45,Bassoon,Bassoon _ 1,Bassoon 1,103680,1440
203.76683175,1.6363634999999874,59,40,Bassoon,Bassoon _ 1,Bassoon 1,106560,720
207.03955875,1.6363634999999874,59,30,Bassoon,Bassoon _ 1,Bassoon 1,108000,720
225.1273723125,0.5357137499999851,59,45,Bassoon,Bassoon _ 1,Bassoon 1,116640,270
225.6035623125,0.5357137499999851,56,55,Bassoon,Bassoon _ 1,Bassoon 1,116880,270
226.0797523125,0.5357137499999851,54,65,Bassoon,Bassoon _ 1,Bassoon 1,117120,270
226.5559423125,0.5357137499999851,52,75,Bassoon,Bassoon _ 1,Bassoon 1,117360,270
227.0321323125,0.5357137499999851,54,65,Bassoon,Bassoon _ 1,Bassoon 1,117600,270
227.50832231249998,0.5357137500000135,56,55,Bassoon,Bassoon _ 1,Bassoon 1,117840,270
227.9845123125,0.5357137500000135,59,45,Bassoon,Bassoon _ 1,Bassoon 1,118080,270
228.4607023125,0.5357137500000135,56,55,Bassoon,Bassoon _ 1,Bassoon 1,118320,270
228.9368923125,0.5357137500000135,54,65,Bassoon,Bassoon _ 1,Bassoon 1,118560,270
229.4130823125,0.5357137500000135,52,75,Bassoon,Bassoon _ 1,Bassoon 1,118800,270
229.8892723125,0.29761874999999804,54,65,Bassoon,Bassoon _ 1,Bassoon 1,119040,150
230.1273673125,0.29761874999999804,56,60,Bassoon,Bassoon _ 1,Bassoon 1,119160,150
230.3654623125,0.29761874999999804,54,55,Bassoon,Bassoon _ 1,Bassoon 1,119280,150
230.6035573125,0.14880937500001323,56,50,Bassoon,Bassoon _ 1,Bassoon 1,119400,75
230.8416523125,2.3809499999999844,59,45,Bassoon,Bassoon _ 1,Bassoon 1,119520,1200
233.6987923125,2.5862050000000067,56,40,Bassoon,Bassoon _ 1,Bassoon 1,120960,1200
236.80223831249998,10.20689200000001,52,40,Bassoon,Bassoon _ 1,Bassoon 1,122400,3360
0.0,2.677237645833333,52,30,Bassoon,Bassoon _ 1,Bassoon 1,1440,1435
2.6865659999999996,2.6772376458333342,52,30,Bassoon,Bassoon _ 1,Bassoon 1,2880,1435
5.373132,1.3339546458333338,52,30,Bassoon,Bassoon _ 1,Bassoon 1,4320,715
6.716415,1.3992531249999995,49,30,Bassoon,Bassoon _ 1,Bassoon 1,5040,750
8.059698,2.238805000000001,52,30,Bassoon,Bassoon _ 1,Bassoon 1,5760,1200
20.149244999999997,0.5037311250000016,63,70,Bassoon,Bassoon _ 1,Bassoon 1,12240,270
20.597006,0.5037311249999981,60,65,Bassoon,Bassoon _ 1,Bassoon 1,12480,270
21.044767,0.5037311249999981,58,60,Bassoon,Bassoon _ 1,Bassoon 1,12720,270
21.492528,2.6772376458333333,56,55,Bassoon,Bassoon _ 1,Bassoon 1,12960,1435
24.179094,2.6772376458333333,56,30,Bassoon,Bassoon _ 1,Bassoon 1,14400,1435
26.86566,1.3339546458333338,56,30,Bassoon,Bassoon _ 1,Bassoon 1,15840,715
28.208942999999998,1.3992531250000013,52,30,Bassoon,Bassoon _ 1,Bassoon 1,16560,750
29.552225999999997,2.2388049999999993,56,30,Bassoon,Bassoon _ 1,Bassoon 1,17280,1200
41.64177299999999,0.5037311250000016,66,70,Bassoon,Bassoon _ 1,Bassoon 1,23760,270
42.08953399999999,0.5037311250000016,63,65,Bassoon,Bassoon _ 1,Bassoon 1,24000,270
42.53729499999999,0.5037311250000016,61,60,Bassoon,Bassoon _ 1,Bassoon 1,24240,270
42.98505599999999,2.677237645833337,59,55,Bassoon,Bassoon _ 1,Bassoon 1,24480,1435
48.358188,1.3432829999999996,59,30,Bassoon,Bassoon _ 1,Bassoon 1,27360,720
51.044754,1.2873128749999978,59,55,Bassoon,Bassoon _ 1,Bassoon 1,28800,690
52.388037,1.484692937499986,59,67,Bassoon,Bassoon _ 1,Bassoon 1,29520,690
54.04318443749998,2.5178546249999982,40,60,Bassoon,Bassoon _ 1,Bassoon 1,30240,1410
56.614610437499984,2.5178546249999982,40,60,Bassoon,Bassoon _ 1,Bassoon 1,31680,1410
59.18603643749998,1.2321416250000041,40,60,Bassoon,Bassoon _ 1,Bassoon 1,33120,690
60.47174943749998,1.232141624999997,40,60,Bassoon,Bassoon _ 1,Bassoon 1,33840,690
61.75746243749998,1.232141624999997,42,60,Bassoon,Bassoon _ 1,Bassoon 1,34560,690
63.04317543749998,0.4821423749999951,49,70,Bassoon,Bassoon _ 1,Bassoon 1,35280,270
63.471746437499974,0.48214237500000934,45,70,Bassoon,Bassoon _ 1,Bassoon 1,35520,270
63.90031743749998,0.42857100000000514,44,70,Bassoon,Bassoon _ 1,Bassoon 1,35760,240
64.32888843749998,2.5178546249999982,42,70,Bassoon,Bassoon _ 1,Bassoon 1,36000,1410
66.90031443749999,2.5178546249999982,42,60,Bassoon,Bassoon _ 1,Bassoon 1,37440,1410
69.47174043749999,1.232141624999997,42,60,Bassoon,Bassoon _ 1,Bassoon 1,38880,690
70.75745343749998,1.232141624999997,42,60,Bassoon,Bassoon _ 1,Bassoon 1,39600,690
72.04316643749998,1.2321416250000112,44,60,Bassoon,Bassoon _ 1,Bassoon 1,40320,690
73.32887943749998,1.232141624999997,44,60,Bassoon,Bassoon _ 1,Bassoon 1,41040,690
74.61459243749998,1.232141624999997,45,60,Bassoon,Bassoon _ 1,Bassoon 1,41760,690
75.90030543749998,1.362396000000004,45,60,Bassoon,Bassoon _ 1,Bassoon 1,42480,690
75.90030543749998,1.362396000000004,85,60,Bassoon,Bassoon _ 1,Bassoon 1,42480,690
82.59796624999997,4.058851000000004,57,50,Bassoon,Bassoon _ 1,Bassoon 1,46080,2130
86.71450949999996,1.326921750000011,57,50,Bassoon,Bassoon _ 1,Bassoon 1,48240,690
89.48373749999996,1.326921750000011,57,50,Bassoon,Bassoon _ 1,Bassoon 1,49680,690
92.25296549999997,1.3269217499999968,57,50,Bassoon,Bassoon _ 1,Bassoon 1,51120,690
93.63757949999997,4.096149749999995,44,50,Bassoon,Bassoon _ 1,Bassoon 1,51840,2130
97.79142149999997,1.3269217499999968,43,50,Bassoon,Bassoon _ 1,Bassoon 1,54000,690
104.71449149999997,4.096149750000009,54,50,Bassoon,Bassoon _ 1,Bassoon 1,57600,2130
108.86833349999998,1.3269217499999968,54,50,Bassoon,Bassoon _ 1,Bassoon 1,59760,690
111.63756149999998,1.3269217499999968,54,50,Bassoon,Bassoon _ 1,Bassoon 1,61200,690
114.40678949999997,1.3269217499999968,54,50,Bassoon,Bassoon _ 1,Bassoon 1,62640,690
115.79140349999997,4.096149749999995,41,50,Bassoon,Bassoon _ 1,Bassoon 1,63360,2130
119.94524549999997,1.3269217499999968,40,65,Bassoon,Bassoon _ 1,Bassoon 1,65520,690
121.32985949999997,5.076918000000006,38,65,Bassoon,Bassoon _ 1,Bassoon 1,66240,2640
126.86831549999997,2.8269202500000006,62,50,Bassoon,Bassoon _ 1,Bassoon 1,69120,1470
129.63754349999996,2.8269202500000006,61,50,Bassoon,Bassoon _ 1,Bassoon 1,70560,1470
132.40677149999996,0.9230760000000089,60,50,Bassoon,Bassoon _ 1,Bassoon 1,72000,480
137.94522749999996,1.3269217499999968,53,50,Bassoon,Bassoon _ 1,Bassoon 1,74880,690
139.32984149999996,1.3269217499999968,53,50,Bassoon,Bassoon _ 1,Bassoon 1,75600,690
140.71445549999996,3.230766000000017,53,50,Bassoon,Bassoon _ 1,Bassoon 1,76320,1680
149.02213949999995,5.5384559999999965,35,50,Bassoon,Bassoon _ 1,Bassoon 1,80640,2880
154.56059549999995,1.4423062500000015,47,50,Bassoon,Bassoon _ 1,Bassoon 1,83520,750
155.94520949999995,1.4423062500000015,44,50,Bassoon,Bassoon _ 1,Bassoon 1,84240,750
157.32982349999997,2.307690000000008,47,50,Bassoon,Bassoon _ 1,Bassoon 1,84960,1200
160.09905149999997,1.4505097499999806,44,50,Bassoon,Bassoon _ 1,Bassoon 1,86400,750
161.49111974999997,0.9381155000000092,47,50,Bassoon,Bassoon _ 1,Bassoon 1,87120,480
162.90136624999997,1.48890499999996,44,50,Bassoon,Bassoon _ 1,Bassoon 1,87840,750
164.33027124999992,0.9632152500000188,47,50,Bassoon,Bassoon _ 1,Bassoon 1,88560,480
184.13046975,6.5454540000000065,56,50,Bassoon,Bassoon _ 1,Bassoon 1,97920,2880
197.22137775,3.2727270000000033,56,50,Bassoon,Bassoon _ 1,Bassoon 1,103680,1440
203.76683175,1.6363634999999874,56,40,Bassoon,Bassoon _ 1,Bassoon 1,106560,720
207.03955875,1.6363634999999874,56,30,Bassoon,Bassoon _ 1,Bassoon 1,108000,720
230.8416523125,2.3809499999999844,47,40,Bassoon,Bassoon _ 1,Bassoon 1,119520,1200
233.6987923125,2.5862050000000067,44,35,Bassoon,Bassoon _ 1,Bassoon 1,120960,1200
236.80223831249998,10.20689200000001,40,35,Bassoon,Bassoon _ 1,Bassoon 1,122400,3360
6.716415,1.7910439999999994,56,40,Horn in E,French Horn _ 1,French Horn,5040,960
28.208942999999998,1.7910439999999994,60,40,Horn in E,French Horn _ 1,French Horn,16560,960
54.04318443749998,2.5178546249999982,56,40,Horn in E,French Horn _ 1,French Horn,30240,1410
54.04318443749998,2.5178546249999982,64,40,Horn in E,French Horn _ 1,French Horn,30240,1410
56.614610437499984,2.5178546249999982,56,40,Horn in E,French Horn _ 1,French Horn,31680,1410
56.614610437499984,2.5178546249999982,64,40,Horn in E,French Horn _ 1,French Horn,31680,1410
59.18603643749998,1.2321416250000041,56,40,Horn in E,French Horn _ 1,French Horn,33120,690
59.18603643749998,1.2321416250000041,64,40,Horn in E,French Horn _ 1,French Horn,33120,690
60.47174943749998,1.232141624999997,56,40,Horn in E,French Horn _ 1,French Horn,33840,690
60.47174943749998,1.232141624999997,64,40,Horn in E,French Horn _ 1,French Horn,33840,690
61.75746243749998,1.7142839999999921,57,40,Horn in E,French Horn _ 1,French Horn,34560,960
61.75746243749998,1.7142839999999921,64,40,Horn in E,French Horn _ 1,French Horn,34560,960
64.32888843749998,2.5178546249999982,57,40,Horn in E,French Horn _ 1,French Horn,36000,1410
64.32888843749998,2.5178546249999982,64,40,Horn in E,French Horn _ 1,French Horn,36000,1410
66.90031443749999,2.5178546249999982,57,40,Horn in E,French Horn _ 1,French Horn,37440,1410
66.90031443749999,2.5178546249999982,64,40,Horn in E,French Horn _ 1,French Horn,37440,1410
69.47174043749999,1.232141624999997,57,40,Horn in E,French Horn _ 1,French Horn,38880,690
69.47174043749999,1.232141624999997,64,40,Horn in E,French Horn _ 1,French Horn,38880,690
70.75745343749998,1.232141624999997,57,40,Horn in E,French Horn _ 1,French Horn,39600,690
70.75745343749998,1.232141624999997,66,40,Horn in E,French Horn _ 1,French Horn,39600,690
72.04316643749998,1.2321416250000112,59,40,Horn in E,French Horn _ 1,French Horn,40320,690
72.04316643749998,1.2321416250000112,66,40,Horn in E,French Horn _ 1,French Horn,40320,690
73.32887943749998,1.232141624999997,59,40,Horn in E,French Horn _ 1,French Horn,41040,690
73.32887943749998,1.232141624999997,68,40,Horn in E,French Horn _ 1,French Horn,41040,690
74.61459243749998,1.232141624999997,61,40,Horn in E,French Horn _ 1,French Horn,41760,690
74.61459243749998,1.232141624999997,68,40,Horn in E,French Horn _ 1,French Horn,41760,690
75.90030543749998,1.362396000000004,61,40,Horn in E,French Horn _ 1,French Horn,42480,690
75.90030543749998,1.362396000000004,69,40,Horn in E,French Horn _ 1,French Horn,42480,690
77.33088324999999,4.371742749999996,60,40,Horn in E,French Horn _ 1,French Horn,43200,2400
77.33088324999999,4.371742749999996,63,40,Horn in E,French Horn _ 1,French Horn,43200,2400
88.09912349999996,1.3846139999999991,60,40,Horn in E,French Horn _ 1,French Horn,48960,720
88.09912349999996,1.3846139999999991,63,40,Horn in E,French Horn _ 1,French Horn,48960,720
90.86835149999997,1.3846139999999991,60,40,Horn in E,French Horn _ 1,French Horn,50400,720
90.86835149999997,1.3846139999999991,63,40,Horn in E,French Horn _ 1,French Horn,50400,720
93.63757949999997,4.096149749999995,60,40,Horn in E,French Horn _ 1,French Horn,51840,2130
93.63757949999997,4.096149749999995,63,40,Horn in E,French Horn _ 1,French Horn,51840,2130
97.79142149999997,1.3269217499999968,58,40,Horn in E,French Horn _ 1,French Horn,54000,690
97.79142149999997,1.3269217499999968,60,40,Horn in E,French Horn _ 1,French Horn,54000,690
99.17603549999997,4.788456749999995,57,55,Horn in E,French Horn _ 1,French Horn,54720,2490
99.17603549999997,4.788456749999995,60,55,Horn in E,French Horn _ 1,French Horn,54720,2490
110.25294749999998,1.3846139999999991,57,40,Horn in E,French Horn _ 1,French Horn,60480,720
110.25294749999998,1.3846139999999991,60,40,Horn in E,French Horn _ 1,French Horn,60480,720
113.02217549999997,1.3846139999999991,57,40,Horn in E,French Horn _ 1,French Horn,61920,720
113.02217549999997,1.3846139999999991,60,40,Horn in E,French Horn _ 1,French Horn,61920,720
115.79140349999997,4.096149749999995,57,40,Horn in E,French Horn _ 1,French Horn,63360,2130
115.79140349999997,4.096149749999995,60,40,Horn in E,French Horn _ 1,French Horn,63360,2130
119.94524549999997,1.3269217499999968,55,55,Horn in E,French Horn _ 1,French Horn,65520,690
119.94524549999997,1.3269217499999968,57,55,Horn in E,French Horn _ 1,French Horn,65520,690
121.32985949999997,6.461532000000005,54,55,Horn in E,French Horn _ 1,French Horn,66240,3360
121.32985949999997,6.461532000000005,57,55,Horn in E,French Horn _ 1,French Horn,66240,3360
149.02213949999995,1.8461520000000178,64,40,Horn in E,French Horn _ 1,French Horn,80640,960
149.02213949999995,1.8461520000000178,68,40,Horn in E,French Horn _ 1,French Horn,80640,960
151.79136749999995,1.8461520000000178,64,40,Horn in E,French Horn _ 1,French Horn,82080,960
151.79136749999995,1.8461520000000178,68,40,Horn in E,French Horn _ 1,French Horn,82080,960
154.56059549999995,1.3269217500000252,52,40,Horn in E,French Horn _ 1,French Horn,83520,690
154.56059549999995,1.3269217500000252,56,40,Horn in E,French Horn _ 1,French Horn,83520,690
155.94520949999995,1.3269217500000252,52,40,Horn in E,French Horn _ 1,French Horn,84240,690
155.94520949999995,1.3269217500000252,56,40,Horn in E,French Horn _ 1,French Horn,84240,690
157.32982349999997,2.307690000000008,52,40,Horn in E,French Horn _ 1,French Horn,84960,1200
157.32982349999997,2.307690000000008,56,40,Horn in E,French Horn _ 1,French Horn,84960,1200
160.09905149999997,2.3301837500000033,52,40,Horn in E,French Horn _ 1,French Horn,86400,1200
160.09905149999997,2.3301837500000033,56,40,Horn in E,French Horn _ 1,French Horn,86400,1200
162.90136624999997,2.3921202499999765,52,40,Horn in E,French Horn _ 1,French Horn,87840,1200
162.90136624999997,2.3921202499999765,56,40,Horn in E,French Horn _ 1,French Horn,87840,1200
165.77833474999994,2.4574395000000493,52,40,Horn in E,French Horn _ 1,French Horn,89280,1200
165.77833474999994,2.4574395000000493,56,40,Horn in E,French Horn _ 1,French Horn,89280,1200
184.13046975,0.6136363125000059,64,55,Horn in E,French Horn _ 1,French Horn,97920,270
184.13046975,0.6136363125000059,68,55,Horn in E,French Horn _ 1,French Horn,97920,270
184.67592425,0.6136363124999775,59,50,Horn in E,French Horn _ 1,French Horn,98160,270
184.67592425,0.6136363124999775,66,50,Horn in E,French Horn _ 1,French Horn,98160,270
185.22137874999999,0.27272725000000264,64,50,Horn in E,French Horn _ 1,French Horn,98400,120
185.22137874999999,0.27272725000000264,68,50,Horn in E,French Horn _ 1,French Horn,98400,120
185.76683325,0.6136363125000059,64,55,Horn in E,French Horn _ 1,French Horn,98640,270
185.76683325,0.6136363125000059,68,55,Horn in E,French Horn _ 1,French Horn,98640,270
186.31228775,0.6136363125000059,59,50,Horn in E,French Horn _ 1,French Horn,98880,270
186.31228775,0.6136363125000059,66,50,Horn in E,French Horn _ 1,French Horn,98880,270
186.85774225,0.27272725000000264,64,50,Horn in E,French Horn _ 1,French Horn,99120,120
186.85774225,0.27272725000000264,68,50,Horn in E,French Horn _ 1,French Horn,99120,120
187.40319675,0.6136363124999775,64,55,Horn in E,French Horn _ 1,French Horn,99360,270
187.40319675,0.6136363124999775,68,55,Horn in E,French Horn _ 1,French Horn,99360,270
187.94865124999998,0.6136363125000059,59,50,Horn in E,French Horn _ 1,French Horn,99600,270
187.94865124999998,0.6136363125000059,66,50,Horn in E,French Horn _ 1,French Horn,99600,270
188.49410575,0.27272725000000264,64,50,Horn in E,French Horn _ 1,French Horn,99840,120
188.49410575,0.27272725000000264,68,50,Horn in E,French Horn _ 1,French Horn,99840,120
189.03956025,0.6136363125000059,64,55,Horn in E,French Horn _ 1,French Horn,100080,270
189.03956025,0.6136363125000059,68,55,Horn in E,French Horn _ 1,French Horn,100080,270
189.58501475,0.6136363125000059,59,50,Horn in E,French Horn _ 1,French Horn,100320,270
189.58501475,0.6136363125000059,66,50,Horn in E,French Horn _ 1,French Horn,100320,270
190.13046925,0.27272725000000264,64,50,Horn in E,French Horn _ 1,French Horn,100560,120
190.13046925,0.27272725000000264,68,50,Horn in E,French Horn _ 1,French Horn,100560,120
197.22137775,0.6136363125000059,64,55,Horn in E,French Horn _ 1,French Horn,103680,270
197.22137775,0.6136363125000059,68,55,Horn in E,French Horn _ 1,French Horn,103680,270
197.76683225,0.6136363125000059,59,50,Horn in E,French Horn _ 1,French Horn,103920,270
197.76683225,0.6136363125000059,66,50,Horn in E,French Horn _ 1,French Horn,103920,270
198.31228675,0.27272725000000264,64,50,Horn in E,French Horn _ 1,French Horn,104160,120
198.31228675,0.27272725000000264,68,50,Horn in E,French Horn _ 1,French Horn,104160,120
198.85774125,0.6136363125000059,64,55,Horn in E,French Horn _ 1,French Horn,104400,270
198.85774125,0.6136363125000059,68,55,Horn in E,French Horn _ 1,French Horn,104400,270
199.40319575,0.6136363124999775,59,50,Horn in E,French Horn _ 1,French Horn,104640,270
199.40319575,0.6136363124999775,66,50,Horn in E,French Horn _ 1,French Horn,104640,270
199.94865025,0.27272725000000264,64,50,Horn in E,French Horn _ 1,French Horn,104880,120
199.94865025,0.27272725000000264,68,50,Horn in E,French Horn _ 1,French Horn,104880,120
203.76683175,0.6136363125000059,64,45,Horn in E,French Horn _ 1,French Horn,106560,270
203.76683175,0.6136363125000059,68,45,Horn in E,French Horn _ 1,French Horn,106560,270
204.31228625,0.6136363125000059,59,40,Horn in E,French Horn _ 1,French Horn,106800,270
204.31228625,0.6136363125000059,66,40,Horn in E,French Horn _ 1,French Horn,106800,270
204.85774075,0.27272725000000264,64,40,Horn in E,French Horn _ 1,French Horn,107040,120
204.85774075,0.27272725000000264,68,40,Horn in E,French Horn _ 1,French Horn,107040,120
207.03955875,0.6136363125000059,64,35,Horn in E,French Horn _ 1,French Horn,108000,270
207.03955875,0.6136363125000059,68,35,Horn in E,French Horn _ 1,French Horn,108000,270
207.58501325,0.6136363125000059,59,30,Horn in E,French Horn _ 1,French Horn,108240,270
207.58501325,0.6136363125000059,66,30,Horn in E,French Horn _ 1,French Horn,108240,270
208.13046775,0.27272725000000264,64,30,Horn in E,French Horn _ 1,French Horn,108480,120
208.13046775,0.27272725000000264,68,30,Horn in E,French Horn _ 1,French Horn,108480,120
213.2416663125,2.517854624999984,59,40,Horn in E,French Horn _ 1,French Horn,110880,1410
213.2416663125,2.517854624999984,63,40,Horn in E,French Horn _ 1,French Horn,110880,1410
215.8130923125,1.7249999999999943,59,45,Horn in E,French Horn _ 1,French Horn,112320,690
215.8130923125,1.7249999999999943,63,45,Horn in E,French Horn _ 1,French Horn,112320,690
217.61309231250002,1.7249999999999943,59,50,Horn in E,French Horn _ 1,French Horn,113040,690
217.61309231250002,1.7249999999999943,64,50,Horn in E,French Horn _ 1,French Horn,113040,690
230.8416523125,2.3809499999999844,56,40,Horn in E,French Horn _ 1,French Horn,119520,1200
233.6987923125,2.5862050000000067,52,35,Horn in E,French Horn _ 1,French Horn,120960,1200
233.6987923125,2.5862050000000067,56,35,Horn in E,French Horn _ 1,French Horn,120960,1200
236.80223831249998,10.20689200000001,52,35,Horn in E,French Horn _ 1,French Horn,122400,3360
236.80223831249998,10.20689200000001,56,35,Horn in E,French Horn _ 1,French Horn,122400,3360
52.388037,1.484692937499986,47,60,Horn in E,French Horn _ 1,French Horn,29520,690
52.388037,1.484692937499986,59,60,Horn in E,French Horn _ 1,French Horn,29520,690
54.04318443749998,2.5178546249999982,47,40,Horn in E,French Horn _ 1,French Horn,30240,1410
54.04318443749998,2.5178546249999982,59,40,Horn in E,French Horn _ 1,French Horn,30240,1410
56.614610437499984,2.5178546249999982,47,40,Horn in E,French Horn _ 1,French Horn,31680,1410
56.614610437499984,2.5178546249999982,59,40,Horn in E,French Horn _ 1,French Horn,31680,1410
59.18603643749998,1.2321416250000041,47,40,Horn in E,French Horn _ 1,French Horn,33120,690
59.18603643749998,1.2321416250000041,59,40,Horn in E,French Horn _ 1,French Horn,33120,690
60.47174943749998,1.232141624999997,49,40,Horn in E,French Horn _ 1,French Horn,33840,690
60.47174943749998,1.232141624999997,61,40,Horn in E,French Horn _ 1,French Horn,33840,690
61.75746243749998,1.7142839999999921,49,40,Horn in E,French Horn _ 1,French Horn,34560,960
61.75746243749998,1.7142839999999921,61,40,Horn in E,French Horn _ 1,French Horn,34560,960
64.32888843749998,2.5178546249999982,49,40,Horn in E,French Horn _ 1,French Horn,36000,1410
64.32888843749998,2.5178546249999982,61,40,Horn in E,French Horn _ 1,French Horn,36000,1410
66.90031443749999,2.5178546249999982,49,40,Horn in E,French Horn _ 1,French Horn,37440,1410
66.90031443749999,2.5178546249999982,61,40,Horn in E,French Horn _ 1,French Horn,37440,1410
69.47174043749999,1.232141624999997,49,40,Horn in E,French Horn _ 1,French Horn,38880,690
69.47174043749999,1.232141624999997,61,40,Horn in E,French Horn _ 1,French Horn,38880,690
70.75745343749998,1.232141624999997,51,40,Horn in E,French Horn _ 1,French Horn,39600,690
70.75745343749998,1.232141624999997,63,40,Horn in E,French Horn _ 1,French Horn,39600,690
72.04316643749998,1.2321416250000112,51,40,Horn in E,French Horn _ 1,French Horn,40320,690
72.04316643749998,1.2321416250000112,63,40,Horn in E,French Horn _ 1,French Horn,40320,690
73.32887943749998,1.232141624999997,52,40,Horn in E,French Horn _ 1,French Horn,41040,690
73.32887943749998,1.232141624999997,64,40,Horn in E,French Horn _ 1,French Horn,41040,690
74.61459243749998,1.232141624999997,52,40,Horn in E,French Horn _ 1,French Horn,41760,690
74.61459243749998,1.232141624999997,64,40,Horn in E,French Horn _ 1,French Horn,41760,690
75.90030543749998,1.362396000000004,54,40,Horn in E,French Horn _ 1,French Horn,42480,690
75.90030543749998,1.362396000000004,66,40,Horn in E,French Horn _ 1,French Horn,42480,690
77.33088324999999,4.371742749999996,51,40,Horn in E,French Horn _ 1,French Horn,43200,2400
77.33088324999999,4.371742749999996,56,40,Horn in E,French Horn _ 1,French Horn,43200,2400
88.09912349999996,1.3846139999999991,51,40,Horn in E,French Horn _ 1,French Horn,48960,720
88.09912349999996,1.3846139999999991,56,40,Horn in E,French Horn _ 1,French Horn,48960,720
90.86835149999997,1.3846139999999991,51,40,Horn in E,French Horn _ 1,French Horn,50400,720
90.86835149999997,1.3846139999999991,56,40,Horn in E,French Horn _ 1,French Horn,50400,720
93.63757949999997,4.096149749999995,51,40,Horn in E,French Horn _ 1,French Horn,51840,2130
93.63757949999997,4.096149749999995,56,40,Horn in E,French Horn _ 1,French Horn,51840,2130
97.79142149999997,1.3269217499999968,52,40,Horn in E,French Horn _ 1,French Horn,54000,690
99.17603549999997,4.788456749999995,48,55,Horn in E,French Horn _ 1,French Horn,54720,2490
99.17603549999997,4.788456749999995,53,55,Horn in E,French Horn _ 1,French Horn,54720,2490
110.25294749999998,1.3846139999999991,48,40,Horn in E,French Horn _ 1,French Horn,60480,720
110.25294749999998,1.3846139999999991,53,40,Horn in E,French Horn _ 1,French Horn,60480,720
113.02217549999997,1.3846139999999991,48,40,Horn in E,French Horn _ 1,French Horn,61920,720
113.02217549999997,1.3846139999999991,53,40,Horn in E,French Horn _ 1,French Horn,61920,720
115.79140349999997,4.096149749999995,48,40,Horn in E,French Horn _ 1,French Horn,63360,2130
115.79140349999997,4.096149749999995,53,40,Horn in E,French Horn _ 1,French Horn,63360,2130
119.94524549999997,1.3269217499999968,49,55,Horn in E,French Horn _ 1,French Horn,65520,690
121.32985949999997,6.461532000000005,45,55,Horn in E,French Horn _ 1,French Horn,66240,3360
121.32985949999997,6.461532000000005,50,55,Horn in E,French Horn _ 1,French Horn,66240,3360
132.40677149999996,0.519230250000021,60,85,Horn in E,French Horn _ 1,French Horn,72000,270
132.86830949999998,0.4038457499999879,57,85,Horn in E,French Horn _ 1,French Horn,72240,210
133.32984749999997,0.4038457499999879,55,85,Horn in E,French Horn _ 1,French Horn,72480,210
133.79138549999996,0.519230250000021,53,85,Horn in E,French Horn _ 1,French Horn,72720,270
134.25292349999998,0.4038457499999879,55,85,Horn in E,French Horn _ 1,French Horn,72960,210
134.71446149999997,0.4038457499999879,57,85,Horn in E,French Horn _ 1,French Horn,73200,210
135.17599949999996,0.519230250000021,60,85,Horn in E,French Horn _ 1,French Horn,73440,270
135.63753749999998,0.4038457499999879,57,85,Horn in E,French Horn _ 1,French Horn,73680,210
136.09907549999997,0.4038457499999879,55,85,Horn in E,French Horn _ 1,French Horn,73920,210
136.56061349999996,0.519230250000021,53,85,Horn in E,French Horn _ 1,French Horn,74160,270
137.02215149999998,0.28846124999998324,55,85,Horn in E,French Horn _ 1,French Horn,74400,150
137.25292049999996,0.28846125000001166,57,85,Horn in E,French Horn _ 1,French Horn,74520,150
137.48368949999997,0.28846124999998324,55,85,Horn in E,French Horn _ 1,French Horn,74640,150
137.71445849999998,0.17307674999997857,57,85,Horn in E,French Horn _ 1,French Horn,74760,90
137.94522749999996,0.519230250000021,60,85,Horn in E,French Horn _ 1,French Horn,74880,270
138.40676549999998,0.4038457499999879,57,85,Horn in E,French Horn _ 1,French Horn,75120,210
138.86830349999997,0.4038457499999879,60,85,Horn in E,French Horn _ 1,French Horn,75360,210
139.32984149999996,0.519230250000021,62,85,Horn in E,French Horn _ 1,French Horn,75600,270
139.79137949999998,0.4038457499999879,57,85,Horn in E,French Horn _ 1,French Horn,75840,210
140.25291749999997,0.4038457499999879,62,85,Horn in E,French Horn _ 1,French Horn,76080,210
140.71445549999996,3.230766000000017,60,85,Horn in E,French Horn _ 1,French Horn,76320,1680
149.02213949999995,1.8461520000000178,47,40,Horn in E,French Horn _ 1,French Horn,80640,960
149.02213949999995,1.8461520000000178,59,40,Horn in E,French Horn _ 1,French Horn,80640,960
151.79136749999995,1.8461520000000178,47,40,Horn in E,French Horn _ 1,French Horn,82080,960
151.79136749999995,1.8461520000000178,59,40,Horn in E,French Horn _ 1,French Horn,82080,960
154.56059549999995,1.3269217500000252,59,40,Horn in E,French Horn _ 1,French Horn,83520,690
155.94520949999995,1.3269217500000252,61,40,Horn in E,French Horn _ 1,French Horn,84240,690
157.32982349999997,2.307690000000008,59,40,Horn in E,French Horn _ 1,French Horn,84960,1200
160.09905149999997,1.4505097499999806,61,40,Horn in E,French Horn _ 1,French Horn,86400,750
161.49111974999997,0.9381155000000092,59,40,Horn in E,French Horn _ 1,French Horn,87120,480
162.90136624999997,1.48890499999996,61,40,Horn in E,French Horn _ 1,French Horn,87840,750
164.33027124999992,0.9632152500000188,59,40,Horn in E,French Horn _ 1,French Horn,88560,480
165.77833474999994,2.8937872500000594,61,40,Horn in E,French Horn _ 1,French Horn,89280,1410
168.734622,1.375,56,60,Horn in E,French Horn _ 1,French Horn,90720,660
170.234622,1.375,61,60,Horn in E,French Horn _ 1,French Horn,91440,660
171.734622,0.875,59,60,Horn in E,French Horn _ 1,French Horn,92160,420
184.13046975,6.5454540000000065,28,40,Horn in E,French Horn _ 1,French Horn,97920,2880
184.13046975,6.5454540000000065,35,40,Horn in E,French Horn _ 1,French Horn,97920,2880
197.22137775,3.2727270000000033,28,40,Horn in E,French Horn _ 1,French Horn,103680,1440
197.22137775,3.2727270000000033,35,40,Horn in E,French Horn _ 1,French Horn,103680,1440
203.76683175,1.6363634999999874,28,40,Horn in E,French Horn _ 1,French Horn,106560,720
203.76683175,1.6363634999999874,35,40,Horn in E,French Horn _ 1,French Horn,106560,720
207.03955875,1.6363634999999874,28,40,Horn in E,French Horn _ 1,French Horn,108000,720
207.03955875,1.6363634999999874,35,40,Horn in E,French Horn _ 1,French Horn,108000,720
213.2416663125,2.517854624999984,54,40,Horn in E,French Horn _ 1,French Horn,110880,1410
213.2416663125,2.517854624999984,57,40,Horn in E,French Horn _ 1,French Horn,110880,1410
215.8130923125,1.7249999999999943,54,45,Horn in E,French Horn _ 1,French Horn,112320,690
215.8130923125,1.7249999999999943,57,45,Horn in E,French Horn _ 1,French Horn,112320,690
217.61309231250002,1.7249999999999943,54,50,Horn in E,French Horn _ 1,French Horn,113040,690
217.61309231250002,1.7249999999999943,57,50,Horn in E,French Horn _ 1,French Horn,113040,690
225.1273723125,1.3690462499999967,59,40,Horn in E,French Horn _ 1,French Horn,116640,690
226.5559423125,1.4880937499999902,61,40,Horn in E,French Horn _ 1,French Horn,117360,750
227.9845123125,1.3690462500000251,59,40,Horn in E,French Horn _ 1,French Horn,118080,690
229.4130823125,1.4880937500000186,61,40,Horn in E,French Horn _ 1,French Horn,118800,750
230.8416523125,1.3690462499999967,59,40,Horn in E,French Horn _ 1,French Horn,119520,690
236.80223831249998,10.20689200000001,47,35,Horn in E,French Horn _ 1,French Horn,122400,3360
236.80223831249998,10.20689200000001,59,35,Horn in E,French Horn _ 1,French Horn,122400,3360
77.33088324999999,3.7050749999999937,68,90,Trumpet in E,Trumpet _ 1,Trumpet,43200,2040
88.09912349999996,1.5576907500000061,68,90,Trumpet in E,Trumpet _ 1,Trumpet,48960,810
90.86835149999997,1.557690749999992,68,90,Trumpet in E,Trumpet _ 1,Trumpet,50400,810
97.79142149999997,1.3269217499999968,72,90,Trumpet in E,Trumpet _ 1,Trumpet,54000,690
99.17603549999997,4.326918750000004,65,75,Trumpet in E,Trumpet _ 1,Trumpet,54720,2250
99.17603549999997,4.326918750000004,77,75,Trumpet in E,Trumpet _ 1,Trumpet,54720,2250
110.25294749999998,1.3846139999999991,65,70,Trumpet in E,Trumpet _ 1,Trumpet,60480,720
110.25294749999998,1.3846139999999991,77,70,Trumpet in E,Trumpet _ 1,Trumpet,60480,720
113.02217549999997,1.3846139999999991,65,70,Trumpet in E,Trumpet _ 1,Trumpet,61920,720
113.02217549999997,1.3846139999999991,77,70,Trumpet in E,Trumpet _ 1,Trumpet,61920,720
119.94524549999997,1.3269217499999968,69,127,Trumpet in E,Trumpet _ 1,Trumpet,65520,690
121.32985949999997,6.461532000000005,62,127,Trumpet in E,Trumpet _ 1,Trumpet,66240,3360
121.32985949999997,6.461532000000005,74,127,Trumpet in E,Trumpet _ 1,Trumpet,66240,3360
236.80223831249998,10.20689200000001,64,40,Trumpet in E,Trumpet _ 1,Trumpet,122400,3360
51.03915698749999,0.07462683333333331,47,20,Timpani,Timpani _ 1,Timpani,28797,40
51.123112174999996,0.07462683333333331,47,22,Timpani,Timpani _ 1,Timpani,28842,40
51.20893303333333,0.07462683333333331,47,24,Timpani,Timpani _ 1,Timpani,28888,40
51.291022549999994,0.07462683333333331,47,26,Timpani,Timpani _ 1,Timpani,28932,40
51.373112066666664,0.07462683333333331,47,28,Timpani,Timpani _ 1,Timpani,28976,40
51.45706725416666,0.07462683333333331,47,30,Timpani,Timpani _ 1,Timpani,29021,40
51.542888112499995,0.07462683333333331,47,32,Timpani,Timpani _ 1,Timpani,29067,40
51.62870897083333,0.07462683333333331,47,34,Timpani,Timpani _ 1,Timpani,29113,40
51.71266415833333,0.07462683333333331,47,36,Timpani,Timpani _ 1,Timpani,29158,40
51.79661934583333,0.07462683333333331,47,38,Timpani,Timpani _ 1,Timpani,29203,40
51.88057453333333,0.07462683333333331,47,41,Timpani,Timpani _ 1,Timpani,29248,40
51.962664049999994,0.07462683333333331,47,43,Timpani,Timpani _ 1,Timpani,29292,40
52.046619237499996,0.07462683333333331,47,45,Timpani,Timpani _ 1,Timpani,29337,40
52.13244009583333,0.07462683333333331,47,47,Timpani,Timpani _ 1,Timpani,29383,40
52.21639528333333,0.07462683333333331,47,49,Timpani,Timpani _ 1,Timpani,29428,40
52.30035047083333,0.07462683333333331,47,51,Timpani,Timpani _ 1,Timpani,29473,40
52.38243998749999,0.07477920000000893,47,53,Timpani,Timpani _ 1,Timpani,29517,40
52.466656375,0.07598768750000318,47,55,Timpani,Timpani _ 1,Timpani,29562,40
52.554102375,0.07744265416665996,47,57,Timpani,Timpani _ 1,Timpani,29608,40
52.63741273541666,0.0787387708333398,47,59,Timpani,Timpani _ 1,Timpani,29651,40
52.73001038333333,0.08032693750000419,47,62,Timpani,Timpani _ 1,Timpani,29698,40
52.82048490416666,0.08177377916666728,47,64,Timpani,Timpani _ 1,Timpani,29743,40
52.91253520416666,0.08343436666666548,47,66,Timpani,Timpani _ 1,Timpani,29788,40
53.00651402916666,0.0849964562499963,47,68,Timpani,Timpani _ 1,Timpani,29833,40
53.097920741666655,0.08667594583332772,47,70,Timpani,Timpani _ 1,Timpani,29876,40
53.19776506249998,0.08845324583332825,47,72,Timpani,Timpani _ 1,Timpani,29922,40
53.29734288124998,0.0903680687499957,47,74,Timpani,Timpani _ 1,Timpani,29967,40
53.40143804999998,0.09226887916666016,47,76,Timpani,Timpani _ 1,Timpani,30013,40
53.50531028333331,0.09438857916666876,47,78,Timpani,Timpani _ 1,Timpani,30058,40
53.61164498749998,0.09639278333333579,47,81,Timpani,Timpani _ 1,Timpani,30103,40
53.715312895833314,0.09833029166667018,47,83,Timpani,Timpani _ 1,Timpani,30146,40
54.026138987499984,0.8688303124999948,52,90,Timpani,Timpani _ 1,Timpani,30237,480
149.01637027499996,0.0673076250000122,47,20,Timpani,Timpani _ 1,Timpani,80637,35
149.09329327499998,0.06730762499998377,47,20,Timpani,Timpani _ 1,Timpani,80677,35
149.17021627499997,0.06730762499998377,47,21,Timpani,Timpani _ 1,Timpani,80717,35
149.24713927499997,0.0673076250000122,47,21,Timpani,Timpani _ 1,Timpani,80757,35
149.32598534999997,0.0673076250000122,47,20,Timpani,Timpani _ 1,Timpani,80798,35
149.40098527499995,0.0673076250000122,47,21,Timpani,Timpani _ 1,Timpani,80837,35
149.47983134999996,0.0673076250000122,47,19,Timpani,Timpani _ 1,Timpani,80878,35
149.55675434999998,0.0673076250000122,47,21,Timpani,Timpani _ 1,Timpani,80918,35
149.63175427499996,0.0673076250000122,47,20,Timpani,Timpani _ 1,Timpani,80957,35
149.70867727499999,0.06730762499998377,47,21,Timpani,Timpani _ 1,Timpani,80997,35
149.78367719999997,0.0673076250000122,47,20,Timpani,Timpani _ 1,Timpani,81036,35
149.86252327499997,0.0673076250000122,47,20,Timpani,Timpani _ 1,Timpani,81077,35
149.94136934999997,0.0673076250000122,47,19,Timpani,Timpani _ 1,Timpani,81118,35
150.01829234999997,0.06730762499998377,47,20,Timpani,Timpani _ 1,Timpani,81158,35
150.09329227499998,0.06730762499998377,47,20,Timpani,Timpani _ 1,Timpani,81197,35
150.17021527499998,0.06730762499998377,47,20,Timpani,Timpani _ 1,Timpani,81237,35
150.24906134999995,0.0673076250000122,47,20,Timpani,Timpani _ 1,Timpani,81278,35
150.32406127499996,0.0673076250000122,47,20,Timpani,Timpani _ 1,Timpani,81317,35
150.40290734999996,0.06730762499998377,47,19,Timpani,Timpani _ 1,Timpani,81358,35
150.47790727499998,0.06730762499998377,47,19,Timpani,Timpani _ 1,Timpani,81397,35
150.55483027499997,0.06730762499998377,47,19,Timpani,Timpani _ 1,Timpani,81437,35
150.63367634999997,0.06730762499998377,47,19,Timpani,Timpani _ 1,Timpani,81478,35
150.71059934999997,0.0673076250000122,47,20,Timpani,Timpani _ 1,Timpani,81518,35
150.78752235,0.06730762499998377,47,19,Timpani,Timpani _ 1,Timpani,81558,35
150.86059919999997,0.06730762499998377,47,20,Timpani,Timpani _ 1,Timpani,81596,35
150.93944527499997,0.06730762499998377,47,21,Timpani,Timpani _ 1,Timpani,81637,35
151.01829134999997,0.06730762499998377,47,20,Timpani,Timpani _ 1,Timpani,81678,35
151.09136819999995,0.0673076250000122,47,20,Timpani,Timpani _ 1,Timpani,81716,35
151.17213734999999,0.06730762499998377,47,20,Timpani,Timpani _ 1,Timpani,81758,35
151.24713727499997,0.0673076250000122,47,20,Timpani,Timpani _ 1,Timpani,81797,35
151.32406027499997,0.06730762499998377,47,21,Timpani,Timpani _ 1,Timpani,81837,35
151.40290634999997,0.06730762499998377,47,21,Timpani,Timpani _ 1,Timpani,81878,35
151.47982934999996,0.0673076250000122,47,20,Timpani,Timpani _ 1,Timpani,81918,35
151.55675234999998,0.06730762499998377,47,21,Timpani,Timpani _ 1,Timpani,81958,35
151.63175227499997,0.0673076250000122,47,20,Timpani,Timpani _ 1,Timpani,81997,35
151.70675219999995,0.0673076250000122,47,21,Timpani,Timpani _ 1,Timpani,82036,35
151.78752134999996,0.0673076250000122,47,20,Timpani,Timpani _ 1,Timpani,82078,35
151.86444434999996,0.0673076250000122,47,19,Timpani,Timpani _ 1,Timpani,82118,35
151.93944427499997,0.06730762499998377,47,21,Timpani,Timpani _ 1,Timpani,82157,35
152.01444419999999,0.06730762499998377,47,21,Timpani,Timpani _ 1,Timpani,82196,35
152.093290275,0.06730762499998377,47,19,Timpani,Timpani _ 1,Timpani,82237,35
152.17213635,0.06730762499998377,47,19,Timpani,Timpani _ 1,Timpani,82278,35
152.24905934999995,0.0673076250000122,47,20,Timpani,Timpani _ 1,Timpani,82318,35
152.32598234999998,0.0673076250000122,47,21,Timpani,Timpani _ 1,Timpani,82358,35
152.40290534999997,0.06730762499998377,47,20,Timpani,Timpani _ 1,Timpani,82398,35
152.47790527499998,0.06730762499998377,47,19,Timpani,Timpani _ 1,Timpani,82437,35
152.55675134999998,0.06730762499998377,47,21,Timpani,Timpani _ 1,Timpani,82478,35
152.63175127499997,0.0673076250000122,47,20,Timpani,Timpani _ 1,Timpani,82517,35
152.70867427499996,0.06730762499998377,47,20,Timpani,Timpani _ 1,Timpani,82557,35
152.78559727499996,0.0673076250000122,47,21,Timpani,Timpani _ 1,Timpani,82597,35
152.86059719999997,0.06730762499998377,47,21,Timpani,Timpani _ 1,Timpani,82636,35
152.93944327499997,0.06730762499998377,47,20,Timpani,Timpani _ 1,Timpani,82677,35
153.01828934999998,0.06730762499998377,47,20,Timpani,Timpani _ 1,Timpani,82718,35
153.09521234999997,0.0673076250000122,47,20,Timpani,Timpani _ 1,Timpani,82758,35
153.17021227499995,0.0673076250000122,47,19,Timpani,Timpani _ 1,Timpani,82797,35
153.24905834999996,0.0673076250000122,47,21,Timpani,Timpani _ 1,Timpani,82838,35
153.32405827499997,0.06730762499998377,47,19,Timpani,Timpani _ 1,Timpani,82877,35
153.40098127499996,0.0673076250000122,47,20,Timpani,Timpani _ 1,Timpani,82917,35
153.47598119999995,0.0673076250000122,47,20,Timpani,Timpani _ 1,Timpani,82956,35
153.55290419999997,0.0673076250000122,47,20,Timpani,Timpani _ 1,Timpani,82996,35
153.62982719999997,0.06730762499998377,47,20,Timpani,Timpani _ 1,Timpani,83036,35
153.70675019999996,0.0673076250000122,47,19,Timpani,Timpani _ 1,Timpani,83076,35
153.78559627499996,0.0673076250000122,47,19,Timpani,Timpani _ 1,Timpani,83117,35
153.86444234999996,0.0673076250000122,47,20,Timpani,Timpani _ 1,Timpani,83158,35
153.93944227499995,0.0673076250000122,47,19,Timpani,Timpani _ 1,Timpani,83197,35
154.01636527499997,0.0673076250000122,47,20,Timpani,Timpani _ 1,Timpani,83237,35
154.09328827499996,0.0673076250000122,47,20,Timpani,Timpani _ 1,Timpani,83277,35
154.16828819999998,0.06730762499998377,47,20,Timpani,Timpani _ 1,Timpani,83316,35
154.24905734999996,0.0673076250000122,47,20,Timpani,Timpani _ 1,Timpani,83358,35
154.32405727499997,0.06730762499998377,47,21,Timpani,Timpani _ 1,Timpani,83397,35
154.40290334999997,0.06730762499998377,47,19,Timpani,Timpani _ 1,Timpani,83438,35
154.47598019999995,0.0673076250000122,47,20,Timpani,Timpani _ 1,Timpani,83476,35
154.55482627499995,0.0673076250000122,47,19,Timpani,Timpani _ 1,Timpani,83517,35
154.63367234999996,0.0673076250000122,47,19,Timpani,Timpani _ 1,Timpani,83558,35
154.71059534999998,0.0673076250000122,47,20,Timpani,Timpani _ 1,Timpani,83598,35
154.78559527499996,0.0673076250000122,47,20,Timpani,Timpani _ 1,Timpani,83637,35
154.86444134999996,0.0673076250000122,47,20,Timpani,Timpani _ 1,Timpani,83678,35
154.94136435,0.06730762499998377,47,21,Timpani,Timpani _ 1,Timpani,83718,35
155.01636427499997,0.0673076250000122,47,21,Timpani,Timpani _ 1,Timpani,83757,35
155.09328727499997,0.06730762499998377,47,20,Timpani,Timpani _ 1,Timpani,83797,35
155.17021027499996,0.0673076250000122,47,20,Timpani,Timpani _ 1,Timpani,83837,35
155.24713327499998,0.06730762499998377,47,20,Timpani,Timpani _ 1,Timpani,83877,35
155.32405627499998,0.06730762499998377,47,20,Timpani,Timpani _ 1,Timpani,83917,35
155.40290234999995,0.0673076250000122,47,21,Timpani,Timpani _ 1,Timpani,83958,35
157.32597735,0.06730762499998377,47,24,Timpani,Timpani _ 1,Timpani,84958,35
157.39905419999997,0.06730762499998377,47,25,Timpani,Timpani _ 1,Timpani,84996,35
157.47790027499997,0.06730762499998377,47,25,Timpani,Timpani _ 1,Timpani,85037,35
157.55674634999997,0.06730762499998377,47,25,Timpani,Timpani _ 1,Timpani,85078,35
157.63366934999996,0.0673076250000122,47,25,Timpani,Timpani _ 1,Timpani,85118,35
157.71059234999998,0.06730762499998377,47,25,Timpani,Timpani _ 1,Timpani,85158,35
157.78559227499997,0.0673076250000122,47,26,Timpani,Timpani _ 1,Timpani,85197,35
157.86443834999997,0.0673076250000122,47,26,Timpani,Timpani _ 1,Timpani,85238,35
157.93943827499996,0.0673076250000122,47,26,Timpani,Timpani _ 1,Timpani,85277,35
158.01636127499998,0.06730762499998377,47,26,Timpani,Timpani _ 1,Timpani,85317,35
158.09520734999998,0.06730762499998377,47,25,Timpani,Timpani _ 1,Timpani,85358,35
158.17213034999997,0.06730762499998377,47,25,Timpani,Timpani _ 1,Timpani,85398,35
158.24905334999997,0.0673076250000122,47,24,Timpani,Timpani _ 1,Timpani,85438,35
158.32405327499995,0.0673076250000122,47,24,Timpani,Timpani _ 1,Timpani,85477,35
158.40097627499998,0.0673076250000122,47,25,Timpani,Timpani _ 1,Timpani,85517,35
158.47982234999998,0.06730762499998377,47,25,Timpani,Timpani _ 1,Timpani,85558,35
158.55482227499996,0.0673076250000122,47,24,Timpani,Timpani _ 1,Timpani,85597,35
158.631745275,0.06730762499998377,47,26,Timpani,Timpani _ 1,Timpani,85637,35
158.70866827499995,0.0673076250000122,47,25,Timpani,Timpani _ 1,Timpani,85677,35
158.78366819999997,0.06730762499998377,47,26,Timpani,Timpani _ 1,Timpani,85716,35
158.86251427499997,0.06730762499998377,47,25,Timpani,Timpani _ 1,Timpani,85757,35
158.93943727499996,0.0673076250000122,47,25,Timpani,Timpani _ 1,Timpani,85797,35
159.01636027499998,0.06730762499998377,47,25,Timpani,Timpani _ 1,Timpani,85837,35
159.09136019999997,0.0673076250000122,47,26,Timpani,Timpani _ 1,Timpani,85876,35
159.16828319999996,0.0673076250000122,47,24,Timpani,Timpani _ 1,Timpani,85916,35
159.24712927499996,0.0673076250000122,47,25,Timpani,Timpani _ 1,Timpani,85957,35
159.32597534999996,0.06730762499998377,47,24,Timpani,Timpani _ 1,Timpani,85998,35
159.40097527499998,0.06730762499998377,47,24,Timpani,Timpani _ 1,Timpani,86037,35
159.47789827499997,0.06730762499998377,47,25,Timpani,Timpani _ 1,Timpani,86077,35
159.55482127499997,0.0673076250000122,47,24,Timpani,Timpani _ 1,Timpani,86117,35
159.63366734999997,0.0673076250000122,47,25,Timpani,Timpani _ 1,Timpani,86158,35
159.70674419999997,0.0673076250000122,47,24,Timpani,Timpani _ 1,Timpani,86196,35
159.78559027499998,0.0673076250000122,47,26,Timpani,Timpani _ 1,Timpani,86237,35
159.86251327499997,0.06730762499998377,47,26,Timpani,Timpani _ 1,Timpani,86277,35
159.93943627499996,0.0673076250000122,47,25,Timpani,Timpani _ 1,Timpani,86317,35
160.01635927499999,0.06730762499998377,47,25,Timpani,Timpani _ 1,Timpani,86357,35
161.48723206666662,0.06817333333333409,47,25,Timpani,Timpani _ 1,Timpani,87118,35
161.56514564999998,0.0681817499999795,47,25,Timpani,Timpani _ 1,Timpani,87158,35
161.64306764999998,0.0681817499999795,47,25,Timpani,Timpani _ 1,Timpani,87198,35
161.71709354999996,0.06831272499999841,47,25,Timpani,Timpani _ 1,Timpani,87236,35
161.79907219999998,0.06832962499998985,47,26,Timpani,Timpani _ 1,Timpani,87278,35
161.87716319999998,0.06832962499998985,47,24,Timpani,Timpani _ 1,Timpani,87318,35
161.95330192499998,0.0684654916666716,47,26,Timpani,Timpani _ 1,Timpani,87357,35
162.0315500208333,0.06847822916668633,47,26,Timpani,Timpani _ 1,Timpani,87397,35
162.10981085416662,0.06847822916668633,47,26,Timpani,Timpani _ 1,Timpani,87437,35
162.18807168749998,0.06861462916666028,47,25,Timpani,Timpani _ 1,Timpani,87477,35
162.2664902333333,0.06862741666668626,47,24,Timpani,Timpani _ 1,Timpani,87517,35
162.34492156666664,0.06862741666665784,47,24,Timpani,Timpani _ 1,Timpani,87557,35
162.42335289999997,0.06876435000000924,47,25,Timpani,Timpani _ 1,Timpani,87597,35
162.50390762499998,0.06877718749998962,47,25,Timpani,Timpani _ 1,Timpani,87638,35
162.58054506249997,0.06877718750001804,47,25,Timpani,Timpani _ 1,Timpani,87677,35
162.65718249999998,0.0689104875000055,47,26,Timpani,Timpani _ 1,Timpani,87716,35
162.73987852499997,0.06892768750000755,47,26,Timpani,Timpani _ 1,Timpani,87758,35
162.81668366249997,0.06892768750000755,47,24,Timpani,Timpani _ 1,Timpani,87797,35
164.32628012083327,0.0699911291666524,47,26,Timpani,Timpani _ 1,Timpani,88558,35
164.40427124999994,0.06999999999999318,47,26,Timpani,Timpani _ 1,Timpani,88597,35
164.48627124999993,0.06999999999999318,47,25,Timpani,Timpani _ 1,Timpani,88638,35
164.56427124999993,0.07014240000000882,47,26,Timpani,Timpani _ 1,Timpani,88677,35
164.64443589999993,0.07015574999999785,47,26,Timpani,Timpani _ 1,Timpani,88717,35
164.72461389999992,0.07015574999999785,47,24,Timpani,Timpani _ 1,Timpani,88757,35
164.80278744999993,0.07029447499999719,47,25,Timpani,Timpani _ 1,Timpani,88796,35
164.88312654999993,0.07031237500001453,47,24,Timpani,Timpani _ 1,Timpani,88836,35
164.96549247499993,0.0703123749999861,47,25,Timpani,Timpani _ 1,Timpani,88877,35
165.04584947499993,0.0704561750000039,47,26,Timpani,Timpani _ 1,Timpani,88917,35
165.12435932499994,0.07046965624999757,47,24,Timpani,Timpani _ 1,Timpani,88956,35
165.20489607499994,0.07046965624999757,47,26,Timpani,Timpani _ 1,Timpani,88996,35
165.28744624374994,0.07061412291668034,47,25,Timpani,Timpani _ 1,Timpani,89037,35
165.36815003333328,0.07062766666666676,47,25,Timpani,Timpani _ 1,Timpani,89077,35
165.44684943333328,0.07062766666666676,47,24,Timpani,Timpani _ 1,Timpani,89116,35
165.52958469999993,0.07077280000001451,47,24,Timpani,Timpani _ 1,Timpani,89157,35
165.60844737499994,0.07078640624999366,47,25,Timpani,Timpani _ 1,Timpani,89196,35
165.69136859374996,0.07078640624999366,47,25,Timpani,Timpani _ 1,Timpani,89237,35
236.79577279999998,0.07543097916666852,47,15,Timpani,Timpani _ 1,Timpani,122397,35
236.88197963333332,0.07543097916666852,47,15,Timpani,Timpani _ 1,Timpani,122437,35
236.96603129583332,0.07543097916666852,47,16,Timpani,Timpani _ 1,Timpani,122476,35
237.05654847083332,0.07543097916666852,47,17,Timpani,Timpani _ 1,Timpani,122518,35
237.14275530416666,0.07543097916666852,47,18,Timpani,Timpani _ 1,Timpani,122558,35
237.22680696666666,0.07543097916666852,47,19,Timpani,Timpani _ 1,Timpani,122597,35
237.31085862916666,0.07543097916666852,47,19,Timpani,Timpani _ 1,Timpani,122636,35
237.39922063333333,0.07543097916666852,47,20,Timpani,Timpani _ 1,Timpani,122677,35
237.48542746666666,0.07543097916666852,47,21,Timpani,Timpani _ 1,Timpani,122717,35
237.57378947083333,0.07543097916666852,47,22,Timpani,Timpani _ 1,Timpani,122758,35
237.65999630416667,0.07543097916666852,47,23,Timpani,Timpani _ 1,Timpani,122798,35
237.74404796666664,0.07543097916666852,47,24,Timpani,Timpani _ 1,Timpani,122837,35
237.8324099708333,0.07543097916666852,47,25,Timpani,Timpani _ 1,Timpani,122878,35
237.91861680416665,0.07543097916666852,47,25,Timpani,Timpani _ 1,Timpani,122918,35
238.00266846666665,0.07543097916666852,47,26,Timpani,Timpani _ 1,Timpani,122957,35
238.08887529999998,0.07543097916666852,47,27,Timpani,Timpani _ 1,Timpani,122997,35
238.17508213333332,0.07543097916666852,47,28,Timpani,Timpani _ 1,Timpani,123037,35
238.2634441375,0.07543097916666852,47,29,Timpani,Timpani _ 1,Timpani,123078,35
238.3474958,0.07543097916666852,47,30,Timpani,Timpani _ 1,Timpani,123117,35
238.43370263333333,0.07543097916666852,47,30,Timpani,Timpani _ 1,Timpani,123157,35
238.5220646375,0.07543097916666852,47,31,Timpani,Timpani _ 1,Timpani,123198,35
238.6061163,0.07543097916666852,47,32,Timpani,Timpani _ 1,Timpani,123237,35
238.69232313333333,0.07543097916666852,47,33,Timpani,Timpani _ 1,Timpani,123277,35
238.77852996666667,0.07543097916666852,47,34,Timpani,Timpani _ 1,Timpani,123317,35
238.86258162916667,0.0754309791666401,47,34,Timpani,Timpani _ 1,Timpani,123356,35
238.9509436333333,0.07543097916666852,47,35,Timpani,Timpani _ 1,Timpani,123397,35
239.03930563749998,0.07543097916666852,47,36,Timpani,Timpani _ 1,Timpani,123438,35
239.12335729999998,0.07543097916666852,47,37,Timpani,Timpani _ 1,Timpani,123477,35
239.21171930416665,0.07543097916666852,47,38,Timpani,Timpani _ 1,Timpani,123518,35
239.29361579583332,0.07543097916666852,47,39,Timpani,Timpani _ 1,Timpani,123556,35
239.38413297083332,0.07543097916666852,47,40,Timpani,Timpani _ 1,Timpani,123598,35
239.46818463333332,0.07543097916666852,47,40,Timpani,Timpani _ 1,Timpani,123637,35
239.5565466375,0.07543097916666852,47,41,Timpani,Timpani _ 1,Timpani,123678,35
239.64275347083333,0.07543097916666852,47,42,Timpani,Timpani _ 1,Timpani,123718,35
239.72680513333333,0.07543097916666852,47,43,Timpani,Timpani _ 1,Timpani,123757,35
239.8151671375,0.07543097916666852,47,44,Timpani,Timpani _ 1,Timpani,123798,35
239.90137397083333,0.07543097916666852,47,45,Timpani,Timpani _ 1,Timpani,123838,35
239.98542563333334,0.0754309791666401,47,45,Timpani,Timpani _ 1,Timpani,123877,35
240.07163246666664,0.07543097916666852,47,44,Timpani,Timpani _ 1,Timpani,123917,35
240.15783929999998,0.07543097916666852,47,43,Timpani,Timpani _ 1,Timpani,123957,35
240.2440461333333,0.07543097916666852,47,42,Timpani,Timpani _ 1,Timpani,123997,35
240.33240813749998,0.07543097916666852,47,41,Timpani,Timpani _ 1,Timpani,124038,35
240.41861497083332,0.07543097916666852,47,41,Timpani,Timpani _ 1,Timpani,124078,35
240.50266663333332,0.07543097916666852,47,40,Timpani,Timpani _ 1,Timpani,124117,35
240.58887346666666,0.07543097916666852,47,39,Timpani,Timpani _ 1,Timpani,124157,35
240.67723547083332,0.07543097916666852,47,38,Timpani,Timpani _ 1,Timpani,124198,35
240.76344230416666,0.07543097916666852,47,37,Timpani,Timpani _ 1,Timpani,124238,35
240.8496491375,0.07543097916666852,47,36,Timpani,Timpani _ 1,Timpani,124278,35
240.9337008,0.07543097916666852,47,35,Timpani,Timpani _ 1,Timpani,124317,35
241.02206280416667,0.07543097916666852,47,34,Timpani,Timpani _ 1,Timpani,124358,35
241.10611446666667,0.0754309791666401,47,34,Timpani,Timpani _ 1,Timpani,124397,35
241.19232129999997,0.07543097916666852,47,33,Timpani,Timpani _ 1,Timpani,124437,35
241.28068330416664,0.07543097916666852,47,32,Timpani,Timpani _ 1,Timpani,124478,35
241.36473496666665,0.07543097916666852,47,31,Timpani,Timpani _ 1,Timpani,124517,35
241.44878662916665,0.07543097916666852,47,30,Timpani,Timpani _ 1,Timpani,124556,35
241.53714863333332,0.07543097916666852,47,29,Timpani,Timpani _ 1,Timpani,124597,35
241.62335546666665,0.07543097916666852,47,28,Timpani,Timpani _ 1,Timpani,124637,35
241.7095623,0.07543097916666852,47,28,Timpani,Timpani _ 1,Timpani,124677,35
241.79576913333332,0.07543097916666852,47,27,Timpani,Timpani _ 1,Timpani,124717,35
241.88197596666666,0.07543097916666852,47,26,Timpani,Timpani _ 1,Timpani,124757,35
241.97033797083333,0.07543097916666852,47,25,Timpani,Timpani _ 1,Timpani,124798,35
242.05654480416666,0.07543097916666852,47,24,Timpani,Timpani _ 1,Timpani,124838,35
242.14059646666666,0.07543097916666852,47,23,Timpani,Timpani _ 1,Timpani,124877,35
242.22464812916667,0.07543097916666852,47,22,Timpani,Timpani _ 1,Timpani,124916,35
242.31516530416664,0.07543097916666852,47,22,Timpani,Timpani _ 1,Timpani,124958,35
242.39921696666664,0.07543097916666852,47,21,Timpani,Timpani _ 1,Timpani,124997,35
242.48326862916664,0.07543097916666852,47,20,Timpani,Timpani _ 1,Timpani,125036,35
242.57378580416665,0.07543097916666852,47,19,Timpani,Timpani _ 1,Timpani,125078,35
242.65783746666665,0.07543097916666852,47,18,Timpani,Timpani _ 1,Timpani,125117,35
242.74619947083332,0.07543097916666852,47,17,Timpani,Timpani _ 1,Timpani,125158,35
242.83025113333332,0.07543097916666852,47,16,Timpani,Timpani _ 1,Timpani,125197,35
242.9186131375,0.07543097916666852,47,15,Timpani,Timpani _ 1,Timpani,125238,35
243.0026648,0.2731321791666801,47,35,Timpani,Timpani _ 1,Timpani,125277,35
10.746264,5.317161875,64,40,Violin I,String Ensemble 2 _ 4,Violin 1,7200,2850
10.746264,5.317161875,68,40,Violin I,String Ensemble 2 _ 4,Violin 1,7200,2850
16.119396,2.630595875000001,64,40,Violin I,String Ensemble 2 _ 4,Violin 1,10080,1410
16.119396,2.630595875000001,68,40,Violin I,String Ensemble 2 _ 4,Violin 1,10080,1410
18.805961999999997,3.1343270000000025,68,45,Violin I,String Ensemble 2 _ 4,Violin 1,11520,1680
18.805961999999997,3.1343270000000025,72,45,Violin I,String Ensemble 2 _ 4,Violin 1,11520,1680
32.238792,5.317161875000004,68,40,Violin I,String Ensemble 2 _ 4,Violin 1,18720,2850
32.238792,5.317161875000004,72,40,Violin I,String Ensemble 2 _ 4,Violin 1,18720,2850
37.611923999999995,1.3992531250000013,72,40,Violin I,String Ensemble 2 _ 4,Violin 1,21600,750
37.611923999999995,2.6305958750000045,68,40,Violin I,String Ensemble 2 _ 4,Violin 1,21600,1410
38.955206999999994,1.287312875000005,73,40,Violin I,String Ensemble 2 _ 4,Violin 1,22320,690
40.298489999999994,3.134327000000006,71,45,Violin I,String Ensemble 2 _ 4,Violin 1,23040,1680
40.298489999999994,3.134327000000006,75,45,Violin I,String Ensemble 2 _ 4,Violin 1,23040,1680
45.671622,3.134326999999999,71,40,Violin I,String Ensemble 2 _ 4,Violin 1,25920,1680
45.671622,3.134326999999999,75,40,Violin I,String Ensemble 2 _ 4,Violin 1,25920,1680
49.701471,1.2873128749999978,71,50,Violin I,String Ensemble 2 _ 4,Violin 1,28080,690
49.701471,1.2873128749999978,75,50,Violin I,String Ensemble 2 _ 4,Violin 1,28080,690
51.044754,1.2873128749999978,71,63,Violin I,String Ensemble 2 _ 4,Violin 1,28800,690
51.044754,1.2873128749999978,75,63,Violin I,String Ensemble 2 _ 4,Violin 1,28800,690
52.388037,1.484692937499986,71,76,Violin I,String Ensemble 2 _ 4,Violin 1,29520,690
52.388037,1.484692937499986,75,76,Violin I,String Ensemble 2 _ 4,Violin 1,29520,690
54.04318443749998,0.48214237500000223,83,95,Violin I,String Ensemble 2 _ 4,Violin 1,30240,270
54.47175543749998,0.48214237500000223,80,95,Violin I,String Ensemble 2 _ 4,Violin 1,30480,270
54.900326437499984,0.4821423749999951,78,95,Violin I,String Ensemble 2 _ 4,Violin 1,30720,270
55.32889743749998,0.48214237500000223,76,95,Violin I,String Ensemble 2 _ 4,Violin 1,30960,270
55.75746843749998,0.48214237500000223,78,95,Violin I,String Ensemble 2 _ 4,Violin 1,31200,270
56.18603943749998,0.37499962500000095,80,95,Violin I,String Ensemble 2 _ 4,Violin 1,31440,210
56.614610437499984,0.37499962499999384,83,95,Violin I,String Ensemble 2 _ 4,Violin 1,31680,210
56.98961006249998,0.10714275000000129,80,95,Violin I,String Ensemble 2 _ 4,Violin 1,31890,60
57.04318143749998,0.10714275000000129,81,95,Violin I,String Ensemble 2 _ 4,Violin 1,31920,60
57.15032418749998,0.37499962500000095,80,95,Violin I,String Ensemble 2 _ 4,Violin 1,31980,210
57.47175243749998,0.48214237500000223,78,95,Violin I,String Ensemble 2 _ 4,Violin 1,32160,270
57.90032343749998,0.48214237500000223,76,95,Violin I,String Ensemble 2 _ 4,Violin 1,32400,270
58.32889443749998,0.26785687499999966,78,95,Violin I,String Ensemble 2 _ 4,Violin 1,32640,150
58.54317993749998,0.26785687499999966,80,95,Violin I,String Ensemble 2 _ 4,Violin 1,32760,150
58.75746543749998,0.26785687499999966,78,95,Violin I,String Ensemble 2 _ 4,Violin 1,32880,150
58.97175093749998,0.18749981250000047,80,95,Violin I,String Ensemble 2 _ 4,Violin 1,33000,105
59.18603643749998,0.10714275000000129,80,95,Violin I,String Ensemble 2 _ 4,Violin 1,33120,60
59.23960781249998,0.10714274999999418,81,95,Violin I,String Ensemble 2 _ 4,Violin 1,33150,60
59.29317918749998,0.37499962500000095,83,95,Violin I,String Ensemble 2 _ 4,Violin 1,33180,210
59.614607437499984,0.4821423749999951,80,95,Violin I,String Ensemble 2 _ 4,Violin 1,33360,270
60.04317843749998,0.37499962500000095,83,95,Violin I,String Ensemble 2 _ 4,Violin 1,33600,210
60.47174943749998,0.48214237500000223,85,95,Violin I,String Ensemble 2 _ 4,Violin 1,33840,270
60.90032043749998,0.48214237500000223,80,95,Violin I,String Ensemble 2 _ 4,Violin 1,34080,270
61.328891437499976,0.40178531250001015,85,95,Violin I,String Ensemble 2 _ 4,Violin 1,34320,225
61.75746243749998,0.4821423749999951,85,95,Violin I,String Ensemble 2 _ 4,Violin 1,34560,270
62.18603343749999,0.4821423749999951,81,95,Violin I,String Ensemble 2 _ 4,Violin 1,34800,270
62.61460443749998,0.48214237500000934,80,95,Violin I,String Ensemble 2 _ 4,Violin 1,35040,270
63.04317543749998,0.6964278749999977,78,95,Violin I,String Ensemble 2 _ 4,Violin 1,35280,390
64.32888843749998,0.4821423749999951,85,95,Violin I,String Ensemble 2 _ 4,Violin 1,36000,270
64.75745943749999,0.4821423749999951,81,95,Violin I,String Ensemble 2 _ 4,Violin 1,36240,270
65.18603043749998,0.48214237500000934,80,95,Violin I,String Ensemble 2 _ 4,Violin 1,36480,270
65.61460143749999,0.4821423749999951,78,95,Violin I,String Ensemble 2 _ 4,Violin 1,36720,270
66.04317243749998,0.48214237500000934,80,95,Violin I,String Ensemble 2 _ 4,Violin 1,36960,270
66.47174343749998,0.37499962500000095,81,95,Violin I,String Ensemble 2 _ 4,Violin 1,37200,210
66.90031443749999,0.37499962500000095,85,95,Violin I,String Ensemble 2 _ 4,Violin 1,37440,210
67.27531406249999,0.10714274999999418,81,95,Violin I,String Ensemble 2 _ 4,Violin 1,37650,60
67.32888543749998,0.10714275000000839,83,95,Violin I,String Ensemble 2 _ 4,Violin 1,37680,60
67.43602818749999,0.37499962500000095,81,95,Violin I,String Ensemble 2 _ 4,Violin 1,37740,210
67.75745643749998,0.4821423749999951,80,95,Violin I,String Ensemble 2 _ 4,Violin 1,37920,270
68.18602743749999,0.4821423749999951,78,95,Violin I,String Ensemble 2 _ 4,Violin 1,38160,270
68.61459843749998,0.26785687500000677,80,95,Violin I,String Ensemble 2 _ 4,Violin 1,38400,150
68.82888393749998,0.26785687499999256,81,95,Violin I,String Ensemble 2 _ 4,Violin 1,38520,150
69.04316943749998,0.26785687499999256,80,95,Violin I,String Ensemble 2 _ 4,Violin 1,38640,150
69.25745493749999,0.18749981249999337,81,95,Violin I,String Ensemble 2 _ 4,Violin 1,38760,105
69.47174043749999,0.10714274999999418,81,95,Violin I,String Ensemble 2 _ 4,Violin 1,38880,60
69.52531181249998,0.10714275000000839,83,95,Violin I,String Ensemble 2 _ 4,Violin 1,38910,60
69.57888318749998,0.37499962500000095,85,95,Violin I,String Ensemble 2 _ 4,Violin 1,38940,210
69.90031143749998,0.48214237500000934,81,95,Violin I,String Ensemble 2 _ 4,Violin 1,39120,270
70.32888243749998,0.40178531249999594,85,95,Violin I,String Ensemble 2 _ 4,Violin 1,39360,225
70.75745343749998,0.48214237500000934,87,95,Violin I,String Ensemble 2 _ 4,Violin 1,39600,270
71.18602443749998,0.4821423749999951,81,95,Violin I,String Ensemble 2 _ 4,Violin 1,39840,270
71.61459543749999,0.40178531249999594,87,95,Violin I,String Ensemble 2 _ 4,Violin 1,40080,225
72.04316643749998,0.09821418750000532,87,95,Violin I,String Ensemble 2 _ 4,Violin 1,40320,55
72.09673781249998,0.09821418750000532,88,95,Violin I,String Ensemble 2 _ 4,Violin 1,40350,55
72.15030918749999,0.37499962500000095,87,95,Violin I,String Ensemble 2 _ 4,Violin 1,40380,210
72.47173743749998,0.4821423749999951,83,95,Violin I,String Ensemble 2 _ 4,Violin 1,40560,270
72.90030843749997,0.40178531250001015,87,95,Violin I,String Ensemble 2 _ 4,Violin 1,40800,225
73.32887943749998,0.4821423749999951,88,95,Violin I,String Ensemble 2 _ 4,Violin 1,41040,270
73.75745043749998,0.4821423749999951,83,95,Violin I,String Ensemble 2 _ 4,Violin 1,41280,270
74.18602143749999,0.40178531249999594,88,95,Violin I,String Ensemble 2 _ 4,Violin 1,41520,225
74.61459243749998,0.09821418750000532,88,95,Violin I,String Ensemble 2 _ 4,Violin 1,41760,55
74.66816381249998,0.09821418749999111,90,95,Violin I,String Ensemble 2 _ 4,Violin 1,41790,55
74.72173518749997,0.37499962500001516,88,95,Violin I,String Ensemble 2 _ 4,Violin 1,41820,210
75.04316343749998,0.4821423749999951,85,95,Violin I,String Ensemble 2 _ 4,Violin 1,42000,270
75.47173443749998,0.40178531250001015,88,95,Violin I,String Ensemble 2 _ 4,Violin 1,42240,225
75.90030543749998,0.4962962500000003,90,95,Violin I,String Ensemble 2 _ 4,Violin 1,42480,270
76.33890943749998,0.5379803750000178,85,95,Violin I,String Ensemble 2 _ 4,Violin 1,42720,270
76.8143898125,0.48240253124998844,90,95,Violin I,String Ensemble 2 _ 4,Violin 1,42960,225
77.33088324999999,0.27106906250000407,92,110,Violin I,String Ensemble 2 _ 4,Violin 1,43200,150
77.54827449999999,0.26849599999999896,87,109,Violin I,String Ensemble 2 _ 4,Violin 1,43320,150
77.76298574999998,0.26903112499999793,84,107,Violin I,String Ensemble 2 _ 4,Violin 1,43440,150
77.97812474999998,0.2695684374999985,80,105,Violin I,String Ensemble 2 _ 4,Violin 1,43560,150
78.19369324999998,0.27010787499999367,84,103,Violin I,String Ensemble 2 _ 4,Violin 1,43680,150
78.40969299999998,0.1623243749999972,87,101,Violin I,String Ensemble 2 _ 4,Violin 1,43800,90
78.62612549999997,0.2711931875000033,87,99,Violin I,String Ensemble 2 _ 4,Violin 1,43920,150
78.84299274999998,0.27173918750000325,84,97,Violin I,String Ensemble 2 _ 4,Violin 1,44040,150
79.06029649999998,0.27228718749999814,80,95,Violin I,String Ensemble 2 _ 4,Violin 1,44160,150
79.27803824999998,0.2728374999999943,75,94,Violin I,String Ensemble 2 _ 4,Violin 1,44280,150
79.49621999999998,0.273389624999993,80,92,Violin I,String Ensemble 2 _ 4,Violin 1,44400,150
79.71484299999997,0.16429987499999754,84,90,Violin I,String Ensemble 2 _ 4,Violin 1,44520,90
79.93390949999997,0.2745014999999995,84,88,Violin I,String Ensemble 2 _ 4,Violin 1,44640,150
80.15342124999997,0.275061000000008,80,86,Violin I,String Ensemble 2 _ 4,Violin 1,44760,150
80.37338024999997,0.27562268750000385,75,84,Violin I,String Ensemble 2 _ 4,Violin 1,44880,150
80.59378824999997,0.2761865625000013,72,82,Violin I,String Ensemble 2 _ 4,Violin 1,45000,150
80.81464699999998,0.27675268749999304,75,80,Violin I,String Ensemble 2 _ 4,Violin 1,45120,150
81.03595824999998,0.16632431249999513,80,79,Violin I,String Ensemble 2 _ 4,Violin 1,45240,90
81.25772399999998,0.27789200000000847,80,77,Violin I,String Ensemble 2 _ 4,Violin 1,45360,150
81.47994599999998,0.2784649999999971,75,75,Violin I,String Ensemble 2 _ 4,Violin 1,45480,150
81.70262599999998,0.27904056250000053,72,73,Violin I,String Ensemble 2 _ 4,Violin 1,45600,150
81.92576599999998,0.27961874999999736,68,71,Violin I,String Ensemble 2 _ 4,Violin 1,45720,150
82.14936824999998,0.2801989999999961,72,69,Violin I,String Ensemble 2 _ 4,Violin 1,45840,150
82.37343424999997,0.16839899999999375,75,67,Violin I,String Ensemble 2 _ 4,Violin 1,45960,90
83.04843549999997,0.5090788125000074,85,67,Violin I,String Ensemble 2 _ 4,Violin 1,46320,270
83.50079174999998,0.39741624999999203,73,70,Violin I,String Ensemble 2 _ 4,Violin 1,46560,210
84.41122724999997,0.5155589999999961,85,76,Violin I,String Ensemble 2 _ 4,Violin 1,47040,270
84.86933949999997,0.40286375000000874,73,79,Violin I,String Ensemble 2 _ 4,Violin 1,47280,210
85.79143349999997,0.5192302500000068,85,85,Violin I,String Ensemble 2 _ 4,Violin 1,47760,270
86.25297149999997,0.4038457500000021,73,88,Violin I,String Ensemble 2 _ 4,Violin 1,48000,210
87.17604749999997,0.5192302500000068,85,94,Violin I,String Ensemble 2 _ 4,Violin 1,48480,270
87.63758549999997,0.4038457500000021,73,97,Violin I,String Ensemble 2 _ 4,Violin 1,48720,210
88.09912349999996,0.28846125000001166,92,100,Violin I,String Ensemble 2 _ 4,Violin 1,48960,150
88.32989249999997,0.28846124999999745,87,92,Violin I,String Ensemble 2 _ 4,Violin 1,49080,150
88.56066149999997,0.28846124999999745,84,84,Violin I,String Ensemble 2 _ 4,Violin 1,49200,150
88.79143049999996,0.28846125000001166,80,76,Violin I,String Ensemble 2 _ 4,Violin 1,49320,150
89.02219949999997,0.28846124999999745,84,68,Violin I,String Ensemble 2 _ 4,Violin 1,49440,150
89.25296849999997,0.23076899999999512,87,60,Violin I,String Ensemble 2 _ 4,Violin 1,49560,120
90.86835149999997,0.28846124999999745,92,100,Violin I,String Ensemble 2 _ 4,Violin 1,50400,150
91.09912049999997,0.28846124999999745,87,92,Violin I,String Ensemble 2 _ 4,Violin 1,50520,150
91.32988949999996,0.28846124999999745,84,84,Violin I,String Ensemble 2 _ 4,Violin 1,50640,150
91.56065849999997,0.28846124999999745,80,76,Violin I,String Ensemble 2 _ 4,Violin 1,50760,150
91.79142749999997,0.28846124999999745,84,68,Violin I,String Ensemble 2 _ 4,Violin 1,50880,150
92.02219649999996,0.23076900000000933,87,60,Violin I,String Ensemble 2 _ 4,Violin 1,51000,120
93.63757949999997,0.28846124999999745,72,60,Violin I,String Ensemble 2 _ 4,Violin 1,51840,150
93.86834849999997,0.28846124999999745,68,61,Violin I,String Ensemble 2 _ 4,Violin 1,51960,150
94.09911749999996,0.28846125000001166,63,62,Violin I,String Ensemble 2 _ 4,Violin 1,52080,150
94.32988649999997,0.28846124999999745,68,64,Violin I,String Ensemble 2 _ 4,Violin 1,52200,150
94.56065549999997,0.28846124999999745,72,65,Violin I,String Ensemble 2 _ 4,Violin 1,52320,150
94.79142449999996,0.173076750000007,75,67,Violin I,String Ensemble 2 _ 4,Violin 1,52440,90
95.02219349999997,0.28846124999999745,75,68,Violin I,String Ensemble 2 _ 4,Violin 1,52560,150
95.25296249999997,0.28846124999999745,72,70,Violin I,String Ensemble 2 _ 4,Violin 1,52680,150
95.48373149999998,0.28846124999999745,68,71,Violin I,String Ensemble 2 _ 4,Violin 1,52800,150
95.71450049999997,0.28846124999999745,72,73,Violin I,String Ensemble 2 _ 4,Violin 1,52920,150
95.94526949999997,0.28846124999999745,75,74,Violin I,String Ensemble 2 _ 4,Violin 1,53040,150
96.17603849999998,0.17307674999999278,80,76,Violin I,String Ensemble 2 _ 4,Violin 1,53160,90
96.40680749999997,0.28846124999999745,80,77,Violin I,String Ensemble 2 _ 4,Violin 1,53280,150
96.63757649999997,0.28846124999999745,75,78,Violin I,String Ensemble 2 _ 4,Violin 1,53400,150
96.86834549999998,0.28846124999999745,72,80,Violin I,String Ensemble 2 _ 4,Violin 1,53520,150
97.09911449999997,0.28846124999999745,75,81,Violin I,String Ensemble 2 _ 4,Violin 1,53640,150
97.32988349999997,0.28846124999999745,80,83,Violin I,String Ensemble 2 _ 4,Violin 1,53760,150
97.56065249999997,0.17307674999999278,84,84,Violin I,String Ensemble 2 _ 4,Violin 1,53880,90
97.79142149999997,0.28846124999999745,84,86,Violin I,String Ensemble 2 _ 4,Violin 1,54000,150
98.02219049999997,0.28846124999999745,79,87,Violin I,String Ensemble 2 _ 4,Violin 1,54120,150
98.25295949999997,0.28846124999999745,76,89,Violin I,String Ensemble 2 _ 4,Violin 1,54240,150
98.48372849999997,0.28846124999999745,79,90,Violin I,String Ensemble 2 _ 4,Violin 1,54360,150
98.71449749999996,0.28846125000001166,84,92,Violin I,String Ensemble 2 _ 4,Violin 1,54480,150
98.94526649999997,0.17307674999999278,88,93,Violin I,String Ensemble 2 _ 4,Violin 1,54600,90
99.17603549999997,0.28846124999999745,89,95,Violin I,String Ensemble 2 _ 4,Violin 1,54720,150
99.40680449999996,0.28846125000001166,84,94,Violin I,String Ensemble 2 _ 4,Violin 1,54840,150
99.63757349999997,0.28846124999999745,81,92,Violin I,String Ensemble 2 _ 4,Violin 1,54960,150
99.86834249999997,0.28846124999999745,77,91,Violin I,String Ensemble 2 _ 4,Violin 1,55080,150
100.09911149999996,0.28846125000001166,81,89,Violin I,String Ensemble 2 _ 4,Violin 1,55200,150
100.32988049999997,0.17307674999999278,84,88,Violin I,String Ensemble 2 _ 4,Violin 1,55320,90
100.56064949999997,0.28846124999999745,84,86,Violin I,String Ensemble 2 _ 4,Violin 1,55440,150
100.79141849999996,0.28846125000001166,81,85,Violin I,String Ensemble 2 _ 4,Violin 1,55560,150
101.02218749999997,0.28846124999999745,77,83,Violin I,String Ensemble 2 _ 4,Violin 1,55680,150
101.25295649999997,0.28846124999999745,72,82,Violin I,String Ensemble 2 _ 4,Violin 1,55800,150
101.48372549999996,0.28846125000001166,77,80,Violin I,String Ensemble 2 _ 4,Violin 1,55920,150
101.71449449999997,0.17307674999999278,81,79,Violin I,String Ensemble 2 _ 4,Violin 1,56040,90
101.94526349999997,0.28846124999999745,81,77,Violin I,String Ensemble 2 _ 4,Violin 1,56160,150
102.17603249999996,0.28846125000001166,77,76,Violin I,String Ensemble 2 _ 4,Violin 1,56280,150
102.40680149999997,0.28846124999999745,72,74,Violin I,String Ensemble 2 _ 4,Violin 1,56400,150
102.63757049999997,0.28846124999999745,69,73,Violin I,String Ensemble 2 _ 4,Violin 1,56520,150
102.86833949999996,0.28846125000001166,72,71,Violin I,String Ensemble 2 _ 4,Violin 1,56640,150
103.09910849999997,0.17307674999999278,77,70,Violin I,String Ensemble 2 _ 4,Violin 1,56760,90
103.32987749999997,0.28846124999999745,77,68,Violin I,String Ensemble 2 _ 4,Violin 1,56880,150
103.56064649999996,0.28846125000001166,72,67,Violin I,String Ensemble 2 _ 4,Violin 1,57000,150
103.79141549999997,0.28846124999999745,69,65,Violin I,String Ensemble 2 _ 4,Violin 1,57120,150
104.02218449999997,0.28846124999999745,65,64,Violin I,String Ensemble 2 _ 4,Violin 1,57240,150
104.25295349999996,0.28846125000001166,69,62,Violin I,String Ensemble 2 _ 4,Violin 1,57360,150
104.48372249999997,0.17307674999999278,72,60,Violin I,String Ensemble 2 _ 4,Violin 1,57480,90
105.17602949999997,0.5192302499999926,82,64,Violin I,String Ensemble 2 _ 4,Violin 1,57840,270
105.63756749999996,0.46153800000000444,70,67,Violin I,String Ensemble 2 _ 4,Violin 1,58080,240
106.56064349999997,0.5192302499999926,82,72,Violin I,String Ensemble 2 _ 4,Violin 1,58560,270
107.02218149999997,0.46153799999999023,70,75,Violin I,String Ensemble 2 _ 4,Violin 1,58800,240
107.94525749999997,0.5192302499999926,82,81,Violin I,String Ensemble 2 _ 4,Violin 1,59280,270
108.40679549999997,0.46153800000000444,70,83,Violin I,String Ensemble 2 _ 4,Violin 1,59520,240
109.32987149999997,0.5192302499999926,82,89,Violin I,String Ensemble 2 _ 4,Violin 1,60000,270
109.79140949999997,0.46153800000000444,70,92,Violin I,String Ensemble 2 _ 4,Violin 1,60240,240
110.25294749999998,0.28846124999999745,89,95,Violin I,String Ensemble 2 _ 4,Violin 1,60480,150
110.48371649999997,0.28846124999999745,84,88,Violin I,String Ensemble 2 _ 4,Violin 1,60600,150
110.71448549999997,0.28846124999999745,81,81,Violin I,String Ensemble 2 _ 4,Violin 1,60720,150
110.94525449999998,0.28846124999999745,77,74,Violin I,String Ensemble 2 _ 4,Violin 1,60840,150
111.17602349999997,0.28846124999999745,81,67,Violin I,String Ensemble 2 _ 4,Violin 1,60960,150
111.40679249999997,0.173076750000007,84,60,Violin I,String Ensemble 2 _ 4,Violin 1,61080,90
113.02217549999997,0.28846124999999745,89,95,Violin I,String Ensemble 2 _ 4,Violin 1,61920,150
113.25294449999997,0.28846124999999745,84,88,Violin I,String Ensemble 2 _ 4,Violin 1,62040,150
113.48371349999996,0.28846125000001166,81,81,Violin I,String Ensemble 2 _ 4,Violin 1,62160,150
113.71448249999997,0.28846124999999745,77,74,Violin I,String Ensemble 2 _ 4,Violin 1,62280,150
113.94525149999997,0.28846124999999745,81,67,Violin I,String Ensemble 2 _ 4,Violin 1,62400,150
114.17602049999996,0.173076750000007,84,60,Violin I,String Ensemble 2 _ 4,Violin 1,62520,90
115.79140349999997,0.28846124999999745,69,60,Violin I,String Ensemble 2 _ 4,Violin 1,63360,150
116.02217249999997,0.28846124999999745,65,62,Violin I,String Ensemble 2 _ 4,Violin 1,63480,150
116.25294149999996,0.28846125000001166,60,64,Violin I,String Ensemble 2 _ 4,Violin 1,63600,150
116.48371049999997,0.28846124999999745,65,66,Violin I,String Ensemble 2 _ 4,Violin 1,63720,150
116.71447949999997,0.28846124999999745,69,69,Violin I,String Ensemble 2 _ 4,Violin 1,63840,150
116.94524849999996,0.173076750000007,72,71,Violin I,String Ensemble 2 _ 4,Violin 1,63960,90
117.17601749999997,0.28846124999999745,72,73,Violin I,String Ensemble 2 _ 4,Violin 1,64080,150
117.40678649999997,0.28846124999999745,69,76,Violin I,String Ensemble 2 _ 4,Violin 1,64200,150
117.63755549999996,0.28846125000001166,65,78,Violin I,String Ensemble 2 _ 4,Violin 1,64320,150
117.86832449999997,0.28846124999999745,69,80,Violin I,String Ensemble 2 _ 4,Violin 1,64440,150
118.09909349999997,0.28846124999999745,72,82,Violin I,String Ensemble 2 _ 4,Violin 1,64560,150
118.32986249999996,0.173076750000007,77,85,Violin I,String Ensemble 2 _ 4,Violin 1,64680,90
118.56063149999997,0.28846124999999745,77,87,Violin I,String Ensemble 2 _ 4,Violin 1,64800,150
118.79140049999997,0.28846124999999745,72,89,Violin I,String Ensemble 2 _ 4,Violin 1,64920,150
119.02216949999996,0.28846125000001166,69,92,Violin I,String Ensemble 2 _ 4,Violin 1,65040,150
119.25293849999997,0.28846124999999745,72,94,Violin I,String Ensemble 2 _ 4,Violin 1,65160,150
119.48370749999997,0.28846124999999745,77,96,Violin I,String Ensemble 2 _ 4,Violin 1,65280,150
119.71447649999996,0.173076750000007,81,98,Violin I,String Ensemble 2 _ 4,Violin 1,65400,90
119.94524549999997,0.28846124999999745,81,101,Violin I,String Ensemble 2 _ 4,Violin 1,65520,150
120.17601449999997,0.28846124999999745,76,103,Violin I,String Ensemble 2 _ 4,Violin 1,65640,150
120.40678349999996,0.28846125000001166,73,105,Violin I,String Ensemble 2 _ 4,Violin 1,65760,150
120.63755249999997,0.28846124999999745,76,108,Violin I,String Ensemble 2 _ 4,Violin 1,65880,150
120.86832149999998,0.28846124999998324,81,110,Violin I,String Ensemble 2 _ 4,Violin 1,66000,150
121.09909049999996,0.173076750000007,85,112,Violin I,String Ensemble 2 _ 4,Violin 1,66120,90
121.32985949999997,0.28846124999999745,86,115,Violin I,String Ensemble 2 _ 4,Violin 1,66240,150
121.56062849999998,0.28846124999998324,81,114,Violin I,String Ensemble 2 _ 4,Violin 1,66360,150
121.79139749999996,0.28846125000001166,78,113,Violin I,String Ensemble 2 _ 4,Violin 1,66480,150
122.02216649999997,0.28846124999999745,74,111,Violin I,String Ensemble 2 _ 4,Violin 1,66600,150
122.25293549999998,0.28846124999998324,78,110,Violin I,String Ensemble 2 _ 4,Violin 1,66720,150
122.48370449999996,0.173076750000007,81,109,Violin I,String Ensemble 2 _ 4,Violin 1,66840,90
122.71447349999997,0.28846124999999745,86,107,Violin I,String Ensemble 2 _ 4,Violin 1,66960,150
122.94524249999998,0.28846124999998324,81,106,Violin I,String Ensemble 2 _ 4,Violin 1,67080,150
123.17601149999996,0.28846125000001166,78,105,Violin I,String Ensemble 2 _ 4,Violin 1,67200,150
123.40678049999997,0.28846124999999745,74,103,Violin I,String Ensemble 2 _ 4,Violin 1,67320,150
123.63754949999998,0.28846124999998324,78,102,Violin I,String Ensemble 2 _ 4,Violin 1,67440,150
123.86831849999996,0.173076750000007,81,101,Violin I,String Ensemble 2 _ 4,Violin 1,67560,90
124.09908749999997,0.28846125000001166,86,99,Violin I,String Ensemble 2 _ 4,Violin 1,67680,150
124.32985649999998,0.28846124999998324,81,98,Violin I,String Ensemble 2 _ 4,Violin 1,67800,150
124.56062549999997,0.28846124999999745,78,97,Violin I,String Ensemble 2 _ 4,Violin 1,67920,150
124.79139449999997,0.28846125000001166,74,95,Violin I,String Ensemble 2 _ 4,Violin 1,68040,150
125.02216349999998,0.28846124999998324,78,94,Violin I,String Ensemble 2 _ 4,Violin 1,68160,150
125.25293249999997,0.17307674999999278,81,92,Violin I,String Ensemble 2 _ 4,Violin 1,68280,90
125.48370149999997,0.28846125000001166,86,91,Violin I,String Ensemble 2 _ 4,Violin 1,68400,150
125.71447049999998,0.28846124999998324,81,90,Violin I,String Ensemble 2 _ 4,Violin 1,68520,150
125.94523949999999,0.28846124999998324,78,88,Violin I,String Ensemble 2 _ 4,Violin 1,68640,150
126.17600849999997,0.28846125000001166,74,87,Violin I,String Ensemble 2 _ 4,Violin 1,68760,150
126.40677749999998,0.28846124999998324,78,86,Violin I,String Ensemble 2 _ 4,Violin 1,68880,150
126.63754649999996,0.173076750000007,81,84,Violin I,String Ensemble 2 _ 4,Violin 1,69000,90
126.86831549999997,0.28846125000001166,86,83,Violin I,String Ensemble 2 _ 4,Violin 1,69120,150
127.09908449999998,0.28846124999998324,81,82,Violin I,String Ensemble 2 _ 4,Violin 1,69240,150
127.32985349999998,0.28846124999998324,78,80,Violin I,String Ensemble 2 _ 4,Violin 1,69360,150
127.56062249999997,0.28846125000001166,74,79,Violin I,String Ensemble 2 _ 4,Violin 1,69480,150
127.79139149999997,0.28846124999998324,78,78,Violin I,String Ensemble 2 _ 4,Violin 1,69600,150
128.02216049999996,0.28846125000001166,81,76,Violin I,String Ensemble 2 _ 4,Violin 1,69720,150
128.25292949999996,0.28846125000001166,86,75,Violin I,String Ensemble 2 _ 4,Violin 1,69840,150
128.48369849999997,0.28846125000001166,81,74,Violin I,String Ensemble 2 _ 4,Violin 1,69960,150
128.71446749999998,0.28846124999998324,78,72,Violin I,String Ensemble 2 _ 4,Violin 1,70080,150
128.94523649999996,0.28846125000001166,74,71,Violin I,String Ensemble 2 _ 4,Violin 1,70200,150
129.17600549999997,0.28846124999998324,78,69,Violin I,String Ensemble 2 _ 4,Violin 1,70320,150
129.40677449999995,0.28846125000001166,81,68,Violin I,String Ensemble 2 _ 4,Violin 1,70440,150
129.63754349999996,0.28846125000001166,85,67,Violin I,String Ensemble 2 _ 4,Violin 1,70560,150
129.86831249999997,0.28846125000001166,81,65,Violin I,String Ensemble 2 _ 4,Violin 1,70680,150
130.09908149999998,0.28846124999998324,77,64,Violin I,String Ensemble 2 _ 4,Violin 1,70800,150
130.32985049999996,0.28846125000001166,73,63,Violin I,String Ensemble 2 _ 4,Violin 1,70920,150
130.56061949999997,0.28846124999998324,77,61,Violin I,String Ensemble 2 _ 4,Violin 1,71040,150
130.79138849999995,0.28846125000001166,81,60,Violin I,String Ensemble 2 _ 4,Violin 1,71160,150
131.02215749999996,0.28846125000001166,85,59,Violin I,String Ensemble 2 _ 4,Violin 1,71280,150
131.25292649999997,0.28846125000001166,81,57,Violin I,String Ensemble 2 _ 4,Violin 1,71400,150
131.48369549999998,0.28846124999998324,77,56,Violin I,String Ensemble 2 _ 4,Violin 1,71520,150
131.71446449999996,0.28846125000001166,73,55,Violin I,String Ensemble 2 _ 4,Violin 1,71640,150
131.94523349999997,0.28846124999998324,77,53,Violin I,String Ensemble 2 _ 4,Violin 1,71760,150
132.17600249999995,0.173076750000007,81,52,Violin I,String Ensemble 2 _ 4,Violin 1,71880,90
132.86830949999998,0.4038457499999879,69,40,Violin I,String Ensemble 2 _ 4,Violin 1,72240,210
133.32984749999997,0.4038457499999879,72,40,Violin I,String Ensemble 2 _ 4,Violin 1,72480,210
134.25292349999998,0.4038457499999879,69,40,Violin I,String Ensemble 2 _ 4,Violin 1,72960,210
134.71446149999997,0.4038457499999879,72,40,Violin I,String Ensemble 2 _ 4,Violin 1,73200,210
135.63753749999998,0.4038457499999879,69,40,Violin I,String Ensemble 2 _ 4,Violin 1,73680,210
136.09907549999997,0.4038457499999879,72,40,Violin I,String Ensemble 2 _ 4,Violin 1,73920,210
137.02215149999998,0.4038457499999879,69,40,Violin I,String Ensemble 2 _ 4,Violin 1,74400,210
137.48368949999997,0.4038457499999879,72,40,Violin I,String Ensemble 2 _ 4,Violin 1,74640,210
138.40676549999998,0.4038457499999879,69,40,Violin I,String Ensemble 2 _ 4,Violin 1,75120,210
138.86830349999997,0.4038457499999879,72,40,Violin I,String Ensemble 2 _ 4,Violin 1,75360,210
139.79137949999998,0.4038457499999879,69,40,Violin I,String Ensemble 2 _ 4,Violin 1,75840,210
140.25291749999997,0.4038457499999879,74,40,Violin I,String Ensemble 2 _ 4,Violin 1,76080,210
141.17599349999998,0.4038457499999879,69,40,Violin I,String Ensemble 2 _ 4,Violin 1,76560,210
141.63753149999997,0.4038457499999879,72,40,Violin I,String Ensemble 2 _ 4,Violin 1,76800,210
143.48368349999996,5.480763750000023,72,50,Violin I,String Ensemble 2 _ 4,Violin 1,77760,2850
143.48368349999996,5.480763750000023,84,50,Violin I,String Ensemble 2 _ 4,Violin 1,77760,2850
149.02213949999995,0.28846125000001166,83,50,Violin I,String Ensemble 2 _ 4,Violin 1,80640,150
149.25290849999996,0.28846125000001166,80,50,Violin I,String Ensemble 2 _ 4,Violin 1,80760,150
149.48367749999997,0.28846125000001166,76,50,Violin I,String Ensemble 2 _ 4,Violin 1,80880,150
149.71444649999998,0.28846124999998324,71,50,Violin I,String Ensemble 2 _ 4,Violin 1,81000,150
149.9452155,0.28846124999998324,76,50,Violin I,String Ensemble 2 _ 4,Violin 1,81120,150
150.17598449999997,0.28846124999998324,80,50,Violin I,String Ensemble 2 _ 4,Violin 1,81240,150
150.40675349999995,0.28846125000001166,83,50,Violin I,String Ensemble 2 _ 4,Violin 1,81360,150
150.63752249999996,0.28846125000001166,80,50,Violin I,String Ensemble 2 _ 4,Violin 1,81480,150
150.86829149999997,0.28846125000001166,76,50,Violin I,String Ensemble 2 _ 4,Violin 1,81600,150
151.09906049999998,0.28846124999998324,71,50,Violin I,String Ensemble 2 _ 4,Violin 1,81720,150
151.3298295,0.28846124999998324,76,50,Violin I,String Ensemble 2 _ 4,Violin 1,81840,150
151.56059849999997,0.28846124999998324,80,50,Violin I,String Ensemble 2 _ 4,Violin 1,81960,150
151.79136749999995,0.28846125000001166,83,50,Violin I,String Ensemble 2 _ 4,Violin 1,82080,150
152.02213649999996,0.28846125000001166,80,50,Violin I,String Ensemble 2 _ 4,Violin 1,82200,150
152.25290549999997,0.28846125000001166,76,50,Violin I,String Ensemble 2 _ 4,Violin 1,82320,150
152.48367449999998,0.28846125000001166,71,50,Violin I,String Ensemble 2 _ 4,Violin 1,82440,150
152.7144435,0.28846124999998324,76,50,Violin I,String Ensemble 2 _ 4,Violin 1,82560,150
152.94521249999997,0.28846124999998324,80,50,Violin I,String Ensemble 2 _ 4,Violin 1,82680,150
153.17598149999995,0.28846125000001166,83,50,Violin I,String Ensemble 2 _ 4,Violin 1,82800,150
153.40675049999996,0.28846125000001166,80,50,Violin I,String Ensemble 2 _ 4,Violin 1,82920,150
153.63751949999997,0.28846125000001166,76,50,Violin I,String Ensemble 2 _ 4,Violin 1,83040,150
153.86828849999998,0.28846125000001166,71,50,Violin I,String Ensemble 2 _ 4,Violin 1,83160,150
154.0990575,0.28846124999998324,76,50,Violin I,String Ensemble 2 _ 4,Violin 1,83280,150
154.32982649999997,0.173076750000007,80,50,Violin I,String Ensemble 2 _ 4,Violin 1,83400,90
154.56059549999995,0.28846125000001166,83,50,Violin I,String Ensemble 2 _ 4,Violin 1,83520,150
154.79136449999996,0.28846125000001166,80,51,Violin I,String Ensemble 2 _ 4,Violin 1,83640,150
155.02213349999997,0.28846125000001166,76,53,Violin I,String Ensemble 2 _ 4,Violin 1,83760,150
155.25290249999998,0.28846125000001166,71,55,Violin I,String Ensemble 2 _ 4,Violin 1,83880,150
155.48367149999999,0.28846124999998324,76,56,Violin I,String Ensemble 2 _ 4,Violin 1,84000,150
155.71444049999997,0.28846124999998324,80,58,Violin I,String Ensemble 2 _ 4,Violin 1,84120,150
155.94520949999995,0.28846125000001166,85,60,Violin I,String Ensemble 2 _ 4,Violin 1,84240,150
156.17597849999996,0.28846125000001166,80,59,Violin I,String Ensemble 2 _ 4,Violin 1,84360,150
156.40674749999997,0.28846125000001166,76,57,Violin I,String Ensemble 2 _ 4,Violin 1,84480,150
156.63751649999998,0.28846125000001166,73,55,Violin I,String Ensemble 2 _ 4,Violin 1,84600,150
156.86828549999998,0.28846124999998324,76,54,Violin I,String Ensemble 2 _ 4,Violin 1,84720,150
157.09905449999997,0.173076750000007,80,52,Violin I,String Ensemble 2 _ 4,Violin 1,84840,90
157.32982349999997,0.28846124999998324,83,50,Violin I,String Ensemble 2 _ 4,Violin 1,84960,150
157.56059249999996,0.28846125000001166,80,50,Violin I,String Ensemble 2 _ 4,Violin 1,85080,150
157.79136149999997,0.28846125000001166,76,50,Violin I,String Ensemble 2 _ 4,Violin 1,85200,150
158.02213049999997,0.28846125000001166,71,50,Violin I,String Ensemble 2 _ 4,Violin 1,85320,150
158.25289949999998,0.28846124999998324,76,50,Violin I,String Ensemble 2 _ 4,Violin 1,85440,150
158.48366849999996,0.28846124999998324,80,50,Violin I,String Ensemble 2 _ 4,Violin 1,85560,150
158.71443749999997,0.28846124999998324,83,50,Violin I,String Ensemble 2 _ 4,Violin 1,85680,150
158.94520649999995,0.28846125000001166,80,50,Violin I,String Ensemble 2 _ 4,Violin 1,85800,150
159.17597549999996,0.28846125000001166,76,50,Violin I,String Ensemble 2 _ 4,Violin 1,85920,150
159.40674449999997,0.28846125000001166,71,50,Violin I,String Ensemble 2 _ 4,Violin 1,86040,150
159.63751349999998,0.28846124999998324,76,50,Violin I,String Ensemble 2 _ 4,Violin 1,86160,150
159.86828249999996,0.28846125000001166,80,50,Violin I,String Ensemble 2 _ 4,Violin 1,86280,150
160.09905149999997,0.28858474999998407,85,50,Violin I,String Ensemble 2 _ 4,Violin 1,86400,150
160.32982049999995,0.2892028125000081,80,50,Violin I,String Ensemble 2 _ 4,Violin 1,86520,150
160.56108349999997,0.28982368750001797,76,50,Violin I,String Ensemble 2 _ 4,Violin 1,86640,150
160.79284274999998,0.29044731249999245,73,50,Violin I,String Ensemble 2 _ 4,Violin 1,86760,150
161.02510049999998,0.2910734999999818,76,50,Violin I,String Ensemble 2 _ 4,Violin 1,86880,150
161.25785874999997,0.2917024999999853,80,50,Violin I,String Ensemble 2 _ 4,Violin 1,87000,150
161.49111974999997,0.29233425000001034,83,50,Violin I,String Ensemble 2 _ 4,Violin 1,87120,150
161.72488574999997,0.2929686250000145,80,50,Violin I,String Ensemble 2 _ 4,Violin 1,87240,150
161.95915874999997,0.2936059999999827,76,50,Violin I,String Ensemble 2 _ 4,Violin 1,87360,150
162.19394124999997,0.29424587500000143,71,50,Violin I,String Ensemble 2 _ 4,Violin 1,87480,150
162.42923524999998,0.2948883749999993,76,50,Violin I,String Ensemble 2 _ 4,Violin 1,87600,150
162.66504274999997,0.177242624999991,80,50,Violin I,String Ensemble 2 _ 4,Violin 1,87720,90
162.90136624999997,0.29618231250000804,85,50,Violin I,String Ensemble 2 _ 4,Violin 1,87840,150
163.13820799999996,0.2968335624999838,80,50,Violin I,String Ensemble 2 _ 4,Violin 1,87960,150
163.37557024999995,0.2974878125000089,76,50,Violin I,String Ensemble 2 _ 4,Violin 1,88080,150
163.61345549999996,0.2981446874999847,73,50,Violin I,String Ensemble 2 _ 4,Violin 1,88200,150
163.85186574999994,0.2988046874999952,76,50,Violin I,String Ensemble 2 _ 4,Violin 1,88320,150
164.09080349999994,0.29946774999999093,80,50,Violin I,String Ensemble 2 _ 4,Violin 1,88440,150
164.33027124999992,0.3001335000000154,83,50,Violin I,String Ensemble 2 _ 4,Violin 1,88560,150
164.57027124999993,0.3008017500000051,80,50,Violin I,String Ensemble 2 _ 4,Violin 1,88680,150
164.81080524999993,0.3014735625000071,76,50,Violin I,String Ensemble 2 _ 4,Violin 1,88800,150
165.05187624999994,0.3021482500000161,71,50,Violin I,String Ensemble 2 _ 4,Violin 1,88920,150
165.29348649999994,0.302826062500003,76,50,Violin I,String Ensemble 2 _ 4,Violin 1,89040,150
165.53563849999995,0.3035069999999962,80,50,Violin I,String Ensemble 2 _ 4,Violin 1,89160,150
165.77833474999994,0.304191000000003,85,50,Violin I,String Ensemble 2 _ 4,Violin 1,89280,150
166.02157774999995,0.30487793750000947,80,50,Violin I,String Ensemble 2 _ 4,Violin 1,89400,150
166.26536974999996,0.3055681875000005,76,50,Violin I,String Ensemble 2 _ 4,Violin 1,89520,150
166.50971349999998,0.3062612500000057,73,50,Violin I,String Ensemble 2 _ 4,Violin 1,89640,150
166.75461124999998,0.30695731250000335,76,50,Violin I,String Ensemble 2 _ 4,Violin 1,89760,150
167.00006524999998,0.30765700000000606,80,50,Violin I,String Ensemble 2 _ 4,Violin 1,89880,150
167.24607849999998,0.3083598125000151,85,50,Violin I,String Ensemble 2 _ 4,Violin 1,90000,150
167.4926535,0.309065750000002,80,50,Violin I,String Ensemble 2 _ 4,Violin 1,90120,150
167.73979275,0.309774874999988,76,50,Violin I,String Ensemble 2 _ 4,Violin 1,90240,150
167.98749875,0.31048743750000085,73,50,Violin I,String Ensemble 2 _ 4,Violin 1,90360,150
168.23577425,0.31134775000001014,76,50,Violin I,String Ensemble 2 _ 4,Violin 1,90480,150
168.484622,0.1875,80,50,Violin I,String Ensemble 2 _ 4,Violin 1,90600,90
171.734622,0.5625,71,50,Violin I,String Ensemble 2 _ 4,Violin 1,92160,270
172.234622,0.5625,68,50,Violin I,String Ensemble 2 _ 4,Violin 1,92400,270
172.734622,0.5625,66,50,Violin I,String Ensemble 2 _ 4,Violin 1,92640,270
173.234622,0.5625,64,50,Violin I,String Ensemble 2 _ 4,Violin 1,92880,270
173.734622,0.5625,66,50,Violin I,String Ensemble 2 _ 4,Violin 1,93120,270
174.234622,0.375,68,50,Violin I,String Ensemble 2 _ 4,Violin 1,93360,180
174.734622,0.4375,71,50,Violin I,String Ensemble 2 _ 4,Violin 1,93600,210
175.172122,0.125,68,50,Violin I,String Ensemble 2 _ 4,Violin 1,93810,60
175.234622,0.125,69,50,Violin I,String Ensemble 2 _ 4,Violin 1,93840,60
175.359622,0.4375,68,50,Violin I,String Ensemble 2 _ 4,Violin 1,93900,210
175.734622,0.5625,66,50,Violin I,String Ensemble 2 _ 4,Violin 1,94080,270
176.234622,0.5625,64,50,Violin I,String Ensemble 2 _ 4,Violin 1,94320,270
176.734622,0.3125,66,50,Violin I,String Ensemble 2 _ 4,Violin 1,94560,150
176.984622,0.3125,68,50,Violin I,String Ensemble 2 _ 4,Violin 1,94680,150
177.234622,0.3125,66,50,Violin I,String Ensemble 2 _ 4,Violin 1,94800,150
177.484622,0.1875,68,50,Violin I,String Ensemble 2 _ 4,Violin 1,94920,90
177.734622,1.59193987499998,71,50,Violin I,String Ensemble 2 _ 4,Violin 1,95040,750
177.734622,3.191302562499999,64,50,Violin I,String Ensemble 2 _ 4,Violin 1,95040,1470
179.26134449999998,1.664580062500022,70,50,Violin I,String Ensemble 2 _ 4,Violin 1,95760,750
180.85774275,3.340908812500004,63,50,Violin I,String Ensemble 2 _ 4,Violin 1,96480,1470
180.85774275,3.340908812500004,69,50,Violin I,String Ensemble 2 _ 4,Violin 1,96480,1470
184.13046975,0.5454545000000053,64,50,Violin I,String Ensemble 2 _ 4,Violin 1,97920,240
184.13046975,0.5454545000000053,68,50,Violin I,String Ensemble 2 _ 4,Violin 1,97920,240
190.67592375,1.704545312499988,71,50,Violin I,String Ensemble 2 _ 4,Violin 1,100800,750
190.67592375,3.3409088124999755,64,50,Violin I,String Ensemble 2 _ 4,Violin 1,100800,1470
192.31228725,1.704545312499988,70,50,Violin I,String Ensemble 2 _ 4,Violin 1,101520,750
193.94865074999998,3.340908812500004,63,50,Violin I,String Ensemble 2 _ 4,Violin 1,102240,1470
193.94865074999998,3.340908812500004,69,50,Violin I,String Ensemble 2 _ 4,Violin 1,102240,1470
197.22137775,0.5454545000000053,64,50,Violin I,String Ensemble 2 _ 4,Violin 1,103680,240
197.22137775,0.5454545000000053,68,50,Violin I,String Ensemble 2 _ 4,Violin 1,103680,240
200.49410475,3.340908812500004,63,50,Violin I,String Ensemble 2 _ 4,Violin 1,105120,1470
200.49410475,3.340908812500004,69,50,Violin I,String Ensemble 2 _ 4,Violin 1,105120,1470
203.76683175,0.5454545000000053,64,50,Violin I,String Ensemble 2 _ 4,Violin 1,106560,240
203.76683175,0.5454545000000053,68,50,Violin I,String Ensemble 2 _ 4,Violin 1,106560,240
205.40319524999998,1.7045453125000165,63,50,Violin I,String Ensemble 2 _ 4,Violin 1,107280,750
205.40319524999998,1.7045453125000165,69,50,Violin I,String Ensemble 2 _ 4,Violin 1,107280,750
207.03955875,0.5454545000000053,64,50,Violin I,String Ensemble 2 _ 4,Violin 1,108000,240
207.03955875,0.5454545000000053,68,50,Violin I,String Ensemble 2 _ 4,Violin 1,108000,240
208.67592224999999,1.9943180625000139,63,50,Violin I,String Ensemble 2 _ 4,Violin 1,108720,720
208.67592224999999,1.9943180625000139,69,50,Violin I,String Ensemble 2 _ 4,Violin 1,108720,720
230.8416523125,2.7976162500000044,71,45,Violin I,String Ensemble 2 _ 4,Violin 1,119520,1410
230.8416523125,2.7976162500000044,83,45,Violin I,String Ensemble 2 _ 4,Violin 1,119520,1410
233.6987923125,3.0387908749999895,73,40,Violin I,String Ensemble 2 _ 4,Violin 1,120960,1410
233.6987923125,3.0387908749999895,85,40,Violin I,String Ensemble 2 _ 4,Violin 1,120960,1410
236.80223831249998,10.20689200000001,76,40,Violin I,String Ensemble 2 _ 4,Violin 1,122400,3360
236.80223831249998,10.20689200000001,88,40,Violin I,String Ensemble 2 _ 4,Violin 1,122400,3360
10.746264,5.317161875,56,40,Violin II,String Ensemble 2 _ 5,Violin 2,7200,2850
10.746264,5.317161875,59,40,Violin II,String Ensemble 2 _ 5,Violin 2,7200,2850
16.119396,1.3992531250000013,59,40,Violin II,String Ensemble 2 _ 5,Violin 2,10080,750
16.119396,2.630595875000001,56,40,Violin II,String Ensemble 2 _ 5,Violin 2,10080,1410
17.462678999999998,1.2873128750000014,61,40,Violin II,String Ensemble 2 _ 5,Violin 2,10800,690
18.805961999999997,3.1343270000000025,60,45,Violin II,String Ensemble 2 _ 5,Violin 2,11520,1680
18.805961999999997,3.1343270000000025,63,45,Violin II,String Ensemble 2 _ 5,Violin 2,11520,1680
32.238792,5.317161875000004,60,40,Violin II,String Ensemble 2 _ 5,Violin 2,18720,2850
32.238792,5.317161875000004,63,40,Violin II,String Ensemble 2 _ 5,Violin 2,18720,2850
37.611923999999995,1.3992531250000013,60,40,Violin II,String Ensemble 2 _ 5,Violin 2,21600,750
37.611923999999995,1.3992531250000013,63,40,Violin II,String Ensemble 2 _ 5,Violin 2,21600,750
38.955206999999994,1.287312875000005,61,40,Violin II,String Ensemble 2 _ 5,Violin 2,22320,690
38.955206999999994,1.287312875000005,64,40,Violin II,String Ensemble 2 _ 5,Violin 2,22320,690
40.298489999999994,3.134327000000006,63,45,Violin II,String Ensemble 2 _ 5,Violin 2,23040,1680
40.298489999999994,3.134327000000006,66,45,Violin II,String Ensemble 2 _ 5,Violin 2,23040,1680
45.671622,3.134326999999999,63,40,Violin II,String Ensemble 2 _ 5,Violin 2,25920,1680
45.671622,3.134326999999999,66,40,Violin II,String Ensemble 2 _ 5,Violin 2,25920,1680
49.701471,1.2873128749999978,63,50,Violin II,String Ensemble 2 _ 5,Violin 2,28080,690
49.701471,1.2873128749999978,66,50,Violin II,String Ensemble 2 _ 5,Violin 2,28080,690
51.044754,1.2873128749999978,63,63,Violin II,String Ensemble 2 _ 5,Violin 2,28800,690
51.044754,1.2873128749999978,69,63,Violin II,String Ensemble 2 _ 5,Violin 2,28800,690
52.388037,1.484692937499986,63,76,Violin II,String Ensemble 2 _ 5,Violin 2,29520,690
52.388037,1.484692937499986,69,76,Violin II,String Ensemble 2 _ 5,Violin 2,29520,690
77.33088324999999,0.27106906250000407,87,100,Violin II,String Ensemble 2 _ 5,Violin 2,43200,150
77.54827449999999,0.26849599999999896,84,99,Violin II,String Ensemble 2 _ 5,Violin 2,43320,150
77.76298574999998,0.26903112499999793,80,97,Violin II,String Ensemble 2 _ 5,Violin 2,43440,150
77.97812474999998,0.2695684374999985,75,95,Violin II,String Ensemble 2 _ 5,Violin 2,43560,150
78.19369324999998,0.27010787499999367,80,94,Violin II,String Ensemble 2 _ 5,Violin 2,43680,150
78.40969299999998,0.1623243749999972,84,92,Violin II,String Ensemble 2 _ 5,Violin 2,43800,90
78.62612549999997,0.2711931875000033,84,90,Violin II,String Ensemble 2 _ 5,Violin 2,43920,150
78.84299274999998,0.27173918750000325,80,89,Violin II,String Ensemble 2 _ 5,Violin 2,44040,150
79.06029649999998,0.27228718749999814,75,87,Violin II,String Ensemble 2 _ 5,Violin 2,44160,150
79.27803824999998,0.2728374999999943,72,85,Violin II,String Ensemble 2 _ 5,Violin 2,44280,150
79.49621999999998,0.273389624999993,75,84,Violin II,String Ensemble 2 _ 5,Violin 2,44400,150
79.71484299999997,0.16429987499999754,80,82,Violin II,String Ensemble 2 _ 5,Violin 2,44520,90
79.93390949999997,0.2745014999999995,80,80,Violin II,String Ensemble 2 _ 5,Violin 2,44640,150
80.15342124999997,0.275061000000008,75,79,Violin II,String Ensemble 2 _ 5,Violin 2,44760,150
80.37338024999997,0.27562268750000385,72,77,Violin II,String Ensemble 2 _ 5,Violin 2,44880,150
80.59378824999997,0.2761865625000013,68,75,Violin II,String Ensemble 2 _ 5,Violin 2,45000,150
80.81464699999998,0.27675268749999304,72,74,Violin II,String Ensemble 2 _ 5,Violin 2,45120,150
81.03595824999998,0.16632431249999513,75,72,Violin II,String Ensemble 2 _ 5,Violin 2,45240,90
81.25772399999998,0.27789200000000847,75,70,Violin II,String Ensemble 2 _ 5,Violin 2,45360,150
81.47994599999998,0.2784649999999971,72,69,Violin II,String Ensemble 2 _ 5,Violin 2,45480,150
81.70262599999998,0.27904056250000053,68,67,Violin II,String Ensemble 2 _ 5,Violin 2,45600,150
81.92576599999998,0.27961874999999736,63,65,Violin II,String Ensemble 2 _ 5,Violin 2,45720,150
82.14936824999998,0.2801989999999961,68,64,Violin II,String Ensemble 2 _ 5,Violin 2,45840,150
82.37343424999997,0.16839899999999375,72,62,Violin II,String Ensemble 2 _ 5,Violin 2,45960,90
83.04843549999997,0.5090788125000074,80,63,Violin II,String Ensemble 2 _ 5,Violin 2,46320,270
84.41122724999997,0.5155589999999961,80,73,Violin II,String Ensemble 2 _ 5,Violin 2,47040,270
85.79143349999997,0.5192302500000068,76,83,Violin II,String Ensemble 2 _ 5,Violin 2,47760,270
87.17604749999997,0.5192302500000068,78,93,Violin II,String Ensemble 2 _ 5,Violin 2,48480,270
88.09912349999996,0.28846125000001166,87,100,Violin II,String Ensemble 2 _ 5,Violin 2,48960,150
88.32989249999997,0.28846124999999745,84,94,Violin II,String Ensemble 2 _ 5,Violin 2,49080,150
88.56066149999997,0.28846124999999745,80,88,Violin II,String Ensemble 2 _ 5,Violin 2,49200,150
88.79143049999996,0.28846125000001166,75,82,Violin II,String Ensemble 2 _ 5,Violin 2,49320,150
89.02219949999997,0.28846124999999745,80,76,Violin II,String Ensemble 2 _ 5,Violin 2,49440,150
89.25296849999997,0.23076899999999512,84,70,Violin II,String Ensemble 2 _ 5,Violin 2,49560,120
89.94527549999997,0.5192302500000068,85,82,Violin II,String Ensemble 2 _ 5,Violin 2,49920,270
90.40681349999997,0.4038457500000021,73,91,Violin II,String Ensemble 2 _ 5,Violin 2,50160,210
90.86835149999997,0.28846124999999745,87,100,Violin II,String Ensemble 2 _ 5,Violin 2,50400,150
91.09912049999997,0.28846124999999745,84,97,Violin II,String Ensemble 2 _ 5,Violin 2,50520,150
91.32988949999996,0.28846124999999745,80,93,Violin II,String Ensemble 2 _ 5,Violin 2,50640,150
91.56065849999997,0.28846124999999745,75,89,Violin II,String Ensemble 2 _ 5,Violin 2,50760,150
91.79142749999997,0.28846124999999745,80,85,Violin II,String Ensemble 2 _ 5,Violin 2,50880,150
92.02219649999996,0.23076900000000933,84,82,Violin II,String Ensemble 2 _ 5,Violin 2,51000,120
92.71450349999996,0.5192302500000068,85,70,Violin II,String Ensemble 2 _ 5,Violin 2,51360,270
93.17604149999997,0.4038457500000021,73,71,Violin II,String Ensemble 2 _ 5,Violin 2,51600,210
93.63757949999997,0.28846124999999745,68,72,Violin II,String Ensemble 2 _ 5,Violin 2,51840,150
93.86834849999997,0.28846124999999745,63,73,Violin II,String Ensemble 2 _ 5,Violin 2,51960,150
94.09911749999996,0.28846125000001166,60,74,Violin II,String Ensemble 2 _ 5,Violin 2,52080,150
94.32988649999997,0.28846124999999745,63,75,Violin II,String Ensemble 2 _ 5,Violin 2,52200,150
94.56065549999997,0.28846124999999745,68,75,Violin II,String Ensemble 2 _ 5,Violin 2,52320,150
94.79142449999996,0.173076750000007,72,76,Violin II,String Ensemble 2 _ 5,Violin 2,52440,90
95.02219349999997,0.28846124999999745,72,77,Violin II,String Ensemble 2 _ 5,Violin 2,52560,150
95.25296249999997,0.28846124999999745,68,77,Violin II,String Ensemble 2 _ 5,Violin 2,52680,150
95.48373149999998,0.28846124999999745,63,78,Violin II,String Ensemble 2 _ 5,Violin 2,52800,150
95.71450049999997,0.28846124999999745,68,79,Violin II,String Ensemble 2 _ 5,Violin 2,52920,150
95.94526949999997,0.28846124999999745,72,80,Violin II,String Ensemble 2 _ 5,Violin 2,53040,150
96.17603849999998,0.17307674999999278,75,80,Violin II,String Ensemble 2 _ 5,Violin 2,53160,90
96.40680749999997,0.28846124999999745,75,81,Violin II,String Ensemble 2 _ 5,Violin 2,53280,150
96.63757649999997,0.28846124999999745,72,82,Violin II,String Ensemble 2 _ 5,Violin 2,53400,150
96.86834549999998,0.28846124999999745,68,82,Violin II,String Ensemble 2 _ 5,Violin 2,53520,150
97.09911449999997,0.28846124999999745,72,83,Violin II,String Ensemble 2 _ 5,Violin 2,53640,150
97.32988349999997,0.28846124999999745,75,84,Violin II,String Ensemble 2 _ 5,Violin 2,53760,150
97.56065249999997,0.17307674999999278,80,85,Violin II,String Ensemble 2 _ 5,Violin 2,53880,90
97.79142149999997,0.28846124999999745,79,85,Violin II,String Ensemble 2 _ 5,Violin 2,54000,150
98.02219049999997,0.28846124999999745,76,86,Violin II,String Ensemble 2 _ 5,Violin 2,54120,150
98.25295949999997,0.28846124999999745,72,87,Violin II,String Ensemble 2 _ 5,Violin 2,54240,150
98.48372849999997,0.28846124999999745,76,87,Violin II,String Ensemble 2 _ 5,Violin 2,54360,150
98.71449749999996,0.28846125000001166,79,88,Violin II,String Ensemble 2 _ 5,Violin 2,54480,150
98.94526649999997,0.17307674999999278,84,89,Violin II,String Ensemble 2 _ 5,Violin 2,54600,90
99.17603549999997,0.28846124999999745,84,90,Violin II,String Ensemble 2 _ 5,Violin 2,54720,150
99.40680449999996,0.28846125000001166,81,89,Violin II,String Ensemble 2 _ 5,Violin 2,54840,150
99.63757349999997,0.28846124999999745,77,88,Violin II,String Ensemble 2 _ 5,Violin 2,54960,150
99.86834249999997,0.28846124999999745,72,87,Violin II,String Ensemble 2 _ 5,Violin 2,55080,150
100.09911149999996,0.28846125000001166,77,85,Violin II,String Ensemble 2 _ 5,Violin 2,55200,150
100.32988049999997,0.17307674999999278,81,84,Violin II,String Ensemble 2 _ 5,Violin 2,55320,90
100.56064949999997,0.28846124999999745,81,83,Violin II,String Ensemble 2 _ 5,Violin 2,55440,150
100.79141849999996,0.28846125000001166,77,82,Violin II,String Ensemble 2 _ 5,Violin 2,55560,150
101.02218749999997,0.28846124999999745,72,80,Violin II,String Ensemble 2 _ 5,Violin 2,55680,150
101.25295649999997,0.28846124999999745,69,79,Violin II,String Ensemble 2 _ 5,Violin 2,55800,150
101.48372549999996,0.28846125000001166,72,78,Violin II,String Ensemble 2 _ 5,Violin 2,55920,150
101.71449449999997,0.17307674999999278,77,77,Violin II,String Ensemble 2 _ 5,Violin 2,56040,90
101.94526349999997,0.28846124999999745,77,75,Violin II,String Ensemble 2 _ 5,Violin 2,56160,150
102.17603249999996,0.28846125000001166,72,74,Violin II,String Ensemble 2 _ 5,Violin 2,56280,150
102.40680149999997,0.28846124999999745,69,73,Violin II,String Ensemble 2 _ 5,Violin 2,56400,150
102.63757049999997,0.28846124999999745,65,72,Violin II,String Ensemble 2 _ 5,Violin 2,56520,150
102.86833949999996,0.28846125000001166,69,70,Violin II,String Ensemble 2 _ 5,Violin 2,56640,150
103.09910849999997,0.17307674999999278,72,69,Violin II,String Ensemble 2 _ 5,Violin 2,56760,90
103.32987749999997,0.28846124999999745,72,68,Violin II,String Ensemble 2 _ 5,Violin 2,56880,150
103.56064649999996,0.28846125000001166,69,67,Violin II,String Ensemble 2 _ 5,Violin 2,57000,150
103.79141549999997,0.28846124999999745,65,65,Violin II,String Ensemble 2 _ 5,Violin 2,57120,150
104.02218449999997,0.28846124999999745,60,64,Violin II,String Ensemble 2 _ 5,Violin 2,57240,150
104.25295349999996,0.28846125000001166,65,63,Violin II,String Ensemble 2 _ 5,Violin 2,57360,150
104.48372249999997,0.17307674999999278,69,62,Violin II,String Ensemble 2 _ 5,Violin 2,57480,90
105.17602949999997,0.5192302499999926,77,62,Violin II,String Ensemble 2 _ 5,Violin 2,57840,270
106.56064349999997,0.5192302499999926,75,70,Violin II,String Ensemble 2 _ 5,Violin 2,58560,270
107.94525749999997,0.5192302499999926,73,77,Violin II,String Ensemble 2 _ 5,Violin 2,59280,270
109.32987149999997,0.5192302499999926,75,85,Violin II,String Ensemble 2 _ 5,Violin 2,60000,270
110.25294749999998,0.28846124999999745,84,90,Violin II,String Ensemble 2 _ 5,Violin 2,60480,150
110.48371649999997,0.28846124999999745,81,85,Violin II,String Ensemble 2 _ 5,Violin 2,60600,150
110.71448549999997,0.28846124999999745,77,80,Violin II,String Ensemble 2 _ 5,Violin 2,60720,150
110.94525449999998,0.28846124999999745,72,75,Violin II,String Ensemble 2 _ 5,Violin 2,60840,150
111.17602349999997,0.28846124999999745,77,70,Violin II,String Ensemble 2 _ 5,Violin 2,60960,150
111.40679249999997,0.173076750000007,81,65,Violin II,String Ensemble 2 _ 5,Violin 2,61080,90
112.09909949999997,0.5192302500000068,82,70,Violin II,String Ensemble 2 _ 5,Violin 2,61440,270
112.56063749999997,0.4038457500000021,70,80,Violin II,String Ensemble 2 _ 5,Violin 2,61680,210
113.02217549999997,0.28846124999999745,84,90,Violin II,String Ensemble 2 _ 5,Violin 2,61920,150
113.25294449999997,0.28846124999999745,81,85,Violin II,String Ensemble 2 _ 5,Violin 2,62040,150
113.48371349999996,0.28846125000001166,77,80,Violin II,String Ensemble 2 _ 5,Violin 2,62160,150
113.71448249999997,0.28846124999999745,72,75,Violin II,String Ensemble 2 _ 5,Violin 2,62280,150
113.94525149999997,0.28846124999999745,77,70,Violin II,String Ensemble 2 _ 5,Violin 2,62400,150
114.17602049999996,0.173076750000007,81,65,Violin II,String Ensemble 2 _ 5,Violin 2,62520,90
114.86832749999996,0.5192302500000068,82,63,Violin II,String Ensemble 2 _ 5,Violin 2,62880,270
115.32986549999997,0.4038457500000021,70,66,Violin II,String Ensemble 2 _ 5,Violin 2,63120,210
115.79140349999997,0.28846124999999745,65,70,Violin II,String Ensemble 2 _ 5,Violin 2,63360,150
116.02217249999997,0.28846124999999745,60,71,Violin II,String Ensemble 2 _ 5,Violin 2,63480,150
116.25294149999996,0.28846125000001166,57,73,Violin II,String Ensemble 2 _ 5,Violin 2,63600,150
116.48371049999997,0.28846124999999745,60,75,Violin II,String Ensemble 2 _ 5,Violin 2,63720,150
116.71447949999997,0.28846124999999745,65,76,Violin II,String Ensemble 2 _ 5,Violin 2,63840,150
116.94524849999996,0.173076750000007,69,78,Violin II,String Ensemble 2 _ 5,Violin 2,63960,90
117.17601749999997,0.28846124999999745,69,80,Violin II,String Ensemble 2 _ 5,Violin 2,64080,150
117.40678649999997,0.28846124999999745,65,81,Violin II,String Ensemble 2 _ 5,Violin 2,64200,150
117.63755549999996,0.28846125000001166,60,83,Violin II,String Ensemble 2 _ 5,Violin 2,64320,150
117.86832449999997,0.28846124999999745,65,85,Violin II,String Ensemble 2 _ 5,Violin 2,64440,150
118.09909349999997,0.28846124999999745,69,86,Violin II,String Ensemble 2 _ 5,Violin 2,64560,150
118.32986249999996,0.173076750000007,72,88,Violin II,String Ensemble 2 _ 5,Violin 2,64680,90
118.56063149999997,0.28846124999999745,72,90,Violin II,String Ensemble 2 _ 5,Violin 2,64800,150
118.79140049999997,0.28846124999999745,69,91,Violin II,String Ensemble 2 _ 5,Violin 2,64920,150
119.02216949999996,0.28846125000001166,65,93,Violin II,String Ensemble 2 _ 5,Violin 2,65040,150
119.25293849999997,0.28846124999999745,69,95,Violin II,String Ensemble 2 _ 5,Violin 2,65160,150
119.48370749999997,0.28846124999999745,72,96,Violin II,String Ensemble 2 _ 5,Violin 2,65280,150
119.71447649999996,0.173076750000007,77,98,Violin II,String Ensemble 2 _ 5,Violin 2,65400,90
119.94524549999997,0.28846124999999745,76,100,Violin II,String Ensemble 2 _ 5,Violin 2,65520,150
120.17601449999997,0.28846124999999745,73,101,Violin II,String Ensemble 2 _ 5,Violin 2,65640,150
120.40678349999996,0.28846125000001166,69,103,Violin II,String Ensemble 2 _ 5,Violin 2,65760,150
120.63755249999997,0.28846124999999745,73,105,Violin II,String Ensemble 2 _ 5,Violin 2,65880,150
120.86832149999998,0.28846124999998324,76,106,Violin II,String Ensemble 2 _ 5,Violin 2,66000,150
121.09909049999996,0.173076750000007,81,108,Violin II,String Ensemble 2 _ 5,Violin 2,66120,90
121.32985949999997,0.28846124999999745,81,110,Violin II,String Ensemble 2 _ 5,Violin 2,66240,150
121.56062849999998,0.28846124999998324,78,109,Violin II,String Ensemble 2 _ 5,Violin 2,66360,150
121.79139749999996,0.28846125000001166,74,108,Violin II,String Ensemble 2 _ 5,Violin 2,66480,150
122.02216649999997,0.28846124999999745,69,107,Violin II,String Ensemble 2 _ 5,Violin 2,66600,150
122.25293549999998,0.28846124999998324,74,105,Violin II,String Ensemble 2 _ 5,Violin 2,66720,150
122.48370449999996,0.173076750000007,78,104,Violin II,String Ensemble 2 _ 5,Violin 2,66840,90
122.71447349999997,0.28846124999999745,81,103,Violin II,String Ensemble 2 _ 5,Violin 2,66960,150
122.94524249999998,0.28846124999998324,78,102,Violin II,String Ensemble 2 _ 5,Violin 2,67080,150
123.17601149999996,0.28846125000001166,74,100,Violin II,String Ensemble 2 _ 5,Violin 2,67200,150
123.40678049999997,0.28846124999999745,69,99,Violin II,String Ensemble 2 _ 5,Violin 2,67320,150
123.63754949999998,0.28846124999998324,74,98,Violin II,String Ensemble 2 _ 5,Violin 2,67440,150
123.86831849999996,0.173076750000007,78,97,Violin II,String Ensemble 2 _ 5,Violin 2,67560,90
124.09908749999997,0.28846125000001166,81,95,Violin II,String Ensemble 2 _ 5,Violin 2,67680,150
124.32985649999998,0.28846124999998324,78,94,Violin II,String Ensemble 2 _ 5,Violin 2,67800,150
124.56062549999997,0.28846124999999745,74,93,Violin II,String Ensemble 2 _ 5,Violin 2,67920,150
124.79139449999997,0.28846125000001166,69,92,Violin II,String Ensemble 2 _ 5,Violin 2,68040,150
125.02216349999998,0.28846124999998324,74,90,Violin II,String Ensemble 2 _ 5,Violin 2,68160,150
125.25293249999997,0.17307674999999278,78,89,Violin II,String Ensemble 2 _ 5,Violin 2,68280,90
125.48370149999997,0.28846125000001166,81,88,Violin II,String Ensemble 2 _ 5,Violin 2,68400,150
125.71447049999998,0.28846124999998324,78,87,Violin II,String Ensemble 2 _ 5,Violin 2,68520,150
125.94523949999999,0.28846124999998324,74,85,Violin II,String Ensemble 2 _ 5,Violin 2,68640,150
126.17600849999997,0.28846125000001166,69,84,Violin II,String Ensemble 2 _ 5,Violin 2,68760,150
126.40677749999998,0.28846124999998324,74,83,Violin II,String Ensemble 2 _ 5,Violin 2,68880,150
126.63754649999996,0.173076750000007,78,82,Violin II,String Ensemble 2 _ 5,Violin 2,69000,90
126.86831549999997,0.28846125000001166,81,80,Violin II,String Ensemble 2 _ 5,Violin 2,69120,150
127.09908449999998,0.28846124999998324,78,79,Violin II,String Ensemble 2 _ 5,Violin 2,69240,150
127.32985349999998,0.28846124999998324,74,78,Violin II,String Ensemble 2 _ 5,Violin 2,69360,150
127.56062249999997,0.28846125000001166,69,77,Violin II,String Ensemble 2 _ 5,Violin 2,69480,150
127.79139149999997,0.28846124999998324,74,75,Violin II,String Ensemble 2 _ 5,Violin 2,69600,150
128.02216049999996,0.28846125000001166,78,74,Violin II,String Ensemble 2 _ 5,Violin 2,69720,150
128.25292949999996,0.28846125000001166,81,73,Violin II,String Ensemble 2 _ 5,Violin 2,69840,150
128.48369849999997,0.28846125000001166,78,72,Violin II,String Ensemble 2 _ 5,Violin 2,69960,150
128.71446749999998,0.28846124999998324,74,70,Violin II,String Ensemble 2 _ 5,Violin 2,70080,150
128.94523649999996,0.28846125000001166,69,69,Violin II,String Ensemble 2 _ 5,Violin 2,70200,150
129.17600549999997,0.28846124999998324,74,68,Violin II,String Ensemble 2 _ 5,Violin 2,70320,150
129.40677449999995,0.28846125000001166,78,67,Violin II,String Ensemble 2 _ 5,Violin 2,70440,150
129.63754349999996,0.28846125000001166,81,65,Violin II,String Ensemble 2 _ 5,Violin 2,70560,150
129.86831249999997,0.28846125000001166,77,64,Violin II,String Ensemble 2 _ 5,Violin 2,70680,150
130.09908149999998,0.28846124999998324,73,63,Violin II,String Ensemble 2 _ 5,Violin 2,70800,150
130.32985049999996,0.28846125000001166,69,62,Violin II,String Ensemble 2 _ 5,Violin 2,70920,150
130.56061949999997,0.28846124999998324,73,60,Violin II,String Ensemble 2 _ 5,Violin 2,71040,150
130.79138849999995,0.28846125000001166,77,59,Violin II,String Ensemble 2 _ 5,Violin 2,71160,150
131.02215749999996,0.28846125000001166,81,58,Violin II,String Ensemble 2 _ 5,Violin 2,71280,150
131.25292649999997,0.28846125000001166,77,57,Violin II,String Ensemble 2 _ 5,Violin 2,71400,150
131.48369549999998,0.28846124999998324,73,55,Violin II,String Ensemble 2 _ 5,Violin 2,71520,150
131.71446449999996,0.28846125000001166,69,54,Violin II,String Ensemble 2 _ 5,Violin 2,71640,150
131.94523349999997,0.28846124999998324,73,53,Violin II,String Ensemble 2 _ 5,Violin 2,71760,150
132.17600249999995,0.173076750000007,77,52,Violin II,String Ensemble 2 _ 5,Violin 2,71880,90
132.86830949999998,0.4038457499999879,65,40,Violin II,String Ensemble 2 _ 5,Violin 2,72240,210
133.32984749999997,0.4038457499999879,69,40,Violin II,String Ensemble 2 _ 5,Violin 2,72480,210
134.25292349999998,0.4038457499999879,65,40,Violin II,String Ensemble 2 _ 5,Violin 2,72960,210
134.71446149999997,0.4038457499999879,69,40,Violin II,String Ensemble 2 _ 5,Violin 2,73200,210
135.63753749999998,0.4038457499999879,65,40,Violin II,String Ensemble 2 _ 5,Violin 2,73680,210
136.09907549999997,0.4038457499999879,69,40,Violin II,String Ensemble 2 _ 5,Violin 2,73920,210
137.02215149999998,0.4038457499999879,65,40,Violin II,String Ensemble 2 _ 5,Violin 2,74400,210
137.48368949999997,0.4038457499999879,69,40,Violin II,String Ensemble 2 _ 5,Violin 2,74640,210
138.40676549999998,0.4038457499999879,65,40,Violin II,String Ensemble 2 _ 5,Violin 2,75120,210
138.86830349999997,0.4038457499999879,69,40,Violin II,String Ensemble 2 _ 5,Violin 2,75360,210
139.79137949999998,0.4038457499999879,65,40,Violin II,String Ensemble 2 _ 5,Violin 2,75840,210
140.25291749999997,0.4038457499999879,69,40,Violin II,String Ensemble 2 _ 5,Violin 2,76080,210
141.17599349999998,0.4038457499999879,65,40,Violin II,String Ensemble 2 _ 5,Violin 2,76560,210
141.63753149999997,0.4038457499999879,69,40,Violin II,String Ensemble 2 _ 5,Violin 2,76800,210
143.48368349999996,2.8269202500000006,69,50,Violin II,String Ensemble 2 _ 5,Violin 2,77760,1470
143.48368349999996,2.8269202500000006,81,50,Violin II,String Ensemble 2 _ 5,Violin 2,77760,1470
146.25291149999995,2.7115357500000243,68,50,Violin II,String Ensemble 2 _ 5,Violin 2,79200,1410
146.25291149999995,2.7115357500000243,80,50,Violin II,String Ensemble 2 _ 5,Violin 2,79200,1410
149.02213949999995,0.28846125000001166,80,50,Violin II,String Ensemble 2 _ 5,Violin 2,80640,150
149.25290849999996,0.28846125000001166,76,50,Violin II,String Ensemble 2 _ 5,Violin 2,80760,150
149.48367749999997,0.28846125000001166,71,50,Violin II,String Ensemble 2 _ 5,Violin 2,80880,150
149.71444649999998,0.28846124999998324,68,50,Violin II,String Ensemble 2 _ 5,Violin 2,81000,150
149.9452155,0.28846124999998324,71,50,Violin II,String Ensemble 2 _ 5,Violin 2,81120,150
150.17598449999997,0.28846124999998324,76,50,Violin II,String Ensemble 2 _ 5,Violin 2,81240,150
150.40675349999995,0.28846125000001166,80,50,Violin II,String Ensemble 2 _ 5,Violin 2,81360,150
150.63752249999996,0.28846125000001166,76,50,Violin II,String Ensemble 2 _ 5,Violin 2,81480,150
150.86829149999997,0.28846125000001166,71,50,Violin II,String Ensemble 2 _ 5,Violin 2,81600,150
151.09906049999998,0.28846124999998324,68,50,Violin II,String Ensemble 2 _ 5,Violin 2,81720,150
151.3298295,0.28846124999998324,71,50,Violin II,String Ensemble 2 _ 5,Violin 2,81840,150
151.56059849999997,0.28846124999998324,76,50,Violin II,String Ensemble 2 _ 5,Violin 2,81960,150
151.79136749999995,0.28846125000001166,80,50,Violin II,String Ensemble 2 _ 5,Violin 2,82080,150
152.02213649999996,0.28846125000001166,76,50,Violin II,String Ensemble 2 _ 5,Violin 2,82200,150
152.25290549999997,0.28846125000001166,71,50,Violin II,String Ensemble 2 _ 5,Violin 2,82320,150
152.48367449999998,0.28846125000001166,68,50,Violin II,String Ensemble 2 _ 5,Violin 2,82440,150
152.7144435,0.28846124999998324,71,50,Violin II,String Ensemble 2 _ 5,Violin 2,82560,150
152.94521249999997,0.28846124999998324,76,50,Violin II,String Ensemble 2 _ 5,Violin 2,82680,150
153.17598149999995,0.28846125000001166,80,50,Violin II,String Ensemble 2 _ 5,Violin 2,82800,150
153.40675049999996,0.28846125000001166,76,50,Violin II,String Ensemble 2 _ 5,Violin 2,82920,150
153.63751949999997,0.28846125000001166,71,50,Violin II,String Ensemble 2 _ 5,Violin 2,83040,150
153.86828849999998,0.28846125000001166,68,50,Violin II,String Ensemble 2 _ 5,Violin 2,83160,150
154.0990575,0.28846124999998324,71,50,Violin II,String Ensemble 2 _ 5,Violin 2,83280,150
154.32982649999997,0.173076750000007,76,50,Violin II,String Ensemble 2 _ 5,Violin 2,83400,90
154.56059549999995,0.28846125000001166,80,50,Violin II,String Ensemble 2 _ 5,Violin 2,83520,150
154.79136449999996,0.28846125000001166,76,51,Violin II,String Ensemble 2 _ 5,Violin 2,83640,150
155.02213349999997,0.28846125000001166,71,53,Violin II,String Ensemble 2 _ 5,Violin 2,83760,150
155.25290249999998,0.28846125000001166,68,55,Violin II,String Ensemble 2 _ 5,Violin 2,83880,150
155.48367149999999,0.28846124999998324,71,56,Violin II,String Ensemble 2 _ 5,Violin 2,84000,150
155.71444049999997,0.28846124999998324,76,58,Violin II,String Ensemble 2 _ 5,Violin 2,84120,150
155.94520949999995,0.28846125000001166,80,60,Violin II,String Ensemble 2 _ 5,Violin 2,84240,150
156.17597849999996,0.28846125000001166,76,59,Violin II,String Ensemble 2 _ 5,Violin 2,84360,150
156.40674749999997,0.28846125000001166,73,57,Violin II,String Ensemble 2 _ 5,Violin 2,84480,150
156.63751649999998,0.28846125000001166,68,55,Violin II,String Ensemble 2 _ 5,Violin 2,84600,150
156.86828549999998,0.28846124999998324,73,54,Violin II,String Ensemble 2 _ 5,Violin 2,84720,150
157.09905449999997,0.173076750000007,76,52,Violin II,String Ensemble 2 _ 5,Violin 2,84840,90
157.32982349999997,0.28846124999998324,80,50,Violin II,String Ensemble 2 _ 5,Violin 2,84960,150
157.56059249999996,0.28846125000001166,76,50,Violin II,String Ensemble 2 _ 5,Violin 2,85080,150
157.79136149999997,0.28846125000001166,71,50,Violin II,String Ensemble 2 _ 5,Violin 2,85200,150
158.02213049999997,0.28846125000001166,68,50,Violin II,String Ensemble 2 _ 5,Violin 2,85320,150
158.25289949999998,0.28846124999998324,71,50,Violin II,String Ensemble 2 _ 5,Violin 2,85440,150
158.48366849999996,0.28846124999998324,76,50,Violin II,String Ensemble 2 _ 5,Violin 2,85560,150
158.71443749999997,0.28846124999998324,80,50,Violin II,String Ensemble 2 _ 5,Violin 2,85680,150
158.94520649999995,0.28846125000001166,76,50,Violin II,String Ensemble 2 _ 5,Violin 2,85800,150
159.17597549999996,0.28846125000001166,71,50,Violin II,String Ensemble 2 _ 5,Violin 2,85920,150
159.40674449999997,0.28846125000001166,68,50,Violin II,String Ensemble 2 _ 5,Violin 2,86040,150
159.63751349999998,0.28846124999998324,71,50,Violin II,String Ensemble 2 _ 5,Violin 2,86160,150
159.86828249999996,0.28846125000001166,76,50,Violin II,String Ensemble 2 _ 5,Violin 2,86280,150
160.09905149999997,0.28858474999998407,80,50,Violin II,String Ensemble 2 _ 5,Violin 2,86400,150
160.32982049999995,0.2892028125000081,76,50,Violin II,String Ensemble 2 _ 5,Violin 2,86520,150
160.56108349999997,0.28982368750001797,73,50,Violin II,String Ensemble 2 _ 5,Violin 2,86640,150
160.79284274999998,0.29044731249999245,68,50,Violin II,String Ensemble 2 _ 5,Violin 2,86760,150
161.02510049999998,0.2910734999999818,73,50,Violin II,String Ensemble 2 _ 5,Violin 2,86880,150
161.25785874999997,0.2917024999999853,76,50,Violin II,String Ensemble 2 _ 5,Violin 2,87000,150
161.49111974999997,0.29233425000001034,80,50,Violin II,String Ensemble 2 _ 5,Violin 2,87120,150
161.72488574999997,0.2929686250000145,76,50,Violin II,String Ensemble 2 _ 5,Violin 2,87240,150
161.95915874999997,0.2936059999999827,71,50,Violin II,String Ensemble 2 _ 5,Violin 2,87360,150
162.19394124999997,0.29424587500000143,68,50,Violin II,String Ensemble 2 _ 5,Violin 2,87480,150
162.42923524999998,0.2948883749999993,71,50,Violin II,String Ensemble 2 _ 5,Violin 2,87600,150
162.66504274999997,0.177242624999991,76,50,Violin II,String Ensemble 2 _ 5,Violin 2,87720,90
162.90136624999997,0.29618231250000804,80,50,Violin II,String Ensemble 2 _ 5,Violin 2,87840,150
163.13820799999996,0.2968335624999838,76,50,Violin II,String Ensemble 2 _ 5,Violin 2,87960,150
163.37557024999995,0.2974878125000089,73,50,Violin II,String Ensemble 2 _ 5,Violin 2,88080,150
163.61345549999996,0.2981446874999847,68,50,Violin II,String Ensemble 2 _ 5,Violin 2,88200,150
163.85186574999994,0.2988046874999952,73,50,Violin II,String Ensemble 2 _ 5,Violin 2,88320,150
164.09080349999994,0.29946774999999093,76,50,Violin II,String Ensemble 2 _ 5,Violin 2,88440,150
164.33027124999992,0.3001335000000154,80,50,Violin II,String Ensemble 2 _ 5,Violin 2,88560,150
164.57027124999993,0.3008017500000051,76,50,Violin II,String Ensemble 2 _ 5,Violin 2,88680,150
164.81080524999993,0.3014735625000071,71,50,Violin II,String Ensemble 2 _ 5,Violin 2,88800,150
165.05187624999994,0.3021482500000161,68,50,Violin II,String Ensemble 2 _ 5,Violin 2,88920,150
165.29348649999994,0.302826062500003,71,50,Violin II,String Ensemble 2 _ 5,Violin 2,89040,150
165.53563849999995,0.3035069999999962,76,50,Violin II,String Ensemble 2 _ 5,Violin 2,89160,150
165.77833474999994,0.304191000000003,80,50,Violin II,String Ensemble 2 _ 5,Violin 2,89280,150
166.02157774999995,0.30487793750000947,76,50,Violin II,String Ensemble 2 _ 5,Violin 2,89400,150
166.26536974999996,0.3055681875000005,73,50,Violin II,String Ensemble 2 _ 5,Violin 2,89520,150
166.50971349999998,0.3062612500000057,68,50,Violin II,String Ensemble 2 _ 5,Violin 2,89640,150
166.75461124999998,0.30695731250000335,73,50,Violin II,String Ensemble 2 _ 5,Violin 2,89760,150
167.00006524999998,0.30765700000000606,76,50,Violin II,String Ensemble 2 _ 5,Violin 2,89880,150
167.24607849999998,0.3083598125000151,80,50,Violin II,String Ensemble 2 _ 5,Violin 2,90000,150
167.4926535,0.309065750000002,76,50,Violin II,String Ensemble 2 _ 5,Violin 2,90120,150
167.73979275,0.309774874999988,73,50,Violin II,String Ensemble 2 _ 5,Violin 2,90240,150
167.98749875,0.31048743750000085,68,50,Violin II,String Ensemble 2 _ 5,Violin 2,90360,150
168.23577425,0.31134775000001014,73,50,Violin II,String Ensemble 2 _ 5,Violin 2,90480,150
168.484622,0.1875,76,50,Violin II,String Ensemble 2 _ 5,Violin 2,90600,90
171.734622,1.5625,59,50,Violin II,String Ensemble 2 _ 5,Violin 2,92160,750
173.234622,1.5625,57,50,Violin II,String Ensemble 2 _ 5,Violin 2,92880,750
174.734622,1.5625,59,50,Violin II,String Ensemble 2 _ 5,Violin 2,93600,750
176.234622,1.4375,61,50,Violin II,String Ensemble 2 _ 5,Violin 2,94320,690
171.734622,5.9375,64,50,Violin II,String Ensemble 2 _ 5,Violin 2,92160,2850
179.26134449999998,1.664580062500022,58,50,Violin II,String Ensemble 2 _ 5,Violin 2,95760,750
180.85774275,3.340908812500004,57,50,Violin II,String Ensemble 2 _ 5,Violin 2,96480,1470
184.13046975,0.5454545000000053,56,50,Violin II,String Ensemble 2 _ 5,Violin 2,97920,240
192.31228725,1.704545312499988,58,50,Violin II,String Ensemble 2 _ 5,Violin 2,101520,750
193.94865074999998,3.340908812500004,57,50,Violin II,String Ensemble 2 _ 5,Violin 2,102240,1470
197.22137775,0.5454545000000053,56,50,Violin II,String Ensemble 2 _ 5,Violin 2,103680,240
200.49410475,3.340908812500004,57,50,Violin II,String Ensemble 2 _ 5,Violin 2,105120,1470
203.76683175,0.5454545000000053,56,50,Violin II,String Ensemble 2 _ 5,Violin 2,106560,240
205.40319524999998,1.7045453125000165,57,50,Violin II,String Ensemble 2 _ 5,Violin 2,107280,750
207.03955875,0.5454545000000053,56,50,Violin II,String Ensemble 2 _ 5,Violin 2,108000,240
208.67592224999999,1.9943180625000139,57,50,Violin II,String Ensemble 2 _ 5,Violin 2,108720,720
219.4130923125,1.4880937499999902,59,50,Violin II,String Ensemble 2 _ 5,Violin 2,113760,750
220.8416623125,1.4880937499999902,61,50,Violin II,String Ensemble 2 _ 5,Violin 2,114480,750
222.27023231249999,1.4880937500000186,59,50,Violin II,String Ensemble 2 _ 5,Violin 2,115200,750
223.6988023125,1.4880937500000186,61,50,Violin II,String Ensemble 2 _ 5,Violin 2,115920,750
225.1273723125,0.9523800000000051,59,50,Violin II,String Ensemble 2 _ 5,Violin 2,116640,480
219.4130923125,6.666660000000007,64,50,Violin II,String Ensemble 2 _ 5,Violin 2,113760,3360
230.8416523125,2.7976162500000044,76,45,Violin II,String Ensemble 2 _ 5,Violin 2,119520,1410
230.8416523125,2.7976162500000044,80,45,Violin II,String Ensemble 2 _ 5,Violin 2,119520,1410
233.6987923125,3.0387908749999895,76,40,Violin II,String Ensemble 2 _ 5,Violin 2,120960,1410
233.6987923125,3.0387908749999895,80,40,Violin II,String Ensemble 2 _ 5,Violin 2,120960,1410
236.80223831249998,10.20689200000001,80,40,Violin II,String Ensemble 2 _ 5,Violin 2,122400,3360
236.80223831249998,10.20689200000001,83,40,Violin II,String Ensemble 2 _ 5,Violin 2,122400,3360
9.402981,0.5037311249999998,59,70,Viola,String Ensemble 2 _ 3,Viola,6480,270
9.850742,0.5037311249999998,56,70,Viola,String Ensemble 2 _ 3,Viola,6720,270
10.298503,0.5037311249999998,54,70,Viola,String Ensemble 2 _ 3,Viola,6960,270
10.746264,5.317161875,52,40,Viola,String Ensemble 2 _ 3,Viola,7200,2850
16.119396,2.630595875000001,52,40,Viola,String Ensemble 2 _ 3,Viola,10080,1410
18.805961999999997,3.1343270000000025,56,45,Viola,String Ensemble 2 _ 3,Viola,11520,1680
30.895508999999997,0.5037311250000016,63,55,Viola,String Ensemble 2 _ 3,Viola,18000,270
31.343269999999997,0.5037311250000016,60,60,Viola,String Ensemble 2 _ 3,Viola,18240,270
31.791030999999997,0.5037311250000016,58,60,Viola,String Ensemble 2 _ 3,Viola,18480,270
32.238792,5.317161875000004,56,40,Viola,String Ensemble 2 _ 3,Viola,18720,2850
37.611923999999995,2.6305958750000045,56,40,Viola,String Ensemble 2 _ 3,Viola,21600,1410
40.298489999999994,3.134327000000006,59,45,Viola,String Ensemble 2 _ 3,Viola,23040,1680
45.671622,3.134326999999999,59,40,Viola,String Ensemble 2 _ 3,Viola,25920,1680
49.701471,1.2873128749999978,59,52,Viola,String Ensemble 2 _ 3,Viola,28080,690
51.044754,1.2873128749999978,59,65,Viola,String Ensemble 2 _ 3,Viola,28800,690
52.388037,1.484692937499986,59,77,Viola,String Ensemble 2 _ 3,Viola,29520,690
54.04318443749998,0.48214237500000223,71,100,Viola,String Ensemble 2 _ 3,Viola,30240,270
54.47175543749998,0.48214237500000223,68,100,Viola,String Ensemble 2 _ 3,Viola,30480,270
54.900326437499984,0.4821423749999951,66,100,Viola,String Ensemble 2 _ 3,Viola,30720,270
55.32889743749998,0.48214237500000223,64,100,Viola,String Ensemble 2 _ 3,Viola,30960,270
55.75746843749998,0.48214237500000223,66,100,Viola,String Ensemble 2 _ 3,Viola,31200,270
56.18603943749998,0.37499962500000095,68,100,Viola,String Ensemble 2 _ 3,Viola,31440,210
56.614610437499984,0.37499962499999384,71,100,Viola,String Ensemble 2 _ 3,Viola,31680,210
56.98961006249998,0.10714275000000129,68,100,Viola,String Ensemble 2 _ 3,Viola,31890,60
57.04318143749998,0.10714275000000129,69,100,Viola,String Ensemble 2 _ 3,Viola,31920,60
57.15032418749998,0.37499962500000095,68,100,Viola,String Ensemble 2 _ 3,Viola,31980,210
57.47175243749998,0.48214237500000223,66,100,Viola,String Ensemble 2 _ 3,Viola,32160,270
57.90032343749998,0.48214237500000223,64,100,Viola,String Ensemble 2 _ 3,Viola,32400,270
58.32889443749998,0.26785687499999966,66,100,Viola,String Ensemble 2 _ 3,Viola,32640,150
58.54317993749998,0.26785687499999966,68,100,Viola,String Ensemble 2 _ 3,Viola,32760,150
58.75746543749998,0.26785687499999966,66,100,Viola,String Ensemble 2 _ 3,Viola,32880,150
58.97175093749998,0.18749981250000047,68,100,Viola,String Ensemble 2 _ 3,Viola,33000,105
59.18603643749998,0.10714275000000129,68,100,Viola,String Ensemble 2 _ 3,Viola,33120,60
59.23960781249998,0.10714274999999418,69,100,Viola,String Ensemble 2 _ 3,Viola,33150,60
59.29317918749998,0.37499962500000095,71,100,Viola,String Ensemble 2 _ 3,Viola,33180,210
59.614607437499984,0.4821423749999951,68,100,Viola,String Ensemble 2 _ 3,Viola,33360,270
60.04317843749998,0.37499962500000095,71,100,Viola,String Ensemble 2 _ 3,Viola,33600,210
60.47174943749998,0.48214237500000223,73,100,Viola,String Ensemble 2 _ 3,Viola,33840,270
60.90032043749998,0.48214237500000223,68,100,Viola,String Ensemble 2 _ 3,Viola,34080,270
61.328891437499976,0.40178531250001015,73,100,Viola,String Ensemble 2 _ 3,Viola,34320,225
61.75746243749998,0.4821423749999951,73,100,Viola,String Ensemble 2 _ 3,Viola,34560,270
62.18603343749999,0.4821423749999951,69,100,Viola,String Ensemble 2 _ 3,Viola,34800,270
62.61460443749998,0.48214237500000934,68,100,Viola,String Ensemble 2 _ 3,Viola,35040,270
63.04317543749998,0.6964278749999977,66,100,Viola,String Ensemble 2 _ 3,Viola,35280,390
64.32888843749998,0.4821423749999951,73,100,Viola,String Ensemble 2 _ 3,Viola,36000,270
64.75745943749999,0.4821423749999951,69,100,Viola,String Ensemble 2 _ 3,Viola,36240,270
65.18603043749998,0.48214237500000934,68,100,Viola,String Ensemble 2 _ 3,Viola,36480,270
65.61460143749999,0.4821423749999951,66,100,Viola,String Ensemble 2 _ 3,Viola,36720,270
66.04317243749998,0.48214237500000934,68,100,Viola,String Ensemble 2 _ 3,Viola,36960,270
66.47174343749998,0.37499962500000095,69,100,Viola,String Ensemble 2 _ 3,Viola,37200,210
66.90031443749999,0.37499962500000095,73,100,Viola,String Ensemble 2 _ 3,Viola,37440,210
67.27531406249999,0.10714274999999418,69,100,Viola,String Ensemble 2 _ 3,Viola,37650,60
67.32888543749998,0.10714275000000839,71,100,Viola,String Ensemble 2 _ 3,Viola,37680,60
67.43602818749999,0.37499962500000095,69,100,Viola,String Ensemble 2 _ 3,Viola,37740,210
67.75745643749998,0.4821423749999951,68,100,Viola,String Ensemble 2 _ 3,Viola,37920,270
68.18602743749999,0.4821423749999951,66,100,Viola,String Ensemble 2 _ 3,Viola,38160,270
68.61459843749998,0.26785687500000677,68,100,Viola,String Ensemble 2 _ 3,Viola,38400,150
68.82888393749998,0.26785687499999256,69,100,Viola,String Ensemble 2 _ 3,Viola,38520,150
69.04316943749998,0.26785687499999256,68,100,Viola,String Ensemble 2 _ 3,Viola,38640,150
69.25745493749999,0.18749981249999337,69,100,Viola,String Ensemble 2 _ 3,Viola,38760,105
69.47174043749999,0.10714274999999418,69,100,Viola,String Ensemble 2 _ 3,Viola,38880,60
69.52531181249998,0.10714275000000839,71,100,Viola,String Ensemble 2 _ 3,Viola,38910,60
69.57888318749998,0.37499962500000095,73,100,Viola,String Ensemble 2 _ 3,Viola,38940,210
69.90031143749998,0.48214237500000934,69,100,Viola,String Ensemble 2 _ 3,Viola,39120,270
70.32888243749998,0.40178531249999594,73,100,Viola,String Ensemble 2 _ 3,Viola,39360,225
70.75745343749998,0.48214237500000934,75,100,Viola,String Ensemble 2 _ 3,Viola,39600,270
71.18602443749998,0.4821423749999951,69,100,Viola,String Ensemble 2 _ 3,Viola,39840,270
71.61459543749999,0.40178531249999594,75,100,Viola,String Ensemble 2 _ 3,Viola,40080,225
72.04316643749998,0.09821418750000532,75,100,Viola,String Ensemble 2 _ 3,Viola,40320,55
72.09673781249998,0.09821418750000532,76,100,Viola,String Ensemble 2 _ 3,Viola,40350,55
72.15030918749999,0.37499962500000095,75,100,Viola,String Ensemble 2 _ 3,Viola,40380,210
72.47173743749998,0.4821423749999951,71,100,Viola,String Ensemble 2 _ 3,Viola,40560,270
72.90030843749997,0.40178531250001015,75,100,Viola,String Ensemble 2 _ 3,Viola,40800,225
73.32887943749998,0.4821423749999951,76,100,Viola,String Ensemble 2 _ 3,Viola,41040,270
73.75745043749998,0.4821423749999951,71,100,Viola,String Ensemble 2 _ 3,Viola,41280,270
74.18602143749999,0.40178531249999594,76,100,Viola,String Ensemble 2 _ 3,Viola,41520,225
74.61459243749998,0.09821418750000532,76,100,Viola,String Ensemble 2 _ 3,Viola,41760,55
74.66816381249998,0.09821418749999111,78,100,Viola,String Ensemble 2 _ 3,Viola,41790,55
74.72173518749997,0.37499962500001516,76,100,Viola,String Ensemble 2 _ 3,Viola,41820,210
75.04316343749998,0.4821423749999951,73,100,Viola,String Ensemble 2 _ 3,Viola,42000,270
75.47173443749998,0.40178531250001015,76,100,Viola,String Ensemble 2 _ 3,Viola,42240,225
75.90030543749998,0.4962962500000003,78,100,Viola,String Ensemble 2 _ 3,Viola,42480,270
76.33890943749998,0.5379803750000178,73,100,Viola,String Ensemble 2 _ 3,Viola,42720,270
76.8143898125,0.48240253124998844,78,100,Viola,String Ensemble 2 _ 3,Viola,42960,225
77.33088324999999,0.27106906250000407,84,105,Viola,String Ensemble 2 _ 3,Viola,43200,150
77.54827449999999,0.26849599999999896,80,104,Viola,String Ensemble 2 _ 3,Viola,43320,150
77.76298574999998,0.26903112499999793,75,102,Viola,String Ensemble 2 _ 3,Viola,43440,150
77.97812474999998,0.2695684374999985,72,100,Viola,String Ensemble 2 _ 3,Viola,43560,150
78.19369324999998,0.27010787499999367,75,98,Viola,String Ensemble 2 _ 3,Viola,43680,150
78.40969299999998,0.1623243749999972,80,96,Viola,String Ensemble 2 _ 3,Viola,43800,90
78.62612549999997,0.2711931875000033,80,94,Viola,String Ensemble 2 _ 3,Viola,43920,150
78.84299274999998,0.27173918750000325,75,92,Viola,String Ensemble 2 _ 3,Viola,44040,150
79.06029649999998,0.27228718749999814,72,90,Viola,String Ensemble 2 _ 3,Viola,44160,150
79.27803824999998,0.2728374999999943,68,89,Viola,String Ensemble 2 _ 3,Viola,44280,150
79.49621999999998,0.273389624999993,72,87,Viola,String Ensemble 2 _ 3,Viola,44400,150
79.71484299999997,0.16429987499999754,75,85,Viola,String Ensemble 2 _ 3,Viola,44520,90
79.93390949999997,0.2745014999999995,75,83,Viola,String Ensemble 2 _ 3,Viola,44640,150
80.15342124999997,0.275061000000008,72,81,Viola,String Ensemble 2 _ 3,Viola,44760,150
80.37338024999997,0.27562268750000385,68,79,Viola,String Ensemble 2 _ 3,Viola,44880,150
80.59378824999997,0.2761865625000013,63,77,Viola,String Ensemble 2 _ 3,Viola,45000,150
80.81464699999998,0.27675268749999304,68,75,Viola,String Ensemble 2 _ 3,Viola,45120,150
81.03595824999998,0.16632431249999513,72,74,Viola,String Ensemble 2 _ 3,Viola,45240,90
81.25772399999998,0.27789200000000847,72,72,Viola,String Ensemble 2 _ 3,Viola,45360,150
81.47994599999998,0.2784649999999971,68,70,Viola,String Ensemble 2 _ 3,Viola,45480,150
81.70262599999998,0.27904056250000053,63,68,Viola,String Ensemble 2 _ 3,Viola,45600,150
81.92576599999998,0.27961874999999736,60,66,Viola,String Ensemble 2 _ 3,Viola,45720,150
82.14936824999998,0.2801989999999961,63,64,Viola,String Ensemble 2 _ 3,Viola,45840,150
82.37343424999997,0.16839899999999375,68,62,Viola,String Ensemble 2 _ 3,Viola,45960,90
88.09912349999996,0.28846125000001166,84,90,Viola,String Ensemble 2 _ 3,Viola,48960,150
88.32989249999997,0.28846124999999745,80,86,Viola,String Ensemble 2 _ 3,Viola,49080,150
88.56066149999997,0.28846124999999745,75,82,Viola,String Ensemble 2 _ 3,Viola,49200,150
88.79143049999996,0.28846125000001166,72,78,Viola,String Ensemble 2 _ 3,Viola,49320,150
89.02219949999997,0.28846124999999745,75,74,Viola,String Ensemble 2 _ 3,Viola,49440,150
89.25296849999997,0.23076899999999512,80,70,Viola,String Ensemble 2 _ 3,Viola,49560,120
89.94527549999997,0.5192302500000068,76,78,Viola,String Ensemble 2 _ 3,Viola,49920,270
90.86835149999997,0.28846124999999745,84,90,Viola,String Ensemble 2 _ 3,Viola,50400,150
91.09912049999997,0.28846124999999745,80,88,Viola,String Ensemble 2 _ 3,Viola,50520,150
91.32988949999996,0.28846124999999745,75,85,Viola,String Ensemble 2 _ 3,Viola,50640,150
91.56065849999997,0.28846124999999745,72,83,Viola,String Ensemble 2 _ 3,Viola,50760,150
91.79142749999997,0.28846124999999745,75,80,Viola,String Ensemble 2 _ 3,Viola,50880,150
92.02219649999996,0.23076900000000933,80,78,Viola,String Ensemble 2 _ 3,Viola,51000,120
92.71450349999996,0.5192302500000068,76,70,Viola,String Ensemble 2 _ 3,Viola,51360,270
93.63757949999997,0.28846124999999745,63,74,Viola,String Ensemble 2 _ 3,Viola,51840,150
93.86834849999997,0.28846124999999745,60,75,Viola,String Ensemble 2 _ 3,Viola,51960,150
94.09911749999996,0.28846125000001166,56,76,Viola,String Ensemble 2 _ 3,Viola,52080,150
94.32988649999997,0.28846124999999745,60,77,Viola,String Ensemble 2 _ 3,Viola,52200,150
94.56065549999997,0.28846124999999745,63,78,Viola,String Ensemble 2 _ 3,Viola,52320,150
94.79142449999996,0.173076750000007,68,79,Viola,String Ensemble 2 _ 3,Viola,52440,90
95.02219349999997,0.28846124999999745,68,80,Viola,String Ensemble 2 _ 3,Viola,52560,150
95.25296249999997,0.28846124999999745,63,81,Viola,String Ensemble 2 _ 3,Viola,52680,150
95.48373149999998,0.28846124999999745,60,82,Viola,String Ensemble 2 _ 3,Viola,52800,150
95.71450049999997,0.28846124999999745,63,83,Viola,String Ensemble 2 _ 3,Viola,52920,150
95.94526949999997,0.28846124999999745,68,85,Viola,String Ensemble 2 _ 3,Viola,53040,150
96.17603849999998,0.17307674999999278,72,86,Viola,String Ensemble 2 _ 3,Viola,53160,90
96.40680749999997,0.28846124999999745,72,87,Viola,String Ensemble 2 _ 3,Viola,53280,150
96.63757649999997,0.28846124999999745,68,88,Viola,String Ensemble 2 _ 3,Viola,53400,150
96.86834549999998,0.28846124999999745,63,89,Viola,String Ensemble 2 _ 3,Viola,53520,150
97.09911449999997,0.28846124999999745,68,90,Viola,String Ensemble 2 _ 3,Viola,53640,150
97.32988349999997,0.28846124999999745,72,91,Viola,String Ensemble 2 _ 3,Viola,53760,150
97.56065249999997,0.17307674999999278,75,92,Viola,String Ensemble 2 _ 3,Viola,53880,90
97.79142149999997,0.28846124999999745,76,93,Viola,String Ensemble 2 _ 3,Viola,54000,150
98.02219049999997,0.28846124999999745,72,94,Viola,String Ensemble 2 _ 3,Viola,54120,150
98.25295949999997,0.28846124999999745,67,95,Viola,String Ensemble 2 _ 3,Viola,54240,150
98.48372849999997,0.28846124999999745,72,96,Viola,String Ensemble 2 _ 3,Viola,54360,150
98.71449749999996,0.28846125000001166,76,97,Viola,String Ensemble 2 _ 3,Viola,54480,150
98.94526649999997,0.17307674999999278,79,98,Viola,String Ensemble 2 _ 3,Viola,54600,90
99.17603549999997,0.28846124999999745,81,100,Viola,String Ensemble 2 _ 3,Viola,54720,150
99.40680449999996,0.28846125000001166,77,99,Viola,String Ensemble 2 _ 3,Viola,54840,150
99.63757349999997,0.28846124999999745,72,97,Viola,String Ensemble 2 _ 3,Viola,54960,150
99.86834249999997,0.28846124999999745,69,95,Viola,String Ensemble 2 _ 3,Viola,55080,150
100.09911149999996,0.28846125000001166,72,94,Viola,String Ensemble 2 _ 3,Viola,55200,150
100.32988049999997,0.17307674999999278,77,92,Viola,String Ensemble 2 _ 3,Viola,55320,90
100.56064949999997,0.28846124999999745,77,90,Viola,String Ensemble 2 _ 3,Viola,55440,150
100.79141849999996,0.28846125000001166,72,89,Viola,String Ensemble 2 _ 3,Viola,55560,150
101.02218749999997,0.28846124999999745,69,87,Viola,String Ensemble 2 _ 3,Viola,55680,150
101.25295649999997,0.28846124999999745,65,85,Viola,String Ensemble 2 _ 3,Viola,55800,150
101.48372549999996,0.28846125000001166,69,84,Viola,String Ensemble 2 _ 3,Viola,55920,150
101.71449449999997,0.17307674999999278,72,82,Viola,String Ensemble 2 _ 3,Viola,56040,90
101.94526349999997,0.28846124999999745,72,80,Viola,String Ensemble 2 _ 3,Viola,56160,150
102.17603249999996,0.28846125000001166,69,79,Viola,String Ensemble 2 _ 3,Viola,56280,150
102.40680149999997,0.28846124999999745,65,77,Viola,String Ensemble 2 _ 3,Viola,56400,150
102.63757049999997,0.28846124999999745,60,75,Viola,String Ensemble 2 _ 3,Viola,56520,150
102.86833949999996,0.28846125000001166,65,74,Viola,String Ensemble 2 _ 3,Viola,56640,150
103.09910849999997,0.17307674999999278,69,72,Viola,String Ensemble 2 _ 3,Viola,56760,90
103.32987749999997,0.28846124999999745,69,70,Viola,String Ensemble 2 _ 3,Viola,56880,150
103.56064649999996,0.28846125000001166,65,69,Viola,String Ensemble 2 _ 3,Viola,57000,150
103.79141549999997,0.28846124999999745,60,67,Viola,String Ensemble 2 _ 3,Viola,57120,150
104.02218449999997,0.28846124999999745,57,65,Viola,String Ensemble 2 _ 3,Viola,57240,150
104.25295349999996,0.28846125000001166,60,64,Viola,String Ensemble 2 _ 3,Viola,57360,150
104.48372249999997,0.17307674999999278,65,62,Viola,String Ensemble 2 _ 3,Viola,57480,90
110.25294749999998,0.28846124999999745,81,100,Viola,String Ensemble 2 _ 3,Viola,60480,150
110.48371649999997,0.28846124999999745,77,94,Viola,String Ensemble 2 _ 3,Viola,60600,150
110.71448549999997,0.28846124999999745,72,87,Viola,String Ensemble 2 _ 3,Viola,60720,150
110.94525449999998,0.28846124999999745,69,80,Viola,String Ensemble 2 _ 3,Viola,60840,150
111.17602349999997,0.28846124999999745,72,74,Viola,String Ensemble 2 _ 3,Viola,60960,150
111.40679249999997,0.173076750000007,77,67,Viola,String Ensemble 2 _ 3,Viola,61080,90
112.09909949999997,0.5192302500000068,73,73,Viola,String Ensemble 2 _ 3,Viola,61440,270
113.02217549999997,0.28846124999999745,81,100,Viola,String Ensemble 2 _ 3,Viola,61920,150
113.25294449999997,0.28846124999999745,77,94,Viola,String Ensemble 2 _ 3,Viola,62040,150
113.48371349999996,0.28846125000001166,72,87,Viola,String Ensemble 2 _ 3,Viola,62160,150
113.71448249999997,0.28846124999999745,69,80,Viola,String Ensemble 2 _ 3,Viola,62280,150
113.94525149999997,0.28846124999999745,72,74,Viola,String Ensemble 2 _ 3,Viola,62400,150
114.17602049999996,0.173076750000007,77,67,Viola,String Ensemble 2 _ 3,Viola,62520,90
114.86832749999996,0.5192302500000068,73,63,Viola,String Ensemble 2 _ 3,Viola,62880,270
115.79140349999997,0.28846124999999745,60,71,Viola,String Ensemble 2 _ 3,Viola,63360,150
116.02217249999997,0.28846124999999745,57,72,Viola,String Ensemble 2 _ 3,Viola,63480,150
116.25294149999996,0.28846125000001166,53,74,Viola,String Ensemble 2 _ 3,Viola,63600,150
116.48371049999997,0.28846124999999745,57,76,Viola,String Ensemble 2 _ 3,Viola,63720,150
116.71447949999997,0.28846124999999745,60,78,Viola,String Ensemble 2 _ 3,Viola,63840,150
116.94524849999996,0.173076750000007,65,80,Viola,String Ensemble 2 _ 3,Viola,63960,90
117.17601749999997,0.28846124999999745,65,82,Viola,String Ensemble 2 _ 3,Viola,64080,150
117.40678649999997,0.28846124999999745,60,83,Viola,String Ensemble 2 _ 3,Viola,64200,150
117.63755549999996,0.28846125000001166,57,85,Viola,String Ensemble 2 _ 3,Viola,64320,150
117.86832449999997,0.28846124999999745,60,87,Viola,String Ensemble 2 _ 3,Viola,64440,150
118.09909349999997,0.28846124999999745,65,89,Viola,String Ensemble 2 _ 3,Viola,64560,150
118.32986249999996,0.173076750000007,69,91,Viola,String Ensemble 2 _ 3,Viola,64680,90
118.56063149999997,0.28846124999999745,69,93,Viola,String Ensemble 2 _ 3,Viola,64800,150
118.79140049999997,0.28846124999999745,65,94,Viola,String Ensemble 2 _ 3,Viola,64920,150
119.02216949999996,0.28846125000001166,60,96,Viola,String Ensemble 2 _ 3,Viola,65040,150
119.25293849999997,0.28846124999999745,65,98,Viola,String Ensemble 2 _ 3,Viola,65160,150
119.48370749999997,0.28846124999999745,69,100,Viola,String Ensemble 2 _ 3,Viola,65280,150
119.71447649999996,0.173076750000007,72,102,Viola,String Ensemble 2 _ 3,Viola,65400,90
119.94524549999997,0.28846124999999745,73,104,Viola,String Ensemble 2 _ 3,Viola,65520,150
120.17601449999997,0.28846124999999745,69,105,Viola,String Ensemble 2 _ 3,Viola,65640,150
120.40678349999996,0.28846125000001166,64,107,Viola,String Ensemble 2 _ 3,Viola,65760,150
120.63755249999997,0.28846124999999745,69,109,Viola,String Ensemble 2 _ 3,Viola,65880,150
120.86832149999998,0.28846124999998324,73,111,Viola,String Ensemble 2 _ 3,Viola,66000,150
121.09909049999996,0.173076750000007,76,113,Viola,String Ensemble 2 _ 3,Viola,66120,90
121.32985949999997,0.28846124999999745,78,115,Viola,String Ensemble 2 _ 3,Viola,66240,150
121.56062849999998,0.28846124999998324,74,114,Viola,String Ensemble 2 _ 3,Viola,66360,150
121.79139749999996,0.28846125000001166,69,113,Viola,String Ensemble 2 _ 3,Viola,66480,150
122.02216649999997,0.28846124999999745,66,111,Viola,String Ensemble 2 _ 3,Viola,66600,150
122.25293549999998,0.28846124999998324,69,110,Viola,String Ensemble 2 _ 3,Viola,66720,150
122.48370449999996,0.173076750000007,74,109,Viola,String Ensemble 2 _ 3,Viola,66840,90
122.71447349999997,0.28846124999999745,78,107,Viola,String Ensemble 2 _ 3,Viola,66960,150
122.94524249999998,0.28846124999998324,74,106,Viola,String Ensemble 2 _ 3,Viola,67080,150
123.17601149999996,0.28846125000001166,69,105,Viola,String Ensemble 2 _ 3,Viola,67200,150
123.40678049999997,0.28846124999999745,66,103,Viola,String Ensemble 2 _ 3,Viola,67320,150
123.63754949999998,0.28846124999998324,69,102,Viola,String Ensemble 2 _ 3,Viola,67440,150
123.86831849999996,0.173076750000007,74,101,Viola,String Ensemble 2 _ 3,Viola,67560,90
124.09908749999997,0.28846125000001166,78,99,Viola,String Ensemble 2 _ 3,Viola,67680,150
124.32985649999998,0.28846124999998324,74,98,Viola,String Ensemble 2 _ 3,Viola,67800,150
124.56062549999997,0.28846124999999745,69,97,Viola,String Ensemble 2 _ 3,Viola,67920,150
124.79139449999997,0.28846125000001166,66,95,Viola,String Ensemble 2 _ 3,Viola,68040,150
125.02216349999998,0.28846124999998324,69,94,Viola,String Ensemble 2 _ 3,Viola,68160,150
125.25293249999997,0.17307674999999278,74,92,Viola,String Ensemble 2 _ 3,Viola,68280,90
125.48370149999997,0.28846125000001166,78,91,Viola,String Ensemble 2 _ 3,Viola,68400,150
125.71447049999998,0.28846124999998324,74,90,Viola,String Ensemble 2 _ 3,Viola,68520,150
125.94523949999999,0.28846124999998324,69,88,Viola,String Ensemble 2 _ 3,Viola,68640,150
126.17600849999997,0.28846125000001166,66,87,Viola,String Ensemble 2 _ 3,Viola,68760,150
126.40677749999998,0.28846124999998324,69,86,Viola,String Ensemble 2 _ 3,Viola,68880,150
126.63754649999996,0.173076750000007,74,84,Viola,String Ensemble 2 _ 3,Viola,69000,90
126.86831549999997,0.28846125000001166,78,83,Viola,String Ensemble 2 _ 3,Viola,69120,150
127.09908449999998,0.28846124999998324,74,82,Viola,String Ensemble 2 _ 3,Viola,69240,150
127.32985349999998,0.28846124999998324,69,80,Viola,String Ensemble 2 _ 3,Viola,69360,150
127.56062249999997,0.28846125000001166,66,79,Viola,String Ensemble 2 _ 3,Viola,69480,150
127.79139149999997,0.28846124999998324,69,78,Viola,String Ensemble 2 _ 3,Viola,69600,150
128.02216049999996,0.28846125000001166,74,76,Viola,String Ensemble 2 _ 3,Viola,69720,150
128.25292949999996,0.28846125000001166,78,75,Viola,String Ensemble 2 _ 3,Viola,69840,150
128.48369849999997,0.28846125000001166,74,74,Viola,String Ensemble 2 _ 3,Viola,69960,150
128.71446749999998,0.28846124999998324,69,72,Viola,String Ensemble 2 _ 3,Viola,70080,150
128.94523649999996,0.28846125000001166,66,71,Viola,String Ensemble 2 _ 3,Viola,70200,150
129.17600549999997,0.28846124999998324,69,69,Viola,String Ensemble 2 _ 3,Viola,70320,150
129.40677449999995,0.28846125000001166,74,68,Viola,String Ensemble 2 _ 3,Viola,70440,150
129.63754349999996,0.28846125000001166,77,67,Viola,String Ensemble 2 _ 3,Viola,70560,150
129.86831249999997,0.28846125000001166,73,65,Viola,String Ensemble 2 _ 3,Viola,70680,150
130.09908149999998,0.28846124999998324,69,64,Viola,String Ensemble 2 _ 3,Viola,70800,150
130.32985049999996,0.28846125000001166,65,63,Viola,String Ensemble 2 _ 3,Viola,70920,150
130.56061949999997,0.28846124999998324,69,61,Viola,String Ensemble 2 _ 3,Viola,71040,150
130.79138849999995,0.28846125000001166,73,60,Viola,String Ensemble 2 _ 3,Viola,71160,150
131.02215749999996,0.28846125000001166,77,59,Viola,String Ensemble 2 _ 3,Viola,71280,150
131.25292649999997,0.28846125000001166,73,57,Viola,String Ensemble 2 _ 3,Viola,71400,150
131.48369549999998,0.28846124999998324,69,56,Viola,String Ensemble 2 _ 3,Viola,71520,150
131.71446449999996,0.28846125000001166,65,55,Viola,String Ensemble 2 _ 3,Viola,71640,150
131.94523349999997,0.28846124999998324,69,53,Viola,String Ensemble 2 _ 3,Viola,71760,150
132.17600249999995,0.173076750000007,73,52,Viola,String Ensemble 2 _ 3,Viola,71880,90
132.86830949999998,0.4038457499999879,60,40,Viola,String Ensemble 2 _ 3,Viola,72240,210
133.32984749999997,0.4038457499999879,65,40,Viola,String Ensemble 2 _ 3,Viola,72480,210
134.25292349999998,0.4038457499999879,60,40,Viola,String Ensemble 2 _ 3,Viola,72960,210
134.71446149999997,0.4038457499999879,65,40,Viola,String Ensemble 2 _ 3,Viola,73200,210
135.63753749999998,0.4038457499999879,60,40,Viola,String Ensemble 2 _ 3,Viola,73680,210
136.09907549999997,0.4038457499999879,65,40,Viola,String Ensemble 2 _ 3,Viola,73920,210
137.02215149999998,0.4038457499999879,60,40,Viola,String Ensemble 2 _ 3,Viola,74400,210
137.48368949999997,0.4038457499999879,65,40,Viola,String Ensemble 2 _ 3,Viola,74640,210
138.40676549999998,0.4038457499999879,60,40,Viola,String Ensemble 2 _ 3,Viola,75120,210
138.86830349999997,0.4038457499999879,65,40,Viola,String Ensemble 2 _ 3,Viola,75360,210
139.79137949999998,0.4038457499999879,62,40,Viola,String Ensemble 2 _ 3,Viola,75840,210
140.25291749999997,0.4038457499999879,65,40,Viola,String Ensemble 2 _ 3,Viola,76080,210
141.17599349999998,0.4038457499999879,60,40,Viola,String Ensemble 2 _ 3,Viola,76560,210
141.63753149999997,0.4038457499999879,65,40,Viola,String Ensemble 2 _ 3,Viola,76800,210
143.48368349999996,2.8269202500000006,65,50,Viola,String Ensemble 2 _ 3,Viola,77760,1470
143.48368349999996,2.8269202500000006,77,50,Viola,String Ensemble 2 _ 3,Viola,77760,1470
146.25291149999995,2.7115357500000243,64,50,Viola,String Ensemble 2 _ 3,Viola,79200,1410
146.25291149999995,2.7115357500000243,76,50,Viola,String Ensemble 2 _ 3,Viola,79200,1410
149.02213949999995,0.28846125000001166,76,50,Viola,String Ensemble 2 _ 3,Viola,80640,150
149.25290849999996,0.28846125000001166,71,50,Viola,String Ensemble 2 _ 3,Viola,80760,150
149.48367749999997,0.28846125000001166,68,50,Viola,String Ensemble 2 _ 3,Viola,80880,150
149.71444649999998,0.28846124999998324,64,50,Viola,String Ensemble 2 _ 3,Viola,81000,150
149.9452155,0.28846124999998324,68,50,Viola,String Ensemble 2 _ 3,Viola,81120,150
150.17598449999997,0.28846124999998324,71,50,Viola,String Ensemble 2 _ 3,Viola,81240,150
150.40675349999995,0.28846125000001166,76,50,Viola,String Ensemble 2 _ 3,Viola,81360,150
150.63752249999996,0.28846125000001166,71,50,Viola,String Ensemble 2 _ 3,Viola,81480,150
150.86829149999997,0.28846125000001166,68,50,Viola,String Ensemble 2 _ 3,Viola,81600,150
151.09906049999998,0.28846124999998324,64,50,Viola,String Ensemble 2 _ 3,Viola,81720,150
151.3298295,0.28846124999998324,68,50,Viola,String Ensemble 2 _ 3,Viola,81840,150
151.56059849999997,0.28846124999998324,71,50,Viola,String Ensemble 2 _ 3,Viola,81960,150
151.79136749999995,0.28846125000001166,76,50,Viola,String Ensemble 2 _ 3,Viola,82080,150
152.02213649999996,0.28846125000001166,71,50,Viola,String Ensemble 2 _ 3,Viola,82200,150
152.25290549999997,0.28846125000001166,68,50,Viola,String Ensemble 2 _ 3,Viola,82320,150
152.48367449999998,0.28846125000001166,64,50,Viola,String Ensemble 2 _ 3,Viola,82440,150
152.7144435,0.28846124999998324,68,50,Viola,String Ensemble 2 _ 3,Viola,82560,150
152.94521249999997,0.28846124999998324,71,50,Viola,String Ensemble 2 _ 3,Viola,82680,150
153.17598149999995,0.28846125000001166,76,50,Viola,String Ensemble 2 _ 3,Viola,82800,150
153.40675049999996,0.28846125000001166,71,50,Viola,String Ensemble 2 _ 3,Viola,82920,150
153.63751949999997,0.28846125000001166,68,50,Viola,String Ensemble 2 _ 3,Viola,83040,150
153.86828849999998,0.28846125000001166,64,50,Viola,String Ensemble 2 _ 3,Viola,83160,150
154.0990575,0.28846124999998324,68,50,Viola,String Ensemble 2 _ 3,Viola,83280,150
154.32982649999997,0.173076750000007,71,50,Viola,String Ensemble 2 _ 3,Viola,83400,90
154.56059549999995,0.28846125000001166,76,50,Viola,String Ensemble 2 _ 3,Viola,83520,150
154.79136449999996,0.28846125000001166,71,51,Viola,String Ensemble 2 _ 3,Viola,83640,150
155.02213349999997,0.28846125000001166,68,53,Viola,String Ensemble 2 _ 3,Viola,83760,150
155.25290249999998,0.28846125000001166,64,55,Viola,String Ensemble 2 _ 3,Viola,83880,150
155.48367149999999,0.28846124999998324,68,56,Viola,String Ensemble 2 _ 3,Viola,84000,150
155.71444049999997,0.28846124999998324,71,58,Viola,String Ensemble 2 _ 3,Viola,84120,150
155.94520949999995,0.28846125000001166,76,60,Viola,String Ensemble 2 _ 3,Viola,84240,150
156.17597849999996,0.28846125000001166,73,59,Viola,String Ensemble 2 _ 3,Viola,84360,150
156.40674749999997,0.28846125000001166,68,57,Viola,String Ensemble 2 _ 3,Viola,84480,150
156.63751649999998,0.28846125000001166,64,55,Viola,String Ensemble 2 _ 3,Viola,84600,150
156.86828549999998,0.28846124999998324,68,54,Viola,String Ensemble 2 _ 3,Viola,84720,150
157.09905449999997,0.173076750000007,73,52,Viola,String Ensemble 2 _ 3,Viola,84840,90
157.32982349999997,0.28846124999998324,76,50,Viola,String Ensemble 2 _ 3,Viola,84960,150
157.56059249999996,0.28846125000001166,71,50,Viola,String Ensemble 2 _ 3,Viola,85080,150
157.79136149999997,0.28846125000001166,68,50,Viola,String Ensemble 2 _ 3,Viola,85200,150
158.02213049999997,0.28846125000001166,64,50,Viola,String Ensemble 2 _ 3,Viola,85320,150
158.25289949999998,0.28846124999998324,68,50,Viola,String Ensemble 2 _ 3,Viola,85440,150
158.48366849999996,0.28846124999998324,71,50,Viola,String Ensemble 2 _ 3,Viola,85560,150
158.71443749999997,0.28846124999998324,76,50,Viola,String Ensemble 2 _ 3,Viola,85680,150
158.94520649999995,0.28846125000001166,71,50,Viola,String Ensemble 2 _ 3,Viola,85800,150
159.17597549999996,0.28846125000001166,68,50,Viola,String Ensemble 2 _ 3,Viola,85920,150
159.40674449999997,0.28846125000001166,64,50,Viola,String Ensemble 2 _ 3,Viola,86040,150
159.63751349999998,0.28846124999998324,68,50,Viola,String Ensemble 2 _ 3,Viola,86160,150
159.86828249999996,0.28846125000001166,71,50,Viola,String Ensemble 2 _ 3,Viola,86280,150
160.09905149999997,0.28858474999998407,76,50,Viola,String Ensemble 2 _ 3,Viola,86400,150
160.32982049999995,0.2892028125000081,73,50,Viola,String Ensemble 2 _ 3,Viola,86520,150
160.56108349999997,0.28982368750001797,68,50,Viola,String Ensemble 2 _ 3,Viola,86640,150
160.79284274999998,0.29044731249999245,64,50,Viola,String Ensemble 2 _ 3,Viola,86760,150
161.02510049999998,0.2910734999999818,68,50,Viola,String Ensemble 2 _ 3,Viola,86880,150
161.25785874999997,0.2917024999999853,73,50,Viola,String Ensemble 2 _ 3,Viola,87000,150
161.49111974999997,0.29233425000001034,76,50,Viola,String Ensemble 2 _ 3,Viola,87120,150
161.72488574999997,0.2929686250000145,71,50,Viola,String Ensemble 2 _ 3,Viola,87240,150
161.95915874999997,0.2936059999999827,68,50,Viola,String Ensemble 2 _ 3,Viola,87360,150
162.19394124999997,0.29424587500000143,64,50,Viola,String Ensemble 2 _ 3,Viola,87480,150
162.42923524999998,0.2948883749999993,68,50,Viola,String Ensemble 2 _ 3,Viola,87600,150
162.66504274999997,0.177242624999991,71,50,Viola,String Ensemble 2 _ 3,Viola,87720,90
162.90136624999997,0.29618231250000804,76,50,Viola,String Ensemble 2 _ 3,Viola,87840,150
163.13820799999996,0.2968335624999838,73,50,Viola,String Ensemble 2 _ 3,Viola,87960,150
163.37557024999995,0.2974878125000089,68,50,Viola,String Ensemble 2 _ 3,Viola,88080,150
163.61345549999996,0.2981446874999847,64,50,Viola,String Ensemble 2 _ 3,Viola,88200,150
163.85186574999994,0.2988046874999952,68,50,Viola,String Ensemble 2 _ 3,Viola,88320,150
164.09080349999994,0.29946774999999093,73,50,Viola,String Ensemble 2 _ 3,Viola,88440,150
164.33027124999992,0.3001335000000154,76,50,Viola,String Ensemble 2 _ 3,Viola,88560,150
164.57027124999993,0.3008017500000051,71,50,Viola,String Ensemble 2 _ 3,Viola,88680,150
164.81080524999993,0.3014735625000071,68,50,Viola,String Ensemble 2 _ 3,Viola,88800,150
165.05187624999994,0.3021482500000161,64,50,Viola,String Ensemble 2 _ 3,Viola,88920,150
165.29348649999994,0.302826062500003,68,50,Viola,String Ensemble 2 _ 3,Viola,89040,150
165.53563849999995,0.3035069999999962,71,50,Viola,String Ensemble 2 _ 3,Viola,89160,150
165.77833474999994,0.304191000000003,76,50,Viola,String Ensemble 2 _ 3,Viola,89280,150
166.02157774999995,0.30487793750000947,73,50,Viola,String Ensemble 2 _ 3,Viola,89400,150
166.26536974999996,0.3055681875000005,68,50,Viola,String Ensemble 2 _ 3,Viola,89520,150
166.50971349999998,0.3062612500000057,64,50,Viola,String Ensemble 2 _ 3,Viola,89640,150
166.75461124999998,0.30695731250000335,68,50,Viola,String Ensemble 2 _ 3,Viola,89760,150
167.00006524999998,0.30765700000000606,73,50,Viola,String Ensemble 2 _ 3,Viola,89880,150
167.24607849999998,0.3083598125000151,76,50,Viola,String Ensemble 2 _ 3,Viola,90000,150
167.4926535,0.309065750000002,73,50,Viola,String Ensemble 2 _ 3,Viola,90120,150
167.73979275,0.309774874999988,68,50,Viola,String Ensemble 2 _ 3,Viola,90240,150
167.98749875,0.31048743750000085,64,50,Viola,String Ensemble 2 _ 3,Viola,90360,150
168.23577425,0.31134775000001014,68,50,Viola,String Ensemble 2 _ 3,Viola,90480,150
168.484622,0.1875,73,50,Viola,String Ensemble 2 _ 3,Viola,90600,90
171.734622,1.5625,56,50,Viola,String Ensemble 2 _ 3,Viola,92160,750
174.734622,1.5625,56,50,Viola,String Ensemble 2 _ 3,Viola,93600,750
176.234622,1.4375,57,50,Viola,String Ensemble 2 _ 3,Viola,94320,690
177.734622,6.941302250000007,59,50,Viola,String Ensemble 2 _ 3,Viola,95040,3120
190.67592375,7.090908499999983,59,50,Viola,String Ensemble 2 _ 3,Viola,100800,3120
200.49410475,3.8181815000000086,59,50,Viola,String Ensemble 2 _ 3,Viola,105120,1680
205.40319524999998,2.181818000000021,59,50,Viola,String Ensemble 2 _ 3,Viola,107280,960
208.67592224999999,1.9943180625000139,59,50,Viola,String Ensemble 2 _ 3,Viola,108720,720
219.4130923125,6.666660000000007,52,50,Viola,String Ensemble 2 _ 3,Viola,113760,3360
219.4130923125,6.666660000000007,56,50,Viola,String Ensemble 2 _ 3,Viola,113760,3360
230.8416523125,2.7976162500000044,64,45,Viola,String Ensemble 2 _ 3,Viola,119520,1410
230.8416523125,2.7976162500000044,68,45,Viola,String Ensemble 2 _ 3,Viola,119520,1410
233.6987923125,3.0387908749999895,64,40,Viola,String Ensemble 2 _ 3,Viola,120960,1410
233.6987923125,3.0387908749999895,68,40,Viola,String Ensemble 2 _ 3,Viola,120960,1410
236.80223831249998,10.20689200000001,68,40,Viola,String Ensemble 2 _ 3,Viola,122400,3360
236.80223831249998,10.20689200000001,71,40,Viola,String Ensemble 2 _ 3,Viola,122400,3360
10.746264,5.317161875,40,40,Cello,String Ensemble 2 _ 1,Cello,7200,2850
10.746264,5.317161875,47,40,Cello,String Ensemble 2 _ 1,Cello,7200,2850
16.119396,1.3992531250000013,40,40,Cello,String Ensemble 2 _ 1,Cello,10080,750
16.119396,1.3992531250000013,47,40,Cello,String Ensemble 2 _ 1,Cello,10080,750
17.462678999999998,1.2873128750000014,37,40,Cello,String Ensemble 2 _ 1,Cello,10800,690
17.462678999999998,1.2873128750000014,49,40,Cello,String Ensemble 2 _ 1,Cello,10800,690
18.805961999999997,3.1343270000000025,44,45,Cello,String Ensemble 2 _ 1,Cello,11520,1680
18.805961999999997,3.1343270000000025,51,45,Cello,String Ensemble 2 _ 1,Cello,11520,1680
32.238792,5.317161875000004,44,40,Cello,String Ensemble 2 _ 1,Cello,18720,2850
32.238792,5.317161875000004,51,40,Cello,String Ensemble 2 _ 1,Cello,18720,2850
37.611923999999995,1.3992531250000013,44,40,Cello,String Ensemble 2 _ 1,Cello,21600,750
37.611923999999995,1.3992531250000013,51,40,Cello,String Ensemble 2 _ 1,Cello,21600,750
38.955206999999994,1.287312875000005,49,40,Cello,String Ensemble 2 _ 1,Cello,22320,690
40.298489999999994,3.134327000000006,47,45,Cello,String Ensemble 2 _ 1,Cello,23040,1680
40.298489999999994,3.134327000000006,54,45,Cello,String Ensemble 2 _ 1,Cello,23040,1680
45.671622,3.134326999999999,47,40,Cello,String Ensemble 2 _ 1,Cello,25920,1680
45.671622,3.134326999999999,54,40,Cello,String Ensemble 2 _ 1,Cello,25920,1680
49.701471,1.2873128749999978,47,52,Cello,String Ensemble 2 _ 1,Cello,28080,690
49.701471,1.2873128749999978,54,52,Cello,String Ensemble 2 _ 1,Cello,28080,690
51.044754,1.2873128749999978,47,65,Cello,String Ensemble 2 _ 1,Cello,28800,690
51.044754,1.2873128749999978,57,65,Cello,String Ensemble 2 _ 1,Cello,28800,690
52.388037,1.484692937499986,47,77,Cello,String Ensemble 2 _ 1,Cello,29520,690
52.388037,1.484692937499986,57,77,Cello,String Ensemble 2 _ 1,Cello,29520,690
54.04318443749998,0.48214237500000223,59,100,Cello,String Ensemble 2 _ 1,Cello,30240,270
54.47175543749998,0.48214237500000223,56,100,Cello,String Ensemble 2 _ 1,Cello,30480,270
54.900326437499984,0.4821423749999951,54,100,Cello,String Ensemble 2 _ 1,Cello,30720,270
55.32889743749998,0.48214237500000223,52,100,Cello,String Ensemble 2 _ 1,Cello,30960,270
55.75746843749998,0.48214237500000223,54,100,Cello,String Ensemble 2 _ 1,Cello,31200,270
56.18603943749998,0.37499962500000095,56,100,Cello,String Ensemble 2 _ 1,Cello,31440,210
56.614610437499984,0.37499962499999384,59,100,Cello,String Ensemble 2 _ 1,Cello,31680,210
56.98961006249998,0.10714275000000129,56,100,Cello,String Ensemble 2 _ 1,Cello,31890,60
57.04318143749998,0.10714275000000129,57,100,Cello,String Ensemble 2 _ 1,Cello,31920,60
57.15032418749998,0.37499962500000095,56,100,Cello,String Ensemble 2 _ 1,Cello,31980,210
57.47175243749998,0.48214237500000223,54,100,Cello,String Ensemble 2 _ 1,Cello,32160,270
57.90032343749998,0.48214237500000223,52,100,Cello,String Ensemble 2 _ 1,Cello,32400,270
58.32889443749998,0.26785687499999966,54,100,Cello,String Ensemble 2 _ 1,Cello,32640,150
58.54317993749998,0.26785687499999966,56,100,Cello,String Ensemble 2 _ 1,Cello,32760,150
58.75746543749998,0.26785687499999966,54,100,Cello,String Ensemble 2 _ 1,Cello,32880,150
58.97175093749998,0.18749981250000047,56,100,Cello,String Ensemble 2 _ 1,Cello,33000,105
59.18603643749998,0.10714275000000129,56,100,Cello,String Ensemble 2 _ 1,Cello,33120,60
59.23960781249998,0.10714274999999418,57,100,Cello,String Ensemble 2 _ 1,Cello,33150,60
59.29317918749998,0.37499962500000095,59,100,Cello,String Ensemble 2 _ 1,Cello,33180,210
59.614607437499984,0.4821423749999951,56,100,Cello,String Ensemble 2 _ 1,Cello,33360,270
60.04317843749998,0.37499962500000095,59,100,Cello,String Ensemble 2 _ 1,Cello,33600,210
60.47174943749998,0.48214237500000223,61,100,Cello,String Ensemble 2 _ 1,Cello,33840,270
60.90032043749998,0.48214237500000223,56,100,Cello,String Ensemble 2 _ 1,Cello,34080,270
61.328891437499976,0.40178531250001015,61,100,Cello,String Ensemble 2 _ 1,Cello,34320,225
61.75746243749998,0.4821423749999951,61,100,Cello,String Ensemble 2 _ 1,Cello,34560,270
62.18603343749999,0.4821423749999951,57,100,Cello,String Ensemble 2 _ 1,Cello,34800,270
62.61460443749998,0.48214237500000934,56,100,Cello,String Ensemble 2 _ 1,Cello,35040,270
63.04317543749998,0.6964278749999977,54,100,Cello,String Ensemble 2 _ 1,Cello,35280,390
64.32888843749998,0.4821423749999951,61,100,Cello,String Ensemble 2 _ 1,Cello,36000,270
64.75745943749999,0.4821423749999951,57,100,Cello,String Ensemble 2 _ 1,Cello,36240,270
65.18603043749998,0.48214237500000934,56,100,Cello,String Ensemble 2 _ 1,Cello,36480,270
65.61460143749999,0.4821423749999951,54,100,Cello,String Ensemble 2 _ 1,Cello,36720,270
66.04317243749998,0.48214237500000934,56,100,Cello,String Ensemble 2 _ 1,Cello,36960,270
66.47174343749998,0.37499962500000095,57,100,Cello,String Ensemble 2 _ 1,Cello,37200,210
66.90031443749999,0.37499962500000095,61,100,Cello,String Ensemble 2 _ 1,Cello,37440,210
67.27531406249999,0.10714274999999418,57,100,Cello,String Ensemble 2 _ 1,Cello,37650,60
67.32888543749998,0.10714275000000839,59,100,Cello,String Ensemble 2 _ 1,Cello,37680,60
67.43602818749999,0.37499962500000095,57,100,Cello,String Ensemble 2 _ 1,Cello,37740,210
67.75745643749998,0.4821423749999951,56,100,Cello,String Ensemble 2 _ 1,Cello,37920,270
68.18602743749999,0.4821423749999951,54,100,Cello,String Ensemble 2 _ 1,Cello,38160,270
68.61459843749998,0.26785687500000677,56,100,Cello,String Ensemble 2 _ 1,Cello,38400,150
68.82888393749998,0.26785687499999256,57,100,Cello,String Ensemble 2 _ 1,Cello,38520,150
69.04316943749998,0.26785687499999256,56,100,Cello,String Ensemble 2 _ 1,Cello,38640,150
69.25745493749999,0.18749981249999337,57,100,Cello,String Ensemble 2 _ 1,Cello,38760,105
69.47174043749999,0.10714274999999418,57,100,Cello,String Ensemble 2 _ 1,Cello,38880,60
69.52531181249998,0.10714275000000839,59,100,Cello,String Ensemble 2 _ 1,Cello,38910,60
69.57888318749998,0.37499962500000095,61,100,Cello,String Ensemble 2 _ 1,Cello,38940,210
69.90031143749998,0.48214237500000934,57,100,Cello,String Ensemble 2 _ 1,Cello,39120,270
70.32888243749998,0.40178531249999594,61,100,Cello,String Ensemble 2 _ 1,Cello,39360,225
70.75745343749998,0.48214237500000934,63,100,Cello,String Ensemble 2 _ 1,Cello,39600,270
71.18602443749998,0.4821423749999951,57,100,Cello,String Ensemble 2 _ 1,Cello,39840,270
71.61459543749999,0.40178531249999594,63,100,Cello,String Ensemble 2 _ 1,Cello,40080,225
72.04316643749998,0.09821418750000532,63,100,Cello,String Ensemble 2 _ 1,Cello,40320,55
72.09673781249998,0.09821418750000532,64,100,Cello,String Ensemble 2 _ 1,Cello,40350,55
72.15030918749999,0.37499962500000095,63,100,Cello,String Ensemble 2 _ 1,Cello,40380,210
72.47173743749998,0.4821423749999951,59,100,Cello,String Ensemble 2 _ 1,Cello,40560,270
72.90030843749997,0.40178531250001015,63,100,Cello,String Ensemble 2 _ 1,Cello,40800,225
73.32887943749998,0.4821423749999951,64,100,Cello,String Ensemble 2 _ 1,Cello,41040,270
73.75745043749998,0.4821423749999951,59,100,Cello,String Ensemble 2 _ 1,Cello,41280,270
74.18602143749999,0.40178531249999594,64,100,Cello,String Ensemble 2 _ 1,Cello,41520,225
74.61459243749998,0.09821418750000532,64,100,Cello,String Ensemble 2 _ 1,Cello,41760,55
74.66816381249998,0.09821418749999111,66,100,Cello,String Ensemble 2 _ 1,Cello,41790,55
74.72173518749997,0.37499962500001516,64,100,Cello,String Ensemble 2 _ 1,Cello,41820,210
75.04316343749998,0.4821423749999951,61,100,Cello,String Ensemble 2 _ 1,Cello,42000,270
75.47173443749998,0.40178531250001015,64,100,Cello,String Ensemble 2 _ 1,Cello,42240,225
75.90030543749998,0.4962962500000003,66,100,Cello,String Ensemble 2 _ 1,Cello,42480,270
76.33890943749998,0.5379803750000178,61,100,Cello,String Ensemble 2 _ 1,Cello,42720,270
76.8143898125,0.48240253124998844,66,100,Cello,String Ensemble 2 _ 1,Cello,42960,225
77.33088324999999,4.8184849999999955,68,97,Cello,String Ensemble 2 _ 1,Cello,43200,2640
82.59796624999997,1.414045687500007,68,92,Cello,String Ensemble 2 _ 1,Cello,46080,750
83.95504999999997,1.4325377499999945,66,92,Cello,String Ensemble 2 _ 1,Cello,46800,750
85.32989549999996,1.4423062500000015,64,92,Cello,String Ensemble 2 _ 1,Cello,47520,750
86.71450949999996,1.326921750000011,66,92,Cello,String Ensemble 2 _ 1,Cello,48240,690
88.09912349999996,1.326921750000011,68,97,Cello,String Ensemble 2 _ 1,Cello,48960,690
89.48373749999996,0.9807682500000112,64,67,Cello,String Ensemble 2 _ 1,Cello,49680,510
90.40681349999997,0.4038457500000021,66,93,Cello,String Ensemble 2 _ 1,Cello,50160,210
90.86835149999997,1.3269217499999968,68,97,Cello,String Ensemble 2 _ 1,Cello,50400,690
92.25296549999997,0.980768249999997,64,67,Cello,String Ensemble 2 _ 1,Cello,51120,510
93.17604149999997,0.4038457500000021,66,93,Cello,String Ensemble 2 _ 1,Cello,51600,210
93.63757949999997,4.21153425,68,67,Cello,String Ensemble 2 _ 1,Cello,51840,2190
97.79142149999997,1.3269217499999968,60,83,Cello,String Ensemble 2 _ 1,Cello,54000,690
99.17603549999997,5.076917999999992,65,97,Cello,String Ensemble 2 _ 1,Cello,54720,2640
104.71449149999997,1.4423062500000015,65,57,Cello,String Ensemble 2 _ 1,Cello,57600,750
106.09910549999996,1.4423062500000015,63,67,Cello,String Ensemble 2 _ 1,Cello,58320,750
107.48371949999996,1.4423062500000015,61,77,Cello,String Ensemble 2 _ 1,Cello,59040,750
108.86833349999998,1.3269217499999968,63,87,Cello,String Ensemble 2 _ 1,Cello,59760,690
110.25294749999998,1.3269217499999968,65,97,Cello,String Ensemble 2 _ 1,Cello,60480,690
111.63756149999998,0.980768249999997,61,57,Cello,String Ensemble 2 _ 1,Cello,61200,510
112.56063749999997,0.4038457500000021,63,83,Cello,String Ensemble 2 _ 1,Cello,61680,210
113.02217549999997,1.4423062500000015,65,97,Cello,String Ensemble 2 _ 1,Cello,61920,750
114.40678949999997,0.980768249999997,61,97,Cello,String Ensemble 2 _ 1,Cello,62640,510
115.32986549999997,0.4038457500000021,63,97,Cello,String Ensemble 2 _ 1,Cello,63120,210
115.79140349999997,4.21153425,65,77,Cello,String Ensemble 2 _ 1,Cello,63360,2190
119.94524549999997,1.3269217499999968,57,87,Cello,String Ensemble 2 _ 1,Cello,65520,690
121.32985949999997,6.461532000000005,62,100,Cello,String Ensemble 2 _ 1,Cello,66240,3360
132.40677149999996,5.480763749999994,48,50,Cello,String Ensemble 2 _ 1,Cello,72000,2850
137.94522749999996,1.4423062500000015,48,50,Cello,String Ensemble 2 _ 1,Cello,74880,750
139.32984149999996,1.3269217499999968,45,50,Cello,String Ensemble 2 _ 1,Cello,75600,690
140.71445549999996,3.230766000000017,48,50,Cello,String Ensemble 2 _ 1,Cello,76320,1680
149.02213949999995,0.519230250000021,59,60,Cello,String Ensemble 2 _ 1,Cello,80640,270
149.48367749999997,0.5192302499999926,56,60,Cello,String Ensemble 2 _ 1,Cello,80880,270
149.9452155,0.5192302499999641,54,60,Cello,String Ensemble 2 _ 1,Cello,81120,270
150.40675349999995,0.519230250000021,52,60,Cello,String Ensemble 2 _ 1,Cello,81360,270
150.86829149999997,0.5192302499999926,54,60,Cello,String Ensemble 2 _ 1,Cello,81600,270
151.3298295,0.4038457499999595,56,60,Cello,String Ensemble 2 _ 1,Cello,81840,210
151.79136749999995,0.519230250000021,59,60,Cello,String Ensemble 2 _ 1,Cello,82080,270
152.25290549999997,0.519230250000021,56,60,Cello,String Ensemble 2 _ 1,Cello,82320,270
152.7144435,0.5192302499999641,54,60,Cello,String Ensemble 2 _ 1,Cello,82560,270
153.17598149999995,0.519230250000021,52,60,Cello,String Ensemble 2 _ 1,Cello,82800,270
153.63751949999997,0.28846125000001166,54,60,Cello,String Ensemble 2 _ 1,Cello,83040,150
153.86828849999998,0.28846125000001166,56,60,Cello,String Ensemble 2 _ 1,Cello,83160,150
154.0990575,0.28846124999998324,54,60,Cello,String Ensemble 2 _ 1,Cello,83280,150
154.32982649999997,0.173076750000007,56,60,Cello,String Ensemble 2 _ 1,Cello,83400,90
154.56059549999995,0.519230250000021,59,60,Cello,String Ensemble 2 _ 1,Cello,83520,270
155.02213349999997,0.519230250000021,56,65,Cello,String Ensemble 2 _ 1,Cello,83760,270
155.48367149999999,0.5192302499999641,59,70,Cello,String Ensemble 2 _ 1,Cello,84000,270
155.94520949999995,0.519230250000021,61,75,Cello,String Ensemble 2 _ 1,Cello,84240,270
156.40674749999997,0.519230250000021,56,70,Cello,String Ensemble 2 _ 1,Cello,84480,270
156.86828549999998,0.5192302499999641,61,65,Cello,String Ensemble 2 _ 1,Cello,84720,270
157.32982349999997,2.307690000000008,59,60,Cello,String Ensemble 2 _ 1,Cello,84960,1200
160.09905149999997,0.519971812499989,61,60,Cello,String Ensemble 2 _ 1,Cello,86400,270
160.56108349999997,0.5222065625000027,56,60,Cello,String Ensemble 2 _ 1,Cello,86640,270
161.02510049999998,0.5244607499999745,61,60,Cello,String Ensemble 2 _ 1,Cello,86880,270
161.49111974999997,1.351165624999993,59,60,Cello,String Ensemble 2 _ 1,Cello,87120,690
162.90136624999997,0.5336753124999802,61,60,Cello,String Ensemble 2 _ 1,Cello,87840,270
163.37557024999995,0.5360299374999897,56,60,Cello,String Ensemble 2 _ 1,Cello,88080,270
163.85186574999994,0.5384054999999819,61,60,Cello,String Ensemble 2 _ 1,Cello,88320,270
164.33027124999992,1.387389437500019,59,60,Cello,String Ensemble 2 _ 1,Cello,88560,690
165.77833474999994,2.4574395000000493,44,60,Cello,String Ensemble 2 _ 1,Cello,89280,1200
171.734622,1.5625,47,60,Cello,String Ensemble 2 _ 1,Cello,92160,750
173.234622,1.5625,49,60,Cello,String Ensemble 2 _ 1,Cello,92880,750
174.734622,1.5625,47,60,Cello,String Ensemble 2 _ 1,Cello,93600,750
176.234622,1.4375,45,60,Cello,String Ensemble 2 _ 1,Cello,94320,690
171.734622,5.9375,52,60,Cello,String Ensemble 2 _ 1,Cello,92160,2850
177.734622,1.59193987499998,44,60,Cello,String Ensemble 2 _ 1,Cello,95040,750
179.26134449999998,1.664580062500022,43,60,Cello,String Ensemble 2 _ 1,Cello,95760,750
180.85774275,3.340908812500004,42,60,Cello,String Ensemble 2 _ 1,Cello,96480,1470
184.13046975,0.5454545000000053,40,60,Cello,String Ensemble 2 _ 1,Cello,97920,240
177.734622,6.941302250000007,47,60,Cello,String Ensemble 2 _ 1,Cello,95040,3120
190.67592375,1.704545312499988,44,60,Cello,String Ensemble 2 _ 1,Cello,100800,750
192.31228725,1.704545312499988,43,60,Cello,String Ensemble 2 _ 1,Cello,101520,750
193.94865074999998,3.340908812500004,42,60,Cello,String Ensemble 2 _ 1,Cello,102240,1470
197.22137775,0.5454545000000053,40,60,Cello,String Ensemble 2 _ 1,Cello,103680,240
190.67592375,7.090908499999983,47,60,Cello,String Ensemble 2 _ 1,Cello,100800,3120
200.49410475,3.340908812500004,42,60,Cello,String Ensemble 2 _ 1,Cello,105120,1470
203.76683175,0.5454545000000053,40,60,Cello,String Ensemble 2 _ 1,Cello,106560,240
200.49410475,3.8181815000000086,47,60,Cello,String Ensemble 2 _ 1,Cello,105120,1680
205.40319524999998,1.7045453125000165,42,60,Cello,String Ensemble 2 _ 1,Cello,107280,750
207.03955875,0.5454545000000053,40,60,Cello,String Ensemble 2 _ 1,Cello,108000,240
205.40319524999998,2.181818000000021,47,60,Cello,String Ensemble 2 _ 1,Cello,107280,960
208.67592224999999,1.9943180625000139,42,60,Cello,String Ensemble 2 _ 1,Cello,108720,720
208.67592224999999,1.9943180625000139,47,60,Cello,String Ensemble 2 _ 1,Cello,108720,720
213.2416663125,0.8571420000000103,47,60,Cello,String Ensemble 2 _ 1,Cello,110880,480
215.8130923125,1.1999999999999886,47,80,Cello,String Ensemble 2 _ 1,Cello,112320,480
217.61309231250002,1.1999999999999886,47,100,Cello,String Ensemble 2 _ 1,Cello,113040,480
219.4130923125,1.4880937499999902,47,50,Cello,String Ensemble 2 _ 1,Cello,113760,750
220.8416623125,1.4880937499999902,49,50,Cello,String Ensemble 2 _ 1,Cello,114480,750
222.27023231249999,1.4880937500000186,47,50,Cello,String Ensemble 2 _ 1,Cello,115200,750
223.6988023125,1.4880937500000186,49,50,Cello,String Ensemble 2 _ 1,Cello,115920,750
219.4130923125,6.666660000000007,40,50,Cello,String Ensemble 2 _ 1,Cello,113760,3360
225.1273723125,0.9523800000000051,47,50,Cello,String Ensemble 2 _ 1,Cello,116640,480
230.8416523125,2.7976162500000044,59,45,Cello,String Ensemble 2 _ 1,Cello,119520,1410
233.6987923125,3.0387908749999895,61,40,Cello,String Ensemble 2 _ 1,Cello,120960,1410
236.80223831249998,10.20689200000001,64,40,Cello,String Ensemble 2 _ 1,Cello,122400,3360
53.87272993749998,2.6883091249999964,28,38,Contrabass,String Ensemble 2 _ 2,Contrabass,30210,1440
56.614610437499984,2.5714259999999953,28,38,Contrabass,String Ensemble 2 _ 2,Contrabass,31680,1440
59.18603643749998,1.2321416250000041,40,38,Contrabass,String Ensemble 2 _ 2,Contrabass,33120,690
60.47174943749998,1.232141624999997,40,38,Contrabass,String Ensemble 2 _ 2,Contrabass,33840,690
61.75746243749998,1.232141624999997,42,38,Contrabass,String Ensemble 2 _ 2,Contrabass,34560,690
63.04317543749998,0.4821423749999951,37,78,Contrabass,String Ensemble 2 _ 2,Contrabass,35280,270
63.471746437499974,0.48214237500000934,33,78,Contrabass,String Ensemble 2 _ 2,Contrabass,35520,270
63.90031743749998,0.42857100000000514,32,78,Contrabass,String Ensemble 2 _ 2,Contrabass,35760,240
64.32888843749998,2.5178546249999982,30,78,Contrabass,String Ensemble 2 _ 2,Contrabass,36000,1410
66.90031443749999,2.5178546249999982,30,38,Contrabass,String Ensemble 2 _ 2,Contrabass,37440,1410
69.47174043749999,1.232141624999997,42,38,Contrabass,String Ensemble 2 _ 2,Contrabass,38880,690
70.75745343749998,1.232141624999997,42,38,Contrabass,String Ensemble 2 _ 2,Contrabass,39600,690
72.04316643749998,1.2321416250000112,44,38,Contrabass,String Ensemble 2 _ 2,Contrabass,40320,690
73.32887943749998,1.232141624999997,44,38,Contrabass,String Ensemble 2 _ 2,Contrabass,41040,690
74.61459243749998,1.232141624999997,45,38,Contrabass,String Ensemble 2 _ 2,Contrabass,41760,690
75.90030543749998,1.362396000000004,45,38,Contrabass,String Ensemble 2 _ 2,Contrabass,42480,690
77.33088324999999,4.8184849999999955,44,68,Contrabass,String Ensemble 2 _ 2,Contrabass,43200,2640
88.09912349999996,1.3846139999999991,44,48,Contrabass,String Ensemble 2 _ 2,Contrabass,48960,720
90.86835149999997,1.3846139999999991,44,48,Contrabass,String Ensemble 2 _ 2,Contrabass,50400,720
93.63757949999997,0.9230759999999947,44,58,Contrabass,String Ensemble 2 _ 2,Contrabass,51840,480
97.79142149999997,1.3269217499999968,43,48,Contrabass,String Ensemble 2 _ 2,Contrabass,54000,690
99.17603549999997,5.076917999999992,41,68,Contrabass,String Ensemble 2 _ 2,Contrabass,54720,2640
110.25294749999998,1.3269217499999968,41,68,Contrabass,String Ensemble 2 _ 2,Contrabass,60480,690
113.02217549999997,1.4423062500000015,41,68,Contrabass,String Ensemble 2 _ 2,Contrabass,61920,750
115.79140349999997,0.9230759999999947,41,58,Contrabass,String Ensemble 2 _ 2,Contrabass,63360,480
119.94524549999997,1.3269217499999968,40,68,Contrabass,String Ensemble 2 _ 2,Contrabass,65520,690
121.32985949999997,6.461532000000005,38,68,Contrabass,String Ensemble 2 _ 2,Contrabass,66240,3360
132.40677149999996,5.480763749999994,36,38,Contrabass,String Ensemble 2 _ 2,Contrabass,72000,2850
137.94522749999996,1.4423062500000015,36,38,Contrabass,String Ensemble 2 _ 2,Contrabass,74880,750
139.32984149999996,1.3269217499999968,33,38,Contrabass,String Ensemble 2 _ 2,Contrabass,75600,690
140.71445549999996,3.230766000000017,36,38,Contrabass,String Ensemble 2 _ 2,Contrabass,76320,1680
149.02213949999995,0.9230760000000373,35,38,Contrabass,String Ensemble 2 _ 2,Contrabass,80640,480
151.79136749999995,0.9230760000000373,35,38,Contrabass,String Ensemble 2 _ 2,Contrabass,82080,480
154.56059549999995,1.4423062500000015,35,38,Contrabass,String Ensemble 2 _ 2,Contrabass,83520,750
155.94520949999995,1.4423062500000015,32,38,Contrabass,String Ensemble 2 _ 2,Contrabass,84240,750
157.32982349999997,2.307690000000008,35,38,Contrabass,String Ensemble 2 _ 2,Contrabass,84960,1200
160.09905149999997,1.4505097499999806,32,38,Contrabass,String Ensemble 2 _ 2,Contrabass,86400,750
161.49111974999997,0.9381155000000092,35,38,Contrabass,String Ensemble 2 _ 2,Contrabass,87120,480
162.90136624999997,1.48890499999996,32,38,Contrabass,String Ensemble 2 _ 2,Contrabass,87840,750
164.33027124999992,0.9632152500000188,35,38,Contrabass,String Ensemble 2 _ 2,Contrabass,88560,480
165.77833474999994,2.4574395000000493,32,38,Contrabass,String Ensemble 2 _ 2,Contrabass,89280,1200
171.734622,1.5625,35,38,Contrabass,String Ensemble 2 _ 2,Contrabass,92160,750
173.234622,1.5625,37,38,Contrabass,String Ensemble 2 _ 2,Contrabass,92880,750
174.734622,1.5625,35,38,Contrabass,String Ensemble 2 _ 2,Contrabass,93600,750
176.234622,1.4375,33,38,Contrabass,String Ensemble 2 _ 2,Contrabass,94320,690
177.734622,1.59193987499998,32,38,Contrabass,String Ensemble 2 _ 2,Contrabass,95040,750
179.26134449999998,1.664580062500022,31,38,Contrabass,String Ensemble 2 _ 2,Contrabass,95760,750
180.85774275,3.340908812500004,30,38,Contrabass,String Ensemble 2 _ 2,Contrabass,96480,1470
184.13046975,0.5454545000000053,28,38,Contrabass,String Ensemble 2 _ 2,Contrabass,97920,240
190.67592375,1.704545312499988,32,38,Contrabass,String Ensemble 2 _ 2,Contrabass,100800,750
192.31228725,1.704545312499988,31,38,Contrabass,String Ensemble 2 _ 2,Contrabass,101520,750
193.94865074999998,3.340908812500004,30,38,Contrabass,String Ensemble 2 _ 2,Contrabass,102240,1470
197.22137775,0.5454545000000053,28,38,Contrabass,String Ensemble 2 _ 2,Contrabass,103680,240
200.49410475,3.340908812500004,30,38,Contrabass,String Ensemble 2 _ 2,Contrabass,105120,1470
203.76683175,0.5454545000000053,28,38,Contrabass,String Ensemble 2 _ 2,Contrabass,106560,240
205.40319524999998,1.7045453125000165,30,38,Contrabass,String Ensemble 2 _ 2,Contrabass,107280,750
207.03955875,0.5454545000000053,28,38,Contrabass,String Ensemble 2 _ 2,Contrabass,108000,240
208.67592224999999,1.9943180625000139,30,38,Contrabass,String Ensemble 2 _ 2,Contrabass,108720,720
213.2416663125,0.8571420000000103,35,38,Contrabass,String Ensemble 2 _ 2,Contrabass,110880,480
215.8130923125,1.1999999999999886,35,58,Contrabass,String Ensemble 2 _ 2,Contrabass,112320,480
217.61309231250002,1.1999999999999886,35,78,Contrabass,String Ensemble 2 _ 2,Contrabass,113040,480
219.4130923125,1.4285700000000077,28,38,Contrabass,String Ensemble 2 _ 2,Contrabass,113760,720
236.80223831249998,10.20689200000001,28,38,Contrabass,String Ensemble 2 _ 2,Contrabass,122400,3360
