time_start_sec,duration_sec,pitch,velocity,track,time_start_tick,duration_tick,instrument
0.0,0.5037311250000003,83,66,Flute,1440,270,Flute _ 1
0.44402965833333363,0.5037311249999998,80,53,Flute,1678,270,Flute _ 1
0.8880593166666668,0.5037311249999998,78,55,Flute,1916,270,Flute _ 1
1.3414173291666667,0.5037311249999998,76,55,Flute,2159,270,Flute _ 1
1.7891783291666665,0.5037311249999998,78,55,Flute,2399,270,Flute _ 1
2.246267683333333,0.3358207499999999,80,55,Flute,2644,180,Flute _ 1
2.6809689874999996,0.39179087500000076,83,58,Flute,2877,210,Flute _ 1
3.070894191666667,0.11194024999999996,80,55,Flute,3086,60,Flute _ 1
3.138058341666667,0.11194024999999996,81,54,Flute,3122,60,Flute _ 1
3.238804566666667,0.39179087499999987,80,55,Flute,3176,210,Flute _ 1
3.5876850125,0.5037311249999998,78,57,Flute,3363,270,Flute _ 1
4.037311683333334,0.5037311249999998,76,55,Flute,3604,270,Flute _ 1
4.468281645833333,0.2798506249999999,78,55,Flute,3835,150,Flute _ 1
4.7014905,0.2798506249999999,80,55,Flute,3960,150,Flute _ 1
4.919773987499999,0.2798506249999999,78,52,Flute,4077,150,Flute _ 1
5.1492515,0.13992531249999995,80,55,Flute,4200,75,Flute _ 1
5.373132,0.11194024999999996,80,55,Flute,4320,60,Flute _ 1
5.421639441666667,0.11194024999999996,81,53,Flute,4346,60,Flute _ 1
5.481340908333333,0.39179087499999987,83,57,Flute,4378,210,Flute _ 1
5.815295987500001,0.5037311249999998,80,66,Flute,4557,270,Flute _ 1
6.259325645833334,0.39179087499999987,83,68,Flute,4795,210,Flute _ 1
6.707086645833334,0.5037311249999998,85,69,Flute,5035,270,Flute _ 1
7.166041670833334,0.5037311249999998,80,68,Flute,5281,270,Flute _ 1
7.608205658333333,0.39179087499999987,85,67,Flute,5518,210,Flute _ 1
8.0541009875,0.5037311249999998,83,55,Flute,5757,270,Flute _ 1
8.509324670833333,0.5037311249999998,80,54,Flute,6001,270,Flute _ 1
8.9608170125,0.5037311249999998,78,58,Flute,6243,270,Flute _ 1
9.4085780125,0.8955219999999997,76,55,Flute,6483,480,Flute _ 1
21.492528,0.5037311249999981,87,64,Flute,12960,270,Flute _ 1
21.945886012499997,0.5037311250000016,84,54,Flute,13203,270,Flute _ 1
22.389915670833332,0.5037311249999981,82,55,Flute,13441,270,Flute _ 1
22.83207965833333,0.5037311250000016,80,58,Flute,13678,270,Flute _ 1
23.27424364583333,0.5037311250000016,82,54,Flute,13915,270,Flute _ 1
23.72200464583333,0.3358207499999999,84,55,Flute,14155,180,Flute _ 1
24.1846910125,0.3917908749999981,87,55,Flute,14403,210,Flute _ 1
24.567153533333332,0.11194024999999996,84,56,Flute,14608,60,Flute _ 1
24.62312365833333,0.11194024999999996,85,55,Flute,14638,60,Flute _ 1
24.73506390833333,0.39179087500000165,84,58,Flute,14698,210,Flute _ 1
25.069018987499998,0.5037311250000016,82,58,Flute,14877,270,Flute _ 1
25.514914316666665,0.5037311249999981,80,57,Flute,15116,270,Flute _ 1
25.97200367083333,0.2798506250000017,82,56,Flute,15361,150,Flute _ 1
26.19588417083333,0.2798506250000017,84,57,Flute,15481,150,Flute _ 1
26.425361683333332,0.27985062499999813,82,52,Flute,15604,150,Flute _ 1
26.645510841666663,0.13992531250000084,84,56,Flute,15722,75,Flute _ 1
26.856331645833333,0.11194024999999996,84,55,Flute,15835,60,Flute _ 1
26.91230177083333,0.11194024999999996,85,55,Flute,15865,60,Flute _ 1
26.97946592083333,0.39179087500000165,87,55,Flute,15901,210,Flute _ 1
27.30968965833333,0.5037311250000016,84,63,Flute,16078,270,Flute _ 1
27.764913341666663,0.39179087500000165,87,68,Flute,16322,210,Flute _ 1
28.2145400125,0.5037311249999981,88,65,Flute,16563,270,Flute _ 1
28.651106987499997,0.5037311250000016,84,68,Flute,16797,270,Flute _ 1
29.104464999999998,0.3917908749999981,88,66,Flute,17040,210,Flute _ 1
29.559688683333334,0.5037311249999945,87,55,Flute,17284,270,Flute _ 1
29.990658645833328,0.5037311250000016,84,57,Flute,17515,270,Flute _ 1
30.453345012499994,0.5037311250000016,82,57,Flute,17763,270,Flute _ 1
30.89737467083333,0.8955219999999997,80,55,Flute,18001,480,Flute _ 1
42.98505599999999,0.5037311250000016,90,55,Flute,24480,270,Flute _ 1
43.432817,0.5037311249999945,87,55,Flute,24720,270,Flute _ 1
43.880578,0.5037311249999945,85,55,Flute,24960,270,Flute _ 1
44.328339,0.5037311249999945,83,55,Flute,25200,270,Flute _ 1
44.7761,0.2798506249999946,85,55,Flute,25440,150,Flute _ 1
44.9999805,0.2798506249999946,87,55,Flute,25560,150,Flute _ 1
45.223861,0.2798506249999946,85,55,Flute,25680,150,Flute _ 1
45.4477415,0.22388049999999993,87,55,Flute,25800,120,Flute _ 1
48.358188,0.5037311249999945,90,55,Flute,27360,270,Flute _ 1
48.805949,0.5037311249999945,87,58,Flute,27600,270,Flute _ 1
49.25371,0.44776099999999985,83,61,Flute,27840,240,Flute _ 1
51.044754,0.5037311250000016,90,75,Flute,28800,270,Flute _ 1
51.492515,0.5037311250000016,87,78,Flute,29040,270,Flute _ 1
51.940276,0.44776099999999985,83,81,Flute,29280,240,Flute _ 1
54.04318443749998,2.5178546249999982,83,60,Flute,30240,1410,Flute _ 1
56.614610437499984,2.5178546249999982,83,60,Flute,31680,1410,Flute _ 1
59.18603643749998,1.2321416250000041,83,60,Flute,33120,690,Flute _ 1
60.47174943749998,1.232141624999997,85,60,Flute,33840,690,Flute _ 1
61.75746243749998,1.7142839999999921,85,60,Flute,34560,960,Flute _ 1
64.32888843749998,2.5178546249999982,85,60,Flute,36000,1410,Flute _ 1
66.90031443749999,2.5178546249999982,85,60,Flute,37440,1410,Flute _ 1
69.47174043749999,1.232141624999997,85,60,Flute,38880,690,Flute _ 1
70.75745343749998,1.232141624999997,87,60,Flute,39600,690,Flute _ 1
72.04316643749998,1.2321416250000112,87,60,Flute,40320,690,Flute _ 1
73.32887943749998,1.232141624999997,88,60,Flute,41040,690,Flute _ 1
74.61459243749998,1.232141624999997,88,60,Flute,41760,690,Flute _ 1
75.90030543749998,1.362396000000004,90,60,Flute,42480,690,Flute _ 1
77.33088324999999,3.4837637499999943,92,60,Flute,43200,1920,Flute _ 1
88.09912349999996,1.3846139999999991,92,60,Flute,48960,720,Flute _ 1
90.86835149999997,1.3846139999999991,92,60,Flute,50400,720,Flute _ 1
97.79142149999997,1.3269217499999968,84,60,Flute,54000,690,Flute _ 1
99.17603549999997,4.326918750000004,89,75,Flute,54720,2250,Flute _ 1
110.25294749999998,1.3846139999999991,89,60,Flute,60480,720,Flute _ 1
113.02217549999997,1.3846139999999991,89,60,Flute,61920,720,Flute _ 1
119.94524549999997,1.3269217499999968,81,75,Flute,65520,690,Flute _ 1
121.32985949999997,6.461532000000005,86,75,Flute,66240,3360,Flute _ 1
132.40677149999996,0.28846125000001166,84,45,Flute,72000,150,Flute _ 1
132.63754049999997,0.28846125000001166,81,45,Flute,72120,150,Flute _ 1
132.86830949999998,0.28846124999998324,77,45,Flute,72240,150,Flute _ 1
133.09907849999996,0.28846125000001166,72,50,Flute,72360,150,Flute _ 1
133.32984749999997,0.28846124999998324,77,50,Flute,72480,150,Flute _ 1
133.56061649999995,0.28846125000001166,81,50,Flute,72600,150,Flute _ 1
133.79138549999996,0.28846125000001166,84,50,Flute,72720,150,Flute _ 1
134.02215449999997,0.28846125000001166,81,50,Flute,72840,150,Flute _ 1
134.25292349999998,0.28846124999998324,77,50,Flute,72960,150,Flute _ 1
134.48369249999996,0.28846125000001166,72,50,Flute,73080,150,Flute _ 1
134.71446149999997,0.28846124999998324,77,50,Flute,73200,150,Flute _ 1
134.94523049999995,0.28846125000001166,81,50,Flute,73320,150,Flute _ 1
135.17599949999996,0.28846125000001166,84,50,Flute,73440,150,Flute _ 1
135.40676849999997,0.28846125000001166,81,50,Flute,73560,150,Flute _ 1
135.63753749999998,0.28846124999998324,77,50,Flute,73680,150,Flute _ 1
135.86830649999996,0.28846125000001166,72,50,Flute,73800,150,Flute _ 1
136.09907549999997,0.28846124999998324,77,50,Flute,73920,150,Flute _ 1
136.32984449999998,0.28846124999998324,81,50,Flute,74040,150,Flute _ 1
136.56061349999996,0.28846125000001166,84,50,Flute,74160,150,Flute _ 1
136.79138249999997,0.28846125000001166,81,50,Flute,74280,150,Flute _ 1
137.02215149999998,0.28846124999998324,77,50,Flute,74400,150,Flute _ 1
137.25292049999996,0.28846125000001166,72,50,Flute,74520,150,Flute _ 1
137.48368949999997,0.28846124999998324,77,50,Flute,74640,150,Flute _ 1
137.71445849999998,0.17307674999997857,81,50,Flute,74760,90,Flute _ 1
137.94522749999996,0.28846125000001166,84,50,Flute,74880,150,Flute _ 1
138.17599649999997,0.28846125000001166,81,50,Flute,75000,150,Flute _ 1
138.40676549999998,0.28846124999998324,77,50,Flute,75120,150,Flute _ 1
138.63753449999996,0.28846125000001166,72,50,Flute,75240,150,Flute _ 1
138.86830349999997,0.28846124999998324,77,50,Flute,75360,150,Flute _ 1
139.09907249999998,0.28846124999998324,81,50,Flute,75480,150,Flute _ 1
139.32984149999996,0.28846125000001166,86,50,Flute,75600,150,Flute _ 1
139.56061049999997,0.28846125000001166,81,50,Flute,75720,150,Flute _ 1
139.79137949999998,0.28846124999998324,77,50,Flute,75840,150,Flute _ 1
140.0221485,0.28846124999998324,74,50,Flute,75960,150,Flute _ 1
140.25291749999997,0.28846125000001166,77,50,Flute,76080,150,Flute _ 1
140.48368649999998,0.28846124999998324,81,50,Flute,76200,150,Flute _ 1
140.71445549999996,0.28846125000001166,84,50,Flute,76320,150,Flute _ 1
140.94522449999997,0.28846125000001166,81,50,Flute,76440,150,Flute _ 1
141.17599349999998,0.28846124999998324,77,50,Flute,76560,150,Flute _ 1
141.40676249999999,0.28846124999998324,72,50,Flute,76680,150,Flute _ 1
141.63753149999997,0.28846125000001166,77,50,Flute,76800,150,Flute _ 1
141.86830049999998,0.28846124999998324,81,50,Flute,76920,150,Flute _ 1
142.09906949999996,0.28846125000001166,84,50,Flute,77040,150,Flute _ 1
142.32983849999997,0.28846125000001166,81,50,Flute,77160,150,Flute _ 1
142.56060749999997,0.28846124999998324,77,50,Flute,77280,150,Flute _ 1
142.79137649999998,0.28846124999998324,72,50,Flute,77400,150,Flute _ 1
143.02214549999997,0.28846125000001166,77,50,Flute,77520,150,Flute _ 1
143.25291449999997,0.17307674999997857,81,50,Flute,77640,90,Flute _ 1
143.48368349999996,0.28846125000001166,84,50,Flute,77760,150,Flute _ 1
143.71445249999996,0.28846125000001166,81,50,Flute,77880,150,Flute _ 1
143.94522149999997,0.28846125000001166,77,50,Flute,78000,150,Flute _ 1
144.17599049999998,0.28846124999998324,72,50,Flute,78120,150,Flute _ 1
144.40675949999996,0.28846125000001166,77,50,Flute,78240,150,Flute _ 1
144.63752849999997,0.28846124999998324,81,50,Flute,78360,150,Flute _ 1
144.86829749999995,0.28846125000001166,84,50,Flute,78480,150,Flute _ 1
145.09906649999996,0.28846125000001166,81,50,Flute,78600,150,Flute _ 1
145.32983549999997,0.28846125000001166,77,50,Flute,78720,150,Flute _ 1
145.56060449999998,0.28846124999998324,72,50,Flute,78840,150,Flute _ 1
145.79137349999996,0.28846125000001166,77,50,Flute,78960,150,Flute _ 1
146.02214249999997,0.28846124999998324,81,50,Flute,79080,150,Flute _ 1
146.25291149999995,0.28846125000001166,84,50,Flute,79200,150,Flute _ 1
146.48368049999996,0.28846125000001166,80,50,Flute,79320,150,Flute _ 1
146.71444949999997,0.28846125000001166,76,50,Flute,79440,150,Flute _ 1
146.94521849999998,0.28846124999998324,72,50,Flute,79560,150,Flute _ 1
147.17598749999996,0.28846125000001166,76,50,Flute,79680,150,Flute _ 1
147.40675649999997,0.28846124999998324,80,50,Flute,79800,150,Flute _ 1
147.63752549999995,0.28846125000001166,84,50,Flute,79920,150,Flute _ 1
147.86829449999996,0.28846125000001166,80,50,Flute,80040,150,Flute _ 1
148.09906349999997,0.28846125000001166,76,50,Flute,80160,150,Flute _ 1
148.32983249999998,0.28846124999998324,72,50,Flute,80280,150,Flute _ 1
148.56060149999996,0.28846125000001166,76,50,Flute,80400,150,Flute _ 1
148.79137049999997,0.173076750000007,80,50,Flute,80520,90,Flute _ 1
149.48367749999997,0.173076750000007,80,50,Flute,80880,90,Flute _ 1
149.9452155,0.17307674999997857,83,50,Flute,81120,90,Flute _ 1
150.86829149999997,0.173076750000007,80,50,Flute,81600,90,Flute _ 1
151.3298295,0.17307674999997857,83,50,Flute,81840,90,Flute _ 1
152.25290549999997,0.173076750000007,80,50,Flute,82320,90,Flute _ 1
152.7144435,0.17307674999997857,83,50,Flute,82560,90,Flute _ 1
153.63751949999997,0.173076750000007,80,50,Flute,83040,90,Flute _ 1
154.0990575,0.17307674999997857,83,50,Flute,83280,90,Flute _ 1
155.02213349999997,0.173076750000007,80,50,Flute,83760,90,Flute _ 1
155.48367149999999,0.17307674999997857,83,50,Flute,84000,90,Flute _ 1
156.40674749999997,0.173076750000007,80,50,Flute,84480,90,Flute _ 1
156.86828549999998,0.17307674999997857,85,50,Flute,84720,90,Flute _ 1
157.79136149999997,0.173076750000007,80,50,Flute,85200,90,Flute _ 1
158.25289949999998,0.17307674999997857,83,50,Flute,85440,90,Flute _ 1
160.56108349999997,0.1738194374999864,80,50,Flute,86640,90,Flute _ 1
161.02510049999998,0.174568687499999,85,50,Flute,86880,90,Flute _ 1
163.37557024999995,0.1784139375000109,80,50,Flute,88080,90,Flute _ 1
163.85186574999994,0.17920331249999322,85,50,Flute,88320,90,Flute _ 1
166.26536974999996,0.1832578124999884,80,50,Flute,89520,90,Flute _ 1
166.75461124999998,0.18409049999999638,85,50,Flute,89760,90,Flute _ 1
184.13046975,0.11818180833333258,83,50,Flute,97920,52,Flute _ 1
184.21001519791668,0.11818180833333258,85,50,Flute,97955,52,Flute _ 1
184.28956064583332,0.11818180833333258,83,50,Flute,97990,52,Flute _ 1
184.36910609375,0.11818180833333258,85,50,Flute,98025,52,Flute _ 1
184.44865154166666,0.11818180833333258,83,50,Flute,98060,52,Flute _ 1
184.52819698958334,0.11818180833333258,85,50,Flute,98095,52,Flute _ 1
184.6077424375,0.15909089583331593,82,50,Flute,98130,70,Flute _ 1
184.7441060625,0.13636362500000132,83,50,Flute,98190,60,Flute _ 1
185.76683325,0.11818180833333258,83,50,Flute,98640,52,Flute _ 1
185.84637869791666,0.11818180833333258,85,50,Flute,98675,52,Flute _ 1
185.92592414583333,0.11818180833333258,83,50,Flute,98710,52,Flute _ 1
186.00546959375,0.11818180833333258,85,50,Flute,98745,52,Flute _ 1
186.08501504166665,0.11818180833333258,83,50,Flute,98780,52,Flute _ 1
186.16456048958332,0.11818180833333258,85,50,Flute,98815,52,Flute _ 1
186.2441059375,0.15909089583334435,82,50,Flute,98850,70,Flute _ 1
186.3804695625,0.13636362500000132,83,50,Flute,98910,60,Flute _ 1
187.40319675,0.11818180833333258,83,50,Flute,99360,52,Flute _ 1
187.48274219791665,0.11818180833333258,85,50,Flute,99395,52,Flute _ 1
187.56228764583332,0.11818180833333258,83,50,Flute,99430,52,Flute _ 1
187.64183309375,0.11818180833333258,85,50,Flute,99465,52,Flute _ 1
187.72137854166667,0.11818180833333258,83,50,Flute,99500,52,Flute _ 1
187.80092398958334,0.11818180833333258,85,50,Flute,99535,52,Flute _ 1
187.8804694375,0.15909089583331593,82,50,Flute,99570,70,Flute _ 1
188.01683306249998,0.13636362500000132,83,50,Flute,99630,60,Flute _ 1
189.03956025,0.11818180833333258,83,50,Flute,100080,52,Flute _ 1
189.11910569791667,0.11818180833333258,85,50,Flute,100115,52,Flute _ 1
189.19865114583334,0.11818180833333258,83,50,Flute,100150,52,Flute _ 1
189.27819659374998,0.118181808333361,85,50,Flute,100185,52,Flute _ 1
189.35774204166665,0.11818180833333258,83,50,Flute,100220,52,Flute _ 1
189.43728748958333,0.11818180833333258,85,50,Flute,100255,52,Flute _ 1
189.5168329375,0.15909089583334435,82,50,Flute,100290,70,Flute _ 1
189.6531965625,0.13636362500000132,83,50,Flute,100350,60,Flute _ 1
197.22137775,0.11818180833333258,83,50,Flute,103680,52,Flute _ 1
197.30092319791666,0.11818180833333258,85,50,Flute,103715,52,Flute _ 1
197.38046864583333,0.11818180833333258,83,50,Flute,103750,52,Flute _ 1
197.46001409375,0.11818180833333258,85,50,Flute,103785,52,Flute _ 1
197.53955954166665,0.118181808333361,83,50,Flute,103820,52,Flute _ 1
197.61910498958332,0.11818180833333258,85,50,Flute,103855,52,Flute _ 1
197.6986504375,0.15909089583334435,82,50,Flute,103890,70,Flute _ 1
197.8350140625,0.13636362500000132,83,50,Flute,103950,60,Flute _ 1
198.85774125,0.11818180833333258,83,50,Flute,104400,52,Flute _ 1
198.93728669791668,0.11818180833333258,85,50,Flute,104435,52,Flute _ 1
199.01683214583332,0.11818180833333258,83,50,Flute,104470,52,Flute _ 1
199.09637759375,0.11818180833333258,85,50,Flute,104505,52,Flute _ 1
199.17592304166666,0.11818180833333258,83,50,Flute,104540,52,Flute _ 1
199.25546848958334,0.11818180833333258,85,50,Flute,104575,52,Flute _ 1
199.3350139375,0.15909089583331593,82,50,Flute,104610,70,Flute _ 1
199.4713775625,0.13636362500000132,83,50,Flute,104670,60,Flute _ 1
203.76683175,0.11818180833333258,83,50,Flute,106560,52,Flute _ 1
203.84637719791667,0.11818180833333258,85,50,Flute,106595,52,Flute _ 1
203.92592264583334,0.11818180833333258,83,50,Flute,106630,52,Flute _ 1
204.00546809375,0.11818180833330416,85,50,Flute,106665,52,Flute _ 1
204.08501354166665,0.11818180833333258,83,49,Flute,106700,52,Flute _ 1
204.16455898958333,0.11818180833333258,85,49,Flute,106735,52,Flute _ 1
204.2441044375,0.15909089583334435,82,49,Flute,106770,70,Flute _ 1
204.3804680625,0.13636362500000132,83,48,Flute,106830,60,Flute _ 1
207.03955875,0.11818180833333258,83,39,Flute,108000,52,Flute _ 1
207.11910419791667,0.11818180833333258,85,39,Flute,108035,52,Flute _ 1
207.19864964583334,0.11818180833333258,83,39,Flute,108070,52,Flute _ 1
207.27819509374999,0.11818180833333258,85,38,Flute,108105,52,Flute _ 1
207.35774054166666,0.11818180833333258,83,38,Flute,108140,52,Flute _ 1
207.43728598958333,0.11818180833333258,85,38,Flute,108175,52,Flute _ 1
207.5168314375,0.15909089583331593,82,38,Flute,108210,70,Flute _ 1
207.6531950625,0.13636362500000132,83,37,Flute,108270,60,Flute _ 1
219.4130923125,0.5357137500000135,83,60,Flute,113760,270,Flute _ 1
219.8892823125,0.5357137499999851,80,60,Flute,114000,270,Flute _ 1
220.3654723125,0.5357137499999851,78,60,Flute,114240,270,Flute _ 1
220.8416623125,0.5357137499999851,76,60,Flute,114480,270,Flute _ 1
221.3178523125,0.5357137499999851,78,60,Flute,114720,270,Flute _ 1
221.7940423125,0.5357137499999851,80,60,Flute,114960,270,Flute _ 1
222.27023231249999,0.5357137500000135,83,60,Flute,115200,270,Flute _ 1
222.7464223125,0.5357137500000135,80,60,Flute,115440,270,Flute _ 1
223.2226123125,0.5357137500000135,78,60,Flute,115680,270,Flute _ 1
223.6988023125,0.5357137500000135,76,60,Flute,115920,270,Flute _ 1
224.1749923125,0.29761874999999804,78,60,Flute,116160,150,Flute _ 1
224.4130873125,0.29761874999999804,80,60,Flute,116280,150,Flute _ 1
224.6511823125,0.29761874999999804,78,60,Flute,116400,150,Flute _ 1
224.8892773125,0.1488093749999848,80,60,Flute,116520,75,Flute _ 1
236.80223831249998,10.20689200000001,88,50,Flute,122400,3360,Flute _ 1
6.716415,1.3992531249999995,73,35,Flute,5040,750,Flute _ 1
8.059698,2.238805000000001,71,35,Flute,5760,1200,Flute _ 1
28.208942999999998,1.3992531250000013,76,35,Flute,16560,750,Flute _ 1
29.552225999999997,2.2388049999999993,75,35,Flute,17280,1200,Flute _ 1
48.358188,1.3432829999999996,78,45,Flute,27360,720,Flute _ 1
51.044754,1.2873128749999978,78,65,Flute,28800,690,Flute _ 1
52.388037,1.484692937499986,78,75,Flute,29520,690,Flute _ 1
54.04318443749998,2.5178546249999982,80,50,Flute,30240,1410,Flute _ 1
56.614610437499984,2.5178546249999982,80,50,Flute,31680,1410,Flute _ 1
59.18603643749998,1.2321416250000041,80,50,Flute,33120,690,Flute _ 1
60.47174943749998,1.232141624999997,80,50,Flute,33840,690,Flute _ 1
61.75746243749998,1.7142839999999921,81,50,Flute,34560,960,Flute _ 1
64.32888843749998,2.5178546249999982,81,50,Flute,36000,1410,Flute _ 1
66.90031443749999,2.5178546249999982,81,50,Flute,37440,1410,Flute _ 1
69.47174043749999,1.232141624999997,81,50,Flute,38880,690,Flute _ 1
70.75745343749998,1.232141624999997,81,50,Flute,39600,690,Flute _ 1
72.04316643749998,1.2321416250000112,83,50,Flute,40320,690,Flute _ 1
73.32887943749998,1.232141624999997,83,50,Flute,41040,690,Flute _ 1
74.61459243749998,1.232141624999997,85,50,Flute,41760,690,Flute _ 1
75.90030543749998,1.362396000000004,85,50,Flute,42480,690,Flute _ 1
77.33088324999999,3.4837637499999943,87,50,Flute,43200,1920,Flute _ 1
88.09912349999996,1.3846139999999991,87,50,Flute,48960,720,Flute _ 1
90.86835149999997,1.3846139999999991,87,50,Flute,50400,720,Flute _ 1
99.17603549999997,4.326918750000004,84,65,Flute,54720,2250,Flute _ 1
110.25294749999998,1.3846139999999991,84,50,Flute,60480,720,Flute _ 1
113.02217549999997,1.3846139999999991,84,50,Flute,61920,720,Flute _ 1
121.32985949999997,6.461532000000005,81,50,Flute,66240,3360,Flute _ 1
132.40677149999996,0.28846125000001166,81,50,Flute,72000,150,Flute _ 1
132.63754049999997,0.28846125000001166,77,50,Flute,72120,150,Flute _ 1
132.86830949999998,0.28846124999998324,72,50,Flute,72240,150,Flute _ 1
133.09907849999996,0.28846125000001166,69,50,Flute,72360,150,Flute _ 1
133.32984749999997,0.28846124999998324,72,50,Flute,72480,150,Flute _ 1
133.56061649999995,0.28846125000001166,77,50,Flute,72600,150,Flute _ 1
133.79138549999996,0.28846125000001166,81,50,Flute,72720,150,Flute _ 1
134.02215449999997,0.28846125000001166,77,50,Flute,72840,150,Flute _ 1
134.25292349999998,0.28846124999998324,72,50,Flute,72960,150,Flute _ 1
134.48369249999996,0.28846125000001166,69,50,Flute,73080,150,Flute _ 1
134.71446149999997,0.28846124999998324,72,50,Flute,73200,150,Flute _ 1
134.94523049999995,0.28846125000001166,77,50,Flute,73320,150,Flute _ 1
135.17599949999996,0.28846125000001166,81,50,Flute,73440,150,Flute _ 1
135.40676849999997,0.28846125000001166,77,50,Flute,73560,150,Flute _ 1
135.63753749999998,0.28846124999998324,72,50,Flute,73680,150,Flute _ 1
135.86830649999996,0.28846125000001166,69,50,Flute,73800,150,Flute _ 1
136.09907549999997,0.28846124999998324,72,50,Flute,73920,150,Flute _ 1
136.32984449999998,0.28846124999998324,77,50,Flute,74040,150,Flute _ 1
136.56061349999996,0.28846125000001166,81,50,Flute,74160,150,Flute _ 1
136.79138249999997,0.28846125000001166,77,50,Flute,74280,150,Flute _ 1
137.02215149999998,0.28846124999998324,72,50,Flute,74400,150,Flute _ 1
137.25292049999996,0.28846125000001166,69,50,Flute,74520,150,Flute _ 1
137.48368949999997,0.28846124999998324,72,50,Flute,74640,150,Flute _ 1
137.71445849999998,0.17307674999997857,77,50,Flute,74760,90,Flute _ 1
137.94522749999996,0.28846125000001166,81,50,Flute,74880,150,Flute _ 1
138.17599649999997,0.28846125000001166,77,50,Flute,75000,150,Flute _ 1
138.40676549999998,0.28846124999998324,72,50,Flute,75120,150,Flute _ 1
138.63753449999996,0.28846125000001166,69,50,Flute,75240,150,Flute _ 1
138.86830349999997,0.28846124999998324,72,50,Flute,75360,150,Flute _ 1
139.09907249999998,0.28846124999998324,77,50,Flute,75480,150,Flute _ 1
139.32984149999996,0.28846125000001166,81,50,Flute,75600,150,Flute _ 1
139.56061049999997,0.28846125000001166,77,50,Flute,75720,150,Flute _ 1
139.79137949999998,0.28846124999998324,74,50,Flute,75840,150,Flute _ 1
140.0221485,0.28846124999998324,69,50,Flute,75960,150,Flute _ 1
140.25291749999997,0.28846125000001166,74,50,Flute,76080,150,Flute _ 1
140.48368649999998,0.28846124999998324,77,50,Flute,76200,150,Flute _ 1
140.71445549999996,0.28846125000001166,81,50,Flute,76320,150,Flute _ 1
140.94522449999997,0.28846125000001166,77,50,Flute,76440,150,Flute _ 1
141.17599349999998,0.28846124999998324,72,50,Flute,76560,150,Flute _ 1
141.40676249999999,0.28846124999998324,69,50,Flute,76680,150,Flute _ 1
141.63753149999997,0.28846125000001166,72,50,Flute,76800,150,Flute _ 1
141.86830049999998,0.28846124999998324,77,50,Flute,76920,150,Flute _ 1
142.09906949999996,0.28846125000001166,81,50,Flute,77040,150,Flute _ 1
142.32983849999997,0.28846125000001166,77,50,Flute,77160,150,Flute _ 1
142.56060749999997,0.28846124999998324,72,50,Flute,77280,150,Flute _ 1
142.79137649999998,0.28846124999998324,69,50,Flute,77400,150,Flute _ 1
143.02214549999997,0.28846125000001166,72,50,Flute,77520,150,Flute _ 1
143.25291449999997,0.17307674999997857,77,50,Flute,77640,90,Flute _ 1
143.48368349999996,0.28846125000001166,81,50,Flute,77760,150,Flute _ 1
143.71445249999996,0.28846125000001166,77,50,Flute,77880,150,Flute _ 1
143.94522149999997,0.28846125000001166,72,50,Flute,78000,150,Flute _ 1
144.17599049999998,0.28846124999998324,69,50,Flute,78120,150,Flute _ 1
144.40675949999996,0.28846125000001166,72,50,Flute,78240,150,Flute _ 1
144.63752849999997,0.28846124999998324,77,50,Flute,78360,150,Flute _ 1
144.86829749999995,0.28846125000001166,81,50,Flute,78480,150,Flute _ 1
145.09906649999996,0.28846125000001166,77,50,Flute,78600,150,Flute _ 1
145.32983549999997,0.28846125000001166,72,50,Flute,78720,150,Flute _ 1
145.56060449999998,0.28846124999998324,69,50,Flute,78840,150,Flute _ 1
145.79137349999996,0.28846125000001166,72,50,Flute,78960,150,Flute _ 1
146.02214249999997,0.28846124999998324,77,50,Flute,79080,150,Flute _ 1
146.25291149999995,0.28846125000001166,80,50,Flute,79200,150,Flute _ 1
146.48368049999996,0.28846125000001166,76,50,Flute,79320,150,Flute _ 1
146.71444949999997,0.28846125000001166,72,50,Flute,79440,150,Flute _ 1
146.94521849999998,0.28846124999998324,68,50,Flute,79560,150,Flute _ 1
147.17598749999996,0.28846125000001166,72,50,Flute,79680,150,Flute _ 1
147.40675649999997,0.28846124999998324,76,50,Flute,79800,150,Flute _ 1
147.63752549999995,0.28846125000001166,80,50,Flute,79920,150,Flute _ 1
147.86829449999996,0.28846125000001166,76,50,Flute,80040,150,Flute _ 1
148.09906349999997,0.28846125000001166,72,50,Flute,80160,150,Flute _ 1
148.32983249999998,0.28846124999998324,68,50,Flute,80280,150,Flute _ 1
148.56060149999996,0.28846125000001166,72,50,Flute,80400,150,Flute _ 1
148.79137049999997,0.173076750000007,76,50,Flute,80520,90,Flute _ 1
149.48367749999997,0.173076750000007,76,50,Flute,80880,90,Flute _ 1
149.9452155,0.17307674999997857,80,50,Flute,81120,90,Flute _ 1
150.86829149999997,0.173076750000007,76,50,Flute,81600,90,Flute _ 1
151.3298295,0.17307674999997857,80,50,Flute,81840,90,Flute _ 1
152.25290549999997,0.173076750000007,76,50,Flute,82320,90,Flute _ 1
152.7144435,0.17307674999997857,80,50,Flute,82560,90,Flute _ 1
153.63751949999997,0.173076750000007,76,50,Flute,83040,90,Flute _ 1
154.0990575,0.17307674999997857,80,50,Flute,83280,90,Flute _ 1
155.02213349999997,0.173076750000007,76,50,Flute,83760,90,Flute _ 1
155.48367149999999,0.17307674999997857,80,50,Flute,84000,90,Flute _ 1
156.40674749999997,0.173076750000007,76,50,Flute,84480,90,Flute _ 1
156.86828549999998,0.17307674999997857,80,50,Flute,84720,90,Flute _ 1
157.79136149999997,0.173076750000007,76,50,Flute,85200,90,Flute _ 1
158.25289949999998,0.17307674999997857,80,50,Flute,85440,90,Flute _ 1
160.56108349999997,0.1738194374999864,76,50,Flute,86640,90,Flute _ 1
161.02510049999998,0.174568687499999,80,50,Flute,86880,90,Flute _ 1
163.37557024999995,0.1784139375000109,76,50,Flute,88080,90,Flute _ 1
163.85186574999994,0.17920331249999322,80,50,Flute,88320,90,Flute _ 1
166.26536974999996,0.1832578124999884,76,50,Flute,89520,90,Flute _ 1
166.75461124999998,0.18409049999999638,80,50,Flute,89760,90,Flute _ 1
236.80223831249998,10.20689200000001,83,40,Flute,122400,3360,Flute _ 1
10.746264,0.5037311249999998,71,61,Oboe,7200,270,Bassoon _ 2
11.184696645833332,0.5037311249999998,68,56,Oboe,7435,270,Bassoon _ 2
11.634323316666666,0.5037311249999998,66,57,Oboe,7676,270,Bassoon _ 2
12.095144012499999,0.5037311250000016,64,58,Oboe,7923,270,Bassoon _ 2
12.529845316666666,0.5037311249999998,66,53,Oboe,8156,270,Bassoon _ 2
12.9906660125,0.3358207499999999,68,58,Oboe,8403,180,Bassoon _ 2
13.430964329166667,0.3917908749999981,71,55,Oboe,8639,210,Bassoon _ 2
13.824620875,0.11194024999999996,68,55,Oboe,8850,60,Bassoon _ 2
13.871262645833333,0.11194024999999996,69,56,Oboe,8875,60,Bassoon _ 2
13.986934237499998,0.39179087500000165,68,55,Oboe,8937,210,Bassoon _ 2
14.322754987499998,0.5037311250000016,66,56,Oboe,9117,270,Bassoon _ 2
14.777978670833331,0.5037311250000016,64,54,Oboe,9361,270,Bassoon _ 2
15.220142658333334,0.27985062499999813,66,53,Oboe,9598,150,Bassoon _ 2
15.455217183333332,0.2798506250000017,68,58,Oboe,9724,150,Bassoon _ 2
15.666037987499998,0.2798506250000017,66,54,Oboe,9837,150,Bassoon _ 2
15.902978183333332,0.13992531250000084,68,53,Oboe,9964,75,Bassoon _ 2
16.1249930125,0.11194024999999996,68,57,Oboe,10083,60,Bassoon _ 2
16.177231795833332,0.11194024999999996,69,55,Oboe,10111,60,Bassoon _ 2
16.23320192083333,0.39179087500000165,71,56,Oboe,10141,210,Bassoon _ 2
16.749992741666667,0.22388049999999993,7,63,Oboe,10418,120,Bassoon _ 2
16.559694316666665,0.5037311250000016,68,57,Oboe,10316,270,Bassoon _ 2
17.014917999999998,0.39179087500000165,71,65,Oboe,10560,210,Bassoon _ 2
17.466410341666666,0.5037311249999981,73,72,Oboe,10802,270,Bassoon _ 2
18.18655928333333,0.22388049999999993,7,71,Oboe,11188,120,Bassoon _ 2
17.914171341666666,0.5037311249999981,68,73,Oboe,11042,270,Bassoon _ 2
18.36566368333333,0.39179087500000165,73,71,Oboe,11284,210,Bassoon _ 2
18.807827670833333,0.5037311249999981,75,70,Oboe,11521,270,Bassoon _ 2
19.259320012499998,0.5037311250000016,72,67,Oboe,11763,270,Bassoon _ 2
19.697752658333332,0.5037311249999981,70,62,Oboe,11998,270,Bassoon _ 2
20.145513658333332,1.3432829999999996,68,58,Oboe,12238,720,Bassoon _ 2
32.238792,0.5037311250000016,75,60,Oboe,18720,270,Bassoon _ 2
32.686552999999996,0.5037311250000016,72,55,Oboe,18960,270,Bassoon _ 2
33.134313999999996,0.5037311250000016,70,55,Oboe,19200,270,Bassoon _ 2
33.582074999999996,0.5037311250000016,68,55,Oboe,19440,270,Bassoon _ 2
34.029835999999996,0.5037311250000016,70,55,Oboe,19680,270,Bassoon _ 2
34.477596999999996,0.33582075000000344,72,55,Oboe,19920,180,Bassoon _ 2
34.925357999999996,0.3917908749999981,75,55,Oboe,20160,210,Bassoon _ 2
35.317148874999994,0.11194025000000352,72,55,Oboe,20370,60,Bassoon _ 2
35.373118999999996,0.11194025000000352,73,55,Oboe,20400,60,Bassoon _ 2
35.48505925,0.3917908749999981,72,55,Oboe,20460,210,Bassoon _ 2
35.820879999999995,0.5037311250000016,70,55,Oboe,20640,270,Bassoon _ 2
36.268640999999995,0.5037311250000016,68,55,Oboe,20880,270,Bassoon _ 2
36.716401999999995,0.2798506250000017,70,55,Oboe,21120,150,Bassoon _ 2
36.940282499999995,0.2798506250000017,72,55,Oboe,21240,150,Bassoon _ 2
37.164162999999995,0.2798506250000017,70,55,Oboe,21360,150,Bassoon _ 2
37.388043499999995,0.1399253125000044,72,55,Oboe,21480,75,Bassoon _ 2
37.611923999999995,0.11194025000000352,72,55,Oboe,21600,60,Bassoon _ 2
37.667894125,0.11194025000000352,73,55,Oboe,21630,60,Bassoon _ 2
37.72386425,0.3917908749999981,75,56,Oboe,21660,210,Bassoon _ 2
38.059684999999995,0.5037311250000016,72,59,Oboe,21840,270,Bassoon _ 2
38.507445999999995,0.3917908750000052,75,63,Oboe,22080,210,Bassoon _ 2
38.955206999999994,0.5037311250000016,76,68,Oboe,22320,270,Bassoon _ 2
39.402967999999994,0.5037311250000016,73,70,Oboe,22560,270,Bassoon _ 2
39.850728999999994,0.3917908750000052,76,70,Oboe,22800,210,Bassoon _ 2
40.298489999999994,0.5037311250000016,78,70,Oboe,23040,270,Bassoon _ 2
40.746250999999994,0.5037311250000016,75,69,Oboe,23280,270,Bassoon _ 2
41.194011999999994,0.5037311250000016,73,62,Oboe,23520,270,Bassoon _ 2
41.64177299999999,1.287312875000005,71,55,Oboe,23760,690,Bassoon _ 2
45.671622,0.5037311249999945,78,55,Oboe,25920,270,Bassoon _ 2
46.119383,0.5037311249999945,75,55,Oboe,26160,270,Bassoon _ 2
46.567144,0.5037311249999945,73,55,Oboe,26400,270,Bassoon _ 2
47.014905,0.5037311249999945,71,55,Oboe,26640,270,Bassoon _ 2
47.462666,0.2798506249999946,73,55,Oboe,26880,150,Bassoon _ 2
47.6865465,0.2798506249999946,75,55,Oboe,27000,150,Bassoon _ 2
47.910427,0.2798506249999946,73,55,Oboe,27120,150,Bassoon _ 2
48.1343075,0.22388049999999993,75,55,Oboe,27240,120,Bassoon _ 2
49.701471,0.5037311249999945,78,65,Oboe,28080,270,Bassoon _ 2
50.149232,0.5037311249999945,75,68,Oboe,28320,270,Bassoon _ 2
50.596993,0.44776099999999985,71,71,Oboe,28560,240,Bassoon _ 2
52.388037,0.5286088124999964,66,85,Oboe,29520,270,Bassoon _ 2
52.388037,0.5286088124999964,78,85,Oboe,29520,270,Bassoon _ 2
52.854986687499995,0.5853448124999829,63,88,Oboe,29760,270,Bassoon _ 2
52.854986687499995,0.5853448124999829,75,88,Oboe,29760,270,Bassoon _ 2
53.37169599999998,0.5010339375000044,59,91,Oboe,30000,210,Bassoon _ 2
53.37169599999998,0.5010339375000044,71,91,Oboe,30000,210,Bassoon _ 2
54.04318443749998,2.5178546249999982,71,75,Oboe,30240,1410,Bassoon _ 2
54.04318443749998,2.5178546249999982,76,75,Oboe,30240,1410,Bassoon _ 2
56.614610437499984,2.5178546249999982,71,75,Oboe,31680,1410,Bassoon _ 2
56.614610437499984,2.5178546249999982,76,75,Oboe,31680,1410,Bassoon _ 2
59.18603643749998,1.2321416250000041,71,75,Oboe,33120,690,Bassoon _ 2
59.18603643749998,1.2321416250000041,76,75,Oboe,33120,690,Bassoon _ 2
60.47174943749998,1.232141624999997,73,75,Oboe,33840,690,Bassoon _ 2
60.47174943749998,1.232141624999997,76,75,Oboe,33840,690,Bassoon _ 2
61.75746243749998,1.7142839999999921,73,75,Oboe,34560,960,Bassoon _ 2
61.75746243749998,1.7142839999999921,76,75,Oboe,34560,960,Bassoon _ 2
64.32888843749998,2.5178546249999982,73,75,Oboe,36000,1410,Bassoon _ 2
64.32888843749998,2.5178546249999982,76,75,Oboe,36000,1410,Bassoon _ 2
66.90031443749999,2.5178546249999982,73,75,Oboe,37440,1410,Bassoon _ 2
66.90031443749999,2.5178546249999982,76,75,Oboe,37440,1410,Bassoon _ 2
69.47174043749999,1.232141624999997,73,75,Oboe,38880,690,Bassoon _ 2
69.47174043749999,1.232141624999997,76,75,Oboe,38880,690,Bassoon _ 2
70.75745343749998,1.232141624999997,75,75,Oboe,39600,690,Bassoon _ 2
70.75745343749998,1.232141624999997,78,75,Oboe,39600,690,Bassoon _ 2
72.04316643749998,1.2321416250000112,75,75,Oboe,40320,690,Bassoon _ 2
72.04316643749998,1.2321416250000112,78,75,Oboe,40320,690,Bassoon _ 2
73.32887943749998,1.232141624999997,76,75,Oboe,41040,690,Bassoon _ 2
73.32887943749998,1.232141624999997,80,75,Oboe,41040,690,Bassoon _ 2
74.61459243749998,1.232141624999997,76,75,Oboe,41760,690,Bassoon _ 2
74.61459243749998,1.232141624999997,80,75,Oboe,41760,690,Bassoon _ 2
75.90030543749998,1.362396000000004,78,75,Oboe,42480,690,Bassoon _ 2
75.90030543749998,1.362396000000004,85,75,Oboe,42480,690,Bassoon _ 2
77.33088324999999,3.4837637499999943,80,75,Oboe,43200,1920,Bassoon _ 2
77.33088324999999,3.4837637499999943,84,75,Oboe,43200,1920,Bassoon _ 2
88.09912349999996,1.3846139999999991,80,75,Oboe,48960,720,Bassoon _ 2
88.09912349999996,1.3846139999999991,84,75,Oboe,48960,720,Bassoon _ 2
90.86835149999997,1.3846139999999991,80,75,Oboe,50400,720,Bassoon _ 2
90.86835149999997,1.3846139999999991,84,75,Oboe,50400,720,Bassoon _ 2
97.79142149999997,1.3269217499999968,72,75,Oboe,54000,690,Bassoon _ 2
97.79142149999997,1.3269217499999968,76,75,Oboe,54000,690,Bassoon _ 2
99.17603549999997,4.326918750000004,72,90,Oboe,54720,2250,Bassoon _ 2
99.17603549999997,4.326918750000004,81,90,Oboe,54720,2250,Bassoon _ 2
110.25294749999998,1.3846139999999991,72,75,Oboe,60480,720,Bassoon _ 2
110.25294749999998,1.3846139999999991,81,75,Oboe,60480,720,Bassoon _ 2
113.02217549999997,1.3846139999999991,72,75,Oboe,61920,720,Bassoon _ 2
113.02217549999997,1.3846139999999991,81,75,Oboe,61920,720,Bassoon _ 2
119.94524549999997,1.3269217499999968,69,90,Oboe,65520,690,Bassoon _ 2
119.94524549999997,1.3269217499999968,73,90,Oboe,65520,690,Bassoon _ 2
121.32985949999997,6.461532000000005,69,90,Oboe,66240,3360,Bassoon _ 2
121.32985949999997,6.461532000000005,78,90,Oboe,66240,3360,Bassoon _ 2
149.02213949999995,0.519230250000021,71,65,Oboe,80640,270,Bassoon _ 2
149.48367749999997,0.5192302499999926,68,65,Oboe,80880,270,Bassoon _ 2
149.9452155,0.5192302499999641,66,65,Oboe,81120,270,Bassoon _ 2
150.40675349999995,0.519230250000021,64,65,Oboe,81360,270,Bassoon _ 2
150.86829149999997,0.5192302499999926,66,65,Oboe,81600,270,Bassoon _ 2
151.3298295,0.4038457499999595,68,65,Oboe,81840,210,Bassoon _ 2
151.79136749999995,0.519230250000021,71,65,Oboe,82080,270,Bassoon _ 2
152.25290549999997,0.519230250000021,68,65,Oboe,82320,270,Bassoon _ 2
152.7144435,0.5192302499999641,66,65,Oboe,82560,270,Bassoon _ 2
153.17598149999995,0.519230250000021,64,65,Oboe,82800,270,Bassoon _ 2
153.63751949999997,0.28846125000001166,66,65,Oboe,83040,150,Bassoon _ 2
153.86828849999998,0.28846125000001166,68,65,Oboe,83160,150,Bassoon _ 2
154.0990575,0.28846124999998324,66,65,Oboe,83280,150,Bassoon _ 2
154.32982649999997,0.173076750000007,68,65,Oboe,83400,90,Bassoon _ 2
154.56059549999995,0.519230250000021,71,65,Oboe,83520,270,Bassoon _ 2
155.02213349999997,0.519230250000021,68,71,Oboe,83760,270,Bassoon _ 2
155.48367149999999,0.5192302499999641,71,78,Oboe,84000,270,Bassoon _ 2
155.94520949999995,0.519230250000021,73,85,Oboe,84240,270,Bassoon _ 2
156.40674749999997,0.519230250000021,68,79,Oboe,84480,270,Bassoon _ 2
156.86828549999998,0.5192302499999641,73,72,Oboe,84720,270,Bassoon _ 2
157.32982349999997,2.307690000000008,71,65,Oboe,84960,1200,Bassoon _ 2
160.09905149999997,0.519971812499989,73,65,Oboe,86400,270,Bassoon _ 2
160.56108349999997,0.5222065625000027,68,65,Oboe,86640,270,Bassoon _ 2
161.02510049999998,0.5244607499999745,73,65,Oboe,86880,270,Bassoon _ 2
161.49111974999997,0.9381155000000092,71,65,Oboe,87120,480,Bassoon _ 2
162.90136624999997,0.5336753124999802,73,65,Oboe,87840,270,Bassoon _ 2
163.37557024999995,0.5360299374999897,68,65,Oboe,88080,270,Bassoon _ 2
163.85186574999994,0.5384054999999819,73,65,Oboe,88320,270,Bassoon _ 2
164.33027124999992,0.9632152500000188,71,65,Oboe,88560,480,Bassoon _ 2
184.02592430416667,0.13636362500000132,73,55,Oboe,97874,60,Bassoon _ 2
184.13046975,1.0909089999999821,71,55,Oboe,97920,480,Bassoon _ 2
184.13046975,1.0909089999999821,76,55,Oboe,97920,480,Bassoon _ 2
185.66228780416665,0.13636362500000132,73,55,Oboe,98594,60,Bassoon _ 2
185.76683325,1.0909090000000106,71,55,Oboe,98640,480,Bassoon _ 2
185.76683325,1.0909090000000106,76,55,Oboe,98640,480,Bassoon _ 2
187.29865130416667,0.13636362500000132,73,55,Oboe,99314,60,Bassoon _ 2
187.40319675,1.0909089999999821,71,55,Oboe,99360,480,Bassoon _ 2
187.40319675,1.0909089999999821,76,55,Oboe,99360,480,Bassoon _ 2
188.93501480416666,0.13636362500000132,73,55,Oboe,100034,60,Bassoon _ 2
189.03956025,1.0909090000000106,71,55,Oboe,100080,480,Bassoon _ 2
189.03956025,1.0909090000000106,76,55,Oboe,100080,480,Bassoon _ 2
197.11683230416665,0.13636362500000132,73,55,Oboe,103634,60,Bassoon _ 2
197.22137775,1.0909090000000106,71,55,Oboe,103680,480,Bassoon _ 2
197.22137775,1.0909090000000106,76,55,Oboe,103680,480,Bassoon _ 2
198.75319580416667,0.13636362500000132,73,55,Oboe,104354,60,Bassoon _ 2
198.85774125,1.0909089999999821,71,55,Oboe,104400,480,Bassoon _ 2
198.85774125,1.0909089999999821,76,55,Oboe,104400,480,Bassoon _ 2
203.66228630416666,0.13636362500000132,73,55,Oboe,106514,60,Bassoon _ 2
203.76683175,1.0909090000000106,71,55,Oboe,106560,480,Bassoon _ 2
203.76683175,1.0909090000000106,76,55,Oboe,106560,480,Bassoon _ 2
206.93501330416666,0.13636362500000132,73,43,Oboe,107954,60,Bassoon _ 2
207.03955875,1.0909090000000106,71,43,Oboe,108000,480,Bassoon _ 2
207.03955875,1.0909090000000106,76,43,Oboe,108000,480,Bassoon _ 2
225.1273723125,1.4087287499999945,71,50,Oboe,116640,710,Bassoon _ 2
226.5559423125,1.4880937499999902,73,50,Oboe,117360,750,Bassoon _ 2
227.9845123125,1.408728750000023,71,50,Oboe,118080,710,Bassoon _ 2
229.4130823125,1.4880937500000186,73,50,Oboe,118800,750,Bassoon _ 2
230.8416523125,1.4285700000000077,71,50,Oboe,119520,720,Bassoon _ 2
236.80223831249998,10.20689200000001,76,40,Oboe,122400,3360,Bassoon _ 2
236.80223831249998,10.20689200000001,80,40,Oboe,122400,3360,Bassoon _ 2
0.0,2.677237645833333,64,30,Clarinet in A,1440,1435,Clarinet _ 1
0.0,2.677237645833333,68,30,Clarinet in A,1440,1435,Clarinet _ 1
2.6865659999999996,2.6772376458333342,64,30,Clarinet in A,2880,1435,Clarinet _ 1
2.6865659999999996,2.6772376458333342,68,30,Clarinet in A,2880,1435,Clarinet _ 1
5.373132,1.3339546458333338,64,30,Clarinet in A,4320,715,Clarinet _ 1
5.373132,1.3339546458333338,68,30,Clarinet in A,4320,715,Clarinet _ 1
6.716415,3.5820880000000006,64,30,Clarinet in A,5040,1920,Clarinet _ 1
6.716415,3.5820880000000006,68,30,Clarinet in A,5040,1920,Clarinet _ 1
21.492528,2.6772376458333333,68,30,Clarinet in A,12960,1435,Clarinet _ 1
21.492528,2.6772376458333333,72,30,Clarinet in A,12960,1435,Clarinet _ 1
24.179094,2.6772376458333333,68,30,Clarinet in A,14400,1435,Clarinet _ 1
24.179094,2.6772376458333333,72,30,Clarinet in A,14400,1435,Clarinet _ 1
26.86566,1.3339546458333338,68,30,Clarinet in A,15840,715,Clarinet _ 1
26.86566,1.3339546458333338,72,30,Clarinet in A,15840,715,Clarinet _ 1
28.208942999999998,3.582087999999999,68,30,Clarinet in A,16560,1920,Clarinet _ 1
28.208942999999998,3.582087999999999,72,30,Clarinet in A,16560,1920,Clarinet _ 1
42.98505599999999,2.6865660000000062,71,30,Clarinet in A,24480,1440,Clarinet _ 1
42.98505599999999,2.6865660000000062,75,30,Clarinet in A,24480,1440,Clarinet _ 1
48.358188,1.3432829999999996,71,30,Clarinet in A,27360,720,Clarinet _ 1
48.358188,1.3432829999999996,75,30,Clarinet in A,27360,720,Clarinet _ 1
51.044754,1.2873128749999978,71,55,Clarinet in A,28800,690,Clarinet _ 1
51.044754,1.2873128749999978,75,55,Clarinet in A,28800,690,Clarinet _ 1
52.388037,1.484692937499986,71,67,Clarinet in A,29520,690,Clarinet _ 1
52.388037,1.484692937499986,75,67,Clarinet in A,29520,690,Clarinet _ 1
54.04318443749998,2.5178546249999982,64,50,Clarinet in A,30240,1410,Clarinet _ 1
54.04318443749998,2.5178546249999982,68,50,Clarinet in A,30240,1410,Clarinet _ 1
56.614610437499984,2.5178546249999982,64,50,Clarinet in A,31680,1410,Clarinet _ 1
56.614610437499984,2.5178546249999982,68,50,Clarinet in A,31680,1410,Clarinet _ 1
59.18603643749998,1.2321416250000041,64,50,Clarinet in A,33120,690,Clarinet _ 1
59.18603643749998,1.2321416250000041,68,50,Clarinet in A,33120,690,Clarinet _ 1
60.47174943749998,1.232141624999997,64,50,Clarinet in A,33840,690,Clarinet _ 1
60.47174943749998,1.232141624999997,68,50,Clarinet in A,33840,690,Clarinet _ 1
61.75746243749998,1.7142839999999921,66,50,Clarinet in A,34560,960,Clarinet _ 1
61.75746243749998,1.7142839999999921,69,50,Clarinet in A,34560,960,Clarinet _ 1
64.32888843749998,2.5178546249999982,66,50,Clarinet in A,36000,1410,Clarinet _ 1
64.32888843749998,2.5178546249999982,69,50,Clarinet in A,36000,1410,Clarinet _ 1
66.90031443749999,2.5178546249999982,66,50,Clarinet in A,37440,1410,Clarinet _ 1
66.90031443749999,2.5178546249999982,69,50,Clarinet in A,37440,1410,Clarinet _ 1
69.47174043749999,1.232141624999997,66,50,Clarinet in A,38880,690,Clarinet _ 1
69.47174043749999,1.232141624999997,69,50,Clarinet in A,38880,690,Clarinet _ 1
70.75745343749998,1.232141624999997,66,50,Clarinet in A,39600,690,Clarinet _ 1
70.75745343749998,1.232141624999997,69,50,Clarinet in A,39600,690,Clarinet _ 1
72.04316643749998,1.2321416250000112,68,50,Clarinet in A,40320,690,Clarinet _ 1
72.04316643749998,1.2321416250000112,71,50,Clarinet in A,40320,690,Clarinet _ 1
73.32887943749998,1.232141624999997,68,50,Clarinet in A,41040,690,Clarinet _ 1
73.32887943749998,1.232141624999997,71,50,Clarinet in A,41040,690,Clarinet _ 1
74.61459243749998,1.232141624999997,69,50,Clarinet in A,41760,690,Clarinet _ 1
74.61459243749998,1.232141624999997,73,50,Clarinet in A,41760,690,Clarinet _ 1
75.90030543749998,1.362396000000004,73,50,Clarinet in A,42480,690,Clarinet _ 1
77.33088324999999,3.4837637499999943,72,50,Clarinet in A,43200,1920,Clarinet _ 1
77.33088324999999,3.4837637499999943,75,50,Clarinet in A,43200,1920,Clarinet _ 1
88.09912349999996,1.3846139999999991,72,50,Clarinet in A,48960,720,Clarinet _ 1
88.09912349999996,1.3846139999999991,75,50,Clarinet in A,48960,720,Clarinet _ 1
90.86835149999997,1.3846139999999991,72,50,Clarinet in A,50400,720,Clarinet _ 1
90.86835149999997,1.3846139999999991,75,50,Clarinet in A,50400,720,Clarinet _ 1
93.63757949999997,4.096149749999995,68,50,Clarinet in A,51840,2130,Clarinet _ 1
93.63757949999997,4.096149749999995,72,50,Clarinet in A,51840,2130,Clarinet _ 1
97.79142149999997,1.3269217499999968,64,50,Clarinet in A,54000,690,Clarinet _ 1
97.79142149999997,1.3269217499999968,70,50,Clarinet in A,54000,690,Clarinet _ 1
99.17603549999997,4.326918750000004,65,65,Clarinet in A,54720,2250,Clarinet _ 1
99.17603549999997,4.326918750000004,69,65,Clarinet in A,54720,2250,Clarinet _ 1
110.25294749999998,1.3846139999999991,65,50,Clarinet in A,60480,720,Clarinet _ 1
110.25294749999998,1.3846139999999991,69,50,Clarinet in A,60480,720,Clarinet _ 1
113.02217549999997,1.3846139999999991,65,50,Clarinet in A,61920,720,Clarinet _ 1
113.02217549999997,1.3846139999999991,69,50,Clarinet in A,61920,720,Clarinet _ 1
115.79140349999997,4.096149749999995,65,50,Clarinet in A,63360,2130,Clarinet _ 1
115.79140349999997,4.096149749999995,69,50,Clarinet in A,63360,2130,Clarinet _ 1
119.94524549999997,1.3269217499999968,61,65,Clarinet in A,65520,690,Clarinet _ 1
119.94524549999997,1.3269217499999968,67,65,Clarinet in A,65520,690,Clarinet _ 1
121.32985949999997,5.5384559999999965,62,65,Clarinet in A,66240,2880,Clarinet _ 1
121.32985949999997,6.461532000000005,66,65,Clarinet in A,66240,3360,Clarinet _ 1
132.40677149999996,0.28846125000001166,77,50,Clarinet in A,72000,150,Clarinet _ 1
132.63754049999997,0.28846125000001166,72,50,Clarinet in A,72120,150,Clarinet _ 1
126.86831549999997,6.403839750000003,69,65,Clarinet in A,69120,3330,Clarinet _ 1
133.09907849999996,0.28846125000001166,65,50,Clarinet in A,72360,150,Clarinet _ 1
133.32984749999997,0.28846124999998324,69,50,Clarinet in A,72480,150,Clarinet _ 1
133.56061649999995,0.28846125000001166,72,50,Clarinet in A,72600,150,Clarinet _ 1
133.79138549999996,0.28846125000001166,77,50,Clarinet in A,72720,150,Clarinet _ 1
134.02215449999997,0.28846125000001166,72,50,Clarinet in A,72840,150,Clarinet _ 1
134.25292349999998,0.28846124999998324,69,50,Clarinet in A,72960,150,Clarinet _ 1
134.48369249999996,0.28846125000001166,65,50,Clarinet in A,73080,150,Clarinet _ 1
134.71446149999997,0.28846124999998324,69,50,Clarinet in A,73200,150,Clarinet _ 1
134.94523049999995,0.28846125000001166,72,50,Clarinet in A,73320,150,Clarinet _ 1
135.17599949999996,0.28846125000001166,77,50,Clarinet in A,73440,150,Clarinet _ 1
135.40676849999997,0.28846125000001166,72,50,Clarinet in A,73560,150,Clarinet _ 1
135.63753749999998,0.28846124999998324,69,50,Clarinet in A,73680,150,Clarinet _ 1
135.86830649999996,0.28846125000001166,65,50,Clarinet in A,73800,150,Clarinet _ 1
136.09907549999997,0.28846124999998324,69,50,Clarinet in A,73920,150,Clarinet _ 1
136.32984449999998,0.28846124999998324,72,50,Clarinet in A,74040,150,Clarinet _ 1
136.56061349999996,0.28846125000001166,77,50,Clarinet in A,74160,150,Clarinet _ 1
136.79138249999997,0.28846125000001166,72,50,Clarinet in A,74280,150,Clarinet _ 1
137.02215149999998,0.28846124999998324,69,50,Clarinet in A,74400,150,Clarinet _ 1
137.25292049999996,0.28846125000001166,65,50,Clarinet in A,74520,150,Clarinet _ 1
137.48368949999997,0.28846124999998324,69,50,Clarinet in A,74640,150,Clarinet _ 1
137.71445849999998,0.17307674999997857,72,50,Clarinet in A,74760,90,Clarinet _ 1
137.94522749999996,0.28846125000001166,77,50,Clarinet in A,74880,150,Clarinet _ 1
138.17599649999997,0.28846125000001166,72,50,Clarinet in A,75000,150,Clarinet _ 1
138.40676549999998,0.28846124999998324,69,50,Clarinet in A,75120,150,Clarinet _ 1
138.63753449999996,0.28846125000001166,65,50,Clarinet in A,75240,150,Clarinet _ 1
138.86830349999997,0.28846124999998324,69,50,Clarinet in A,75360,150,Clarinet _ 1
139.09907249999998,0.28846124999998324,72,50,Clarinet in A,75480,150,Clarinet _ 1
139.32984149999996,0.28846125000001166,77,50,Clarinet in A,75600,150,Clarinet _ 1
139.56061049999997,0.28846125000001166,74,50,Clarinet in A,75720,150,Clarinet _ 1
139.79137949999998,0.28846124999998324,69,50,Clarinet in A,75840,150,Clarinet _ 1
140.0221485,0.28846124999998324,65,50,Clarinet in A,75960,150,Clarinet _ 1
140.25291749999997,0.28846125000001166,69,50,Clarinet in A,76080,150,Clarinet _ 1
140.48368649999998,0.28846124999998324,74,50,Clarinet in A,76200,150,Clarinet _ 1
140.71445549999996,0.28846125000001166,77,50,Clarinet in A,76320,150,Clarinet _ 1
140.94522449999997,0.28846125000001166,72,50,Clarinet in A,76440,150,Clarinet _ 1
141.17599349999998,0.28846124999998324,69,50,Clarinet in A,76560,150,Clarinet _ 1
141.40676249999999,0.28846124999998324,65,50,Clarinet in A,76680,150,Clarinet _ 1
141.63753149999997,0.28846125000001166,69,50,Clarinet in A,76800,150,Clarinet _ 1
141.86830049999998,0.28846124999998324,72,50,Clarinet in A,76920,150,Clarinet _ 1
142.09906949999996,0.28846125000001166,77,50,Clarinet in A,77040,150,Clarinet _ 1
142.32983849999997,0.28846125000001166,72,50,Clarinet in A,77160,150,Clarinet _ 1
142.56060749999997,0.28846124999998324,69,50,Clarinet in A,77280,150,Clarinet _ 1
142.79137649999998,0.28846124999998324,65,50,Clarinet in A,77400,150,Clarinet _ 1
143.02214549999997,0.28846125000001166,69,50,Clarinet in A,77520,150,Clarinet _ 1
143.25291449999997,0.17307674999997857,72,50,Clarinet in A,77640,90,Clarinet _ 1
143.48368349999996,0.28846125000001166,77,50,Clarinet in A,77760,150,Clarinet _ 1
143.71445249999996,0.28846125000001166,72,50,Clarinet in A,77880,150,Clarinet _ 1
143.94522149999997,0.28846125000001166,69,50,Clarinet in A,78000,150,Clarinet _ 1
144.17599049999998,0.28846124999998324,65,50,Clarinet in A,78120,150,Clarinet _ 1
144.40675949999996,0.28846125000001166,69,50,Clarinet in A,78240,150,Clarinet _ 1
144.63752849999997,0.28846124999998324,72,50,Clarinet in A,78360,150,Clarinet _ 1
144.86829749999995,0.28846125000001166,77,50,Clarinet in A,78480,150,Clarinet _ 1
145.09906649999996,0.28846125000001166,72,50,Clarinet in A,78600,150,Clarinet _ 1
145.32983549999997,0.28846125000001166,69,50,Clarinet in A,78720,150,Clarinet _ 1
145.56060449999998,0.28846124999998324,65,50,Clarinet in A,78840,150,Clarinet _ 1
145.79137349999996,0.28846125000001166,69,50,Clarinet in A,78960,150,Clarinet _ 1
146.02214249999997,0.28846124999998324,72,50,Clarinet in A,79080,150,Clarinet _ 1
146.25291149999995,0.28846125000001166,76,50,Clarinet in A,79200,150,Clarinet _ 1
146.48368049999996,0.28846125000001166,72,50,Clarinet in A,79320,150,Clarinet _ 1
146.71444949999997,0.28846125000001166,68,50,Clarinet in A,79440,150,Clarinet _ 1
146.94521849999998,0.28846124999998324,64,50,Clarinet in A,79560,150,Clarinet _ 1
147.17598749999996,0.28846125000001166,68,50,Clarinet in A,79680,150,Clarinet _ 1
147.40675649999997,0.28846124999998324,72,50,Clarinet in A,79800,150,Clarinet _ 1
147.63752549999995,0.28846125000001166,76,50,Clarinet in A,79920,150,Clarinet _ 1
147.86829449999996,0.28846125000001166,72,50,Clarinet in A,80040,150,Clarinet _ 1
148.09906349999997,0.28846125000001166,68,50,Clarinet in A,80160,150,Clarinet _ 1
148.32983249999998,0.28846124999998324,64,50,Clarinet in A,80280,150,Clarinet _ 1
148.56060149999996,0.28846125000001166,68,50,Clarinet in A,80400,150,Clarinet _ 1
148.79137049999997,0.173076750000007,72,50,Clarinet in A,80520,90,Clarinet _ 1
143.48368349999996,5.596148249999999,60,50,Clarinet in A,77760,2910,Clarinet _ 1
149.48367749999997,0.173076750000007,71,40,Clarinet in A,80880,90,Clarinet _ 1
149.02213949999995,0.9230760000000373,59,50,Clarinet in A,80640,480,Clarinet _ 1
149.9452155,0.17307674999997857,76,40,Clarinet in A,81120,90,Clarinet _ 1
150.86829149999997,0.173076750000007,71,40,Clarinet in A,81600,90,Clarinet _ 1
151.3298295,0.17307674999997857,76,40,Clarinet in A,81840,90,Clarinet _ 1
152.25290549999997,0.173076750000007,71,40,Clarinet in A,82320,90,Clarinet _ 1
152.7144435,0.17307674999997857,76,40,Clarinet in A,82560,90,Clarinet _ 1
153.63751949999997,0.173076750000007,71,40,Clarinet in A,83040,90,Clarinet _ 1
154.0990575,0.17307674999997857,76,40,Clarinet in A,83280,90,Clarinet _ 1
155.02213349999997,0.173076750000007,71,40,Clarinet in A,83760,90,Clarinet _ 1
155.48367149999999,0.17307674999997857,76,40,Clarinet in A,84000,90,Clarinet _ 1
156.40674749999997,0.173076750000007,73,40,Clarinet in A,84480,90,Clarinet _ 1
156.86828549999998,0.17307674999997857,76,40,Clarinet in A,84720,90,Clarinet _ 1
157.79136149999997,0.173076750000007,71,40,Clarinet in A,85200,90,Clarinet _ 1
158.25289949999998,0.17307674999997857,76,40,Clarinet in A,85440,90,Clarinet _ 1
160.56108349999997,0.1738194374999864,73,40,Clarinet in A,86640,90,Clarinet _ 1
161.02510049999998,0.174568687499999,76,40,Clarinet in A,86880,90,Clarinet _ 1
163.37557024999995,0.1784139375000109,73,40,Clarinet in A,88080,90,Clarinet _ 1
163.85186574999994,0.17920331249999322,76,40,Clarinet in A,88320,90,Clarinet _ 1
166.26536974999996,0.1832578124999884,73,40,Clarinet in A,89520,90,Clarinet _ 1
166.75461124999998,0.18409049999999638,76,40,Clarinet in A,89760,90,Clarinet _ 1
177.734622,0.5651279374999945,71,60,Clarinet in A,95040,270,Clarinet _ 1
178.23636975,0.5731253749999894,68,61,Clarinet in A,95280,270,Clarinet _ 1
178.7452095,0.5813523749999945,71,63,Clarinet in A,95520,270,Clarinet _ 1
179.26134449999998,0.5898191250000195,73,65,Clarinet in A,95760,270,Clarinet _ 1
179.78498725,0.5985360625000169,70,66,Clarinet in A,96000,270,Clarinet _ 1
180.31635925,0.6095653124999956,73,68,Clarinet in A,96240,270,Clarinet _ 1
180.85774275,0.11818180833333258,75,70,Clarinet in A,96480,52,Clarinet _ 1
180.93728819791667,0.11818180833333258,76,70,Clarinet in A,96515,52,Clarinet _ 1
181.01683364583334,0.11818180833333258,75,70,Clarinet in A,96550,52,Clarinet _ 1
181.09637909375,0.11818180833333258,76,69,Clarinet in A,96585,52,Clarinet _ 1
181.17592454166666,0.11818180833333258,75,69,Clarinet in A,96620,52,Clarinet _ 1
181.25546998958333,0.11818180833333258,76,68,Clarinet in A,96655,52,Clarinet _ 1
181.3350154375,0.11818180833333258,75,68,Clarinet in A,96690,52,Clarinet _ 1
181.41456088541668,0.11818180833333258,76,67,Clarinet in A,96725,52,Clarinet _ 1
181.49410633333332,0.11818180833333258,75,67,Clarinet in A,96760,52,Clarinet _ 1
181.57365178125,0.11818180833333258,76,66,Clarinet in A,96795,52,Clarinet _ 1
181.65319722916666,0.11818180833333258,75,66,Clarinet in A,96830,52,Clarinet _ 1
181.73274267708334,0.11818180833333258,76,65,Clarinet in A,96865,52,Clarinet _ 1
181.812288125,0.11818180833333258,75,65,Clarinet in A,96900,52,Clarinet _ 1
181.89183357291665,0.11818180833333258,76,64,Clarinet in A,96935,52,Clarinet _ 1
181.97137902083333,0.11818180833333258,75,64,Clarinet in A,96970,52,Clarinet _ 1
182.05092446875,0.11818180833333258,76,63,Clarinet in A,97005,52,Clarinet _ 1
182.13046991666667,0.11818180833333258,75,63,Clarinet in A,97040,52,Clarinet _ 1
182.21001536458334,0.11818180833333258,76,62,Clarinet in A,97075,52,Clarinet _ 1
182.28956081249999,0.11818180833333258,75,62,Clarinet in A,97110,52,Clarinet _ 1
182.36910626041666,0.11818180833333258,76,61,Clarinet in A,97145,52,Clarinet _ 1
182.44865170833333,0.11818180833333258,75,61,Clarinet in A,97180,52,Clarinet _ 1
182.52819715625,0.11818180833333258,76,60,Clarinet in A,97215,52,Clarinet _ 1
182.60774260416667,0.11818180833333258,75,60,Clarinet in A,97250,52,Clarinet _ 1
182.68728805208332,0.11818180833333258,76,59,Clarinet in A,97285,52,Clarinet _ 1
182.7668335,0.11818180833333258,75,59,Clarinet in A,97320,52,Clarinet _ 1
182.84637894791666,0.11818180833333258,76,58,Clarinet in A,97355,52,Clarinet _ 1
182.92592439583333,0.11818180833333258,75,58,Clarinet in A,97390,52,Clarinet _ 1
183.00546984375,0.11818180833333258,76,57,Clarinet in A,97425,52,Clarinet _ 1
183.08501529166665,0.11818180833333258,75,57,Clarinet in A,97460,52,Clarinet _ 1
183.16456073958332,0.11818180833333258,76,56,Clarinet in A,97495,52,Clarinet _ 1
183.2441061875,0.11818180833333258,75,56,Clarinet in A,97530,52,Clarinet _ 1
183.32365163541667,0.11818180833333258,76,55,Clarinet in A,97565,52,Clarinet _ 1
183.40319708333334,0.11818180833333258,75,55,Clarinet in A,97600,52,Clarinet _ 1
183.48274253125,0.11818180833333258,76,54,Clarinet in A,97635,52,Clarinet _ 1
183.56228797916665,0.11818180833333258,75,54,Clarinet in A,97670,52,Clarinet _ 1
183.64183342708333,0.11818180833333258,76,53,Clarinet in A,97705,52,Clarinet _ 1
183.721378875,0.11818180833333258,75,53,Clarinet in A,97740,52,Clarinet _ 1
183.80092432291667,0.11818180833333258,76,53,Clarinet in A,97775,52,Clarinet _ 1
183.9259243125,0.15909089583331593,73,52,Clarinet in A,97830,70,Clarinet _ 1
184.0622879375,0.13636362500000132,75,51,Clarinet in A,97890,60,Clarinet _ 1
190.67592375,0.6136363124999775,71,60,Clarinet in A,100800,270,Clarinet _ 1
191.22137825,0.6136363125000059,68,61,Clarinet in A,101040,270,Clarinet _ 1
191.76683275,0.6136363125000059,71,63,Clarinet in A,101280,270,Clarinet _ 1
192.31228725,0.6136363125000059,73,65,Clarinet in A,101520,270,Clarinet _ 1
192.85774175,0.6136363125000059,70,66,Clarinet in A,101760,270,Clarinet _ 1
193.40319625,0.6136363124999775,73,68,Clarinet in A,102000,270,Clarinet _ 1
193.94865074999998,0.11818180833333258,75,70,Clarinet in A,102240,52,Clarinet _ 1
194.02819619791666,0.11818180833333258,76,70,Clarinet in A,102275,52,Clarinet _ 1
194.10774164583333,0.11818180833333258,75,70,Clarinet in A,102310,52,Clarinet _ 1
194.18728709375,0.11818180833333258,76,69,Clarinet in A,102345,52,Clarinet _ 1
194.26683254166667,0.11818180833333258,75,69,Clarinet in A,102380,52,Clarinet _ 1
194.34637798958332,0.118181808333361,76,68,Clarinet in A,102415,52,Clarinet _ 1
194.4259234375,0.11818180833333258,75,68,Clarinet in A,102450,52,Clarinet _ 1
194.50546888541666,0.11818180833333258,76,67,Clarinet in A,102485,52,Clarinet _ 1
194.58501433333333,0.11818180833333258,75,67,Clarinet in A,102520,52,Clarinet _ 1
194.66455978125,0.11818180833333258,76,66,Clarinet in A,102555,52,Clarinet _ 1
194.74410522916665,0.118181808333361,75,66,Clarinet in A,102590,52,Clarinet _ 1
194.82365067708332,0.11818180833333258,76,65,Clarinet in A,102625,52,Clarinet _ 1
194.903196125,0.11818180833333258,75,65,Clarinet in A,102660,52,Clarinet _ 1
194.98274157291667,0.11818180833333258,76,64,Clarinet in A,102695,52,Clarinet _ 1
195.06228702083334,0.11818180833333258,75,64,Clarinet in A,102730,52,Clarinet _ 1
195.14183246874998,0.118181808333361,76,63,Clarinet in A,102765,52,Clarinet _ 1
195.22137791666665,0.11818180833333258,75,63,Clarinet in A,102800,52,Clarinet _ 1
195.30092336458333,0.11818180833333258,76,62,Clarinet in A,102835,52,Clarinet _ 1
195.3804688125,0.11818180833333258,75,62,Clarinet in A,102870,52,Clarinet _ 1
195.46001426041667,0.11818180833333258,76,61,Clarinet in A,102905,52,Clarinet _ 1
195.53955970833334,0.11818180833333258,75,61,Clarinet in A,102940,52,Clarinet _ 1
195.61910515625,0.11818180833333258,76,60,Clarinet in A,102975,52,Clarinet _ 1
195.69865060416666,0.11818180833333258,75,60,Clarinet in A,103010,52,Clarinet _ 1
195.77819605208333,0.11818180833333258,76,59,Clarinet in A,103045,52,Clarinet _ 1
195.8577415,0.11818180833333258,75,59,Clarinet in A,103080,52,Clarinet _ 1
195.93728694791668,0.11818180833333258,76,58,Clarinet in A,103115,52,Clarinet _ 1
196.01683239583332,0.11818180833333258,75,58,Clarinet in A,103150,52,Clarinet _ 1
196.09637784375,0.11818180833333258,76,57,Clarinet in A,103185,52,Clarinet _ 1
196.17592329166666,0.11818180833333258,75,57,Clarinet in A,103220,52,Clarinet _ 1
196.25546873958334,0.11818180833333258,76,56,Clarinet in A,103255,52,Clarinet _ 1
196.3350141875,0.11818180833333258,75,56,Clarinet in A,103290,52,Clarinet _ 1
196.41455963541665,0.11818180833333258,76,55,Clarinet in A,103325,52,Clarinet _ 1
196.49410508333332,0.11818180833333258,75,55,Clarinet in A,103360,52,Clarinet _ 1
196.57365053125,0.11818180833333258,76,54,Clarinet in A,103395,52,Clarinet _ 1
196.65319597916667,0.11818180833333258,75,54,Clarinet in A,103430,52,Clarinet _ 1
196.73274142708334,0.11818180833333258,76,54,Clarinet in A,103465,52,Clarinet _ 1
196.812286875,0.11818180833330416,75,53,Clarinet in A,103500,52,Clarinet _ 1
196.89183232291666,0.11818180833333258,76,53,Clarinet in A,103535,52,Clarinet _ 1
197.0168323125,0.15909089583334435,73,52,Clarinet in A,103590,70,Clarinet _ 1
197.1531959375,0.13636362500000132,75,51,Clarinet in A,103650,60,Clarinet _ 1
200.49410475,0.11818180833333258,75,50,Clarinet in A,105120,52,Clarinet _ 1
200.57365019791666,0.11818180833333258,76,50,Clarinet in A,105155,52,Clarinet _ 1
200.65319564583334,0.11818180833333258,75,50,Clarinet in A,105190,52,Clarinet _ 1
200.73274109375,0.11818180833333258,76,50,Clarinet in A,105225,52,Clarinet _ 1
200.81228654166665,0.11818180833333258,75,50,Clarinet in A,105260,52,Clarinet _ 1
200.89183198958332,0.11818180833333258,76,50,Clarinet in A,105295,52,Clarinet _ 1
200.9713774375,0.11818180833333258,75,50,Clarinet in A,105330,52,Clarinet _ 1
201.05092288541667,0.11818180833333258,76,50,Clarinet in A,105365,52,Clarinet _ 1
201.13046833333334,0.11818180833333258,75,50,Clarinet in A,105400,52,Clarinet _ 1
201.21001378125,0.11818180833330416,76,49,Clarinet in A,105435,52,Clarinet _ 1
201.28955922916666,0.11818180833333258,75,49,Clarinet in A,105470,52,Clarinet _ 1
201.36910467708333,0.11818180833333258,76,49,Clarinet in A,105505,52,Clarinet _ 1
201.448650125,0.11818180833333258,75,49,Clarinet in A,105540,52,Clarinet _ 1
201.52819557291667,0.11818180833333258,76,49,Clarinet in A,105575,52,Clarinet _ 1
201.60774102083334,0.11818180833330416,75,49,Clarinet in A,105610,52,Clarinet _ 1
201.68728646875,0.11818180833333258,76,49,Clarinet in A,105645,52,Clarinet _ 1
201.76683191666666,0.11818180833333258,75,49,Clarinet in A,105680,52,Clarinet _ 1
201.84637736458333,0.11818180833333258,76,49,Clarinet in A,105715,52,Clarinet _ 1
201.9259228125,0.11818180833333258,75,48,Clarinet in A,105750,52,Clarinet _ 1
202.00546826041668,0.11818180833330416,76,48,Clarinet in A,105785,52,Clarinet _ 1
202.08501370833332,0.11818180833333258,75,48,Clarinet in A,105820,52,Clarinet _ 1
202.16455915625,0.11818180833333258,76,48,Clarinet in A,105855,52,Clarinet _ 1
202.24410460416667,0.11818180833333258,75,48,Clarinet in A,105890,52,Clarinet _ 1
202.32365005208334,0.11818180833333258,76,48,Clarinet in A,105925,52,Clarinet _ 1
202.4031955,0.11818180833333258,75,48,Clarinet in A,105960,52,Clarinet _ 1
202.48274094791665,0.11818180833333258,76,48,Clarinet in A,105995,52,Clarinet _ 1
202.56228639583333,0.11818180833333258,75,48,Clarinet in A,106030,52,Clarinet _ 1
202.64183184375,0.11818180833333258,76,47,Clarinet in A,106065,52,Clarinet _ 1
202.72137729166667,0.11818180833333258,75,47,Clarinet in A,106100,52,Clarinet _ 1
202.80092273958334,0.11818180833333258,76,47,Clarinet in A,106135,52,Clarinet _ 1
202.88046818749999,0.11818180833333258,75,47,Clarinet in A,106170,52,Clarinet _ 1
202.96001363541666,0.11818180833333258,76,47,Clarinet in A,106205,52,Clarinet _ 1
203.03955908333333,0.11818180833333258,75,47,Clarinet in A,106240,52,Clarinet _ 1
203.11910453125,0.11818180833333258,76,47,Clarinet in A,106275,52,Clarinet _ 1
203.19864997916667,0.11818180833333258,75,47,Clarinet in A,106310,52,Clarinet _ 1
203.27819542708332,0.118181808333361,76,46,Clarinet in A,106345,52,Clarinet _ 1
203.357740875,0.11818180833333258,75,46,Clarinet in A,106380,52,Clarinet _ 1
203.43728632291666,0.11818180833333258,76,46,Clarinet in A,106415,52,Clarinet _ 1
203.5622863125,0.15909089583334435,73,46,Clarinet in A,106470,70,Clarinet _ 1
203.6986499375,0.13636362500000132,75,46,Clarinet in A,106530,60,Clarinet _ 1
205.40319524999998,0.118181808333361,75,43,Clarinet in A,107280,52,Clarinet _ 1
205.48274069791665,0.11818180833333258,76,43,Clarinet in A,107315,52,Clarinet _ 1
205.56228614583333,0.11818180833333258,75,43,Clarinet in A,107350,52,Clarinet _ 1
205.64183159375,0.11818180833333258,76,43,Clarinet in A,107385,52,Clarinet _ 1
205.72137704166667,0.11818180833333258,75,43,Clarinet in A,107420,52,Clarinet _ 1
205.80092248958331,0.118181808333361,76,43,Clarinet in A,107455,52,Clarinet _ 1
205.8804679375,0.11818180833333258,75,43,Clarinet in A,107490,52,Clarinet _ 1
205.96001338541666,0.11818180833333258,76,43,Clarinet in A,107525,52,Clarinet _ 1
206.03955883333333,0.11818180833333258,75,42,Clarinet in A,107560,52,Clarinet _ 1
206.11910428125,0.11818180833333258,76,42,Clarinet in A,107595,52,Clarinet _ 1
206.19864972916668,0.11818180833333258,75,42,Clarinet in A,107630,52,Clarinet _ 1
206.27819517708332,0.11818180833333258,76,42,Clarinet in A,107665,52,Clarinet _ 1
206.357740625,0.11818180833333258,75,42,Clarinet in A,107700,52,Clarinet _ 1
206.43728607291666,0.11818180833333258,76,42,Clarinet in A,107735,52,Clarinet _ 1
206.51683152083334,0.11818180833333258,75,42,Clarinet in A,107770,52,Clarinet _ 1
206.59637696875,0.11818180833333258,76,42,Clarinet in A,107805,52,Clarinet _ 1
206.67592241666665,0.11818180833333258,75,42,Clarinet in A,107840,52,Clarinet _ 1
206.75546786458332,0.11818180833333258,76,41,Clarinet in A,107875,52,Clarinet _ 1
206.8350133125,0.15909089583334435,73,41,Clarinet in A,107910,70,Clarinet _ 1
206.9713769375,0.13636362500000132,75,41,Clarinet in A,107970,60,Clarinet _ 1
208.67592224999999,0.11818180833333258,75,40,Clarinet in A,108720,52,Clarinet _ 1
208.75546769791666,0.11818180833333258,76,40,Clarinet in A,108755,52,Clarinet _ 1
208.83501314583333,0.11818180833333258,75,40,Clarinet in A,108790,52,Clarinet _ 1
208.91455859375,0.11818180833333258,76,40,Clarinet in A,108825,52,Clarinet _ 1
208.99410404166667,0.11818180833333258,75,40,Clarinet in A,108860,52,Clarinet _ 1
209.07364948958332,0.11818180833333258,76,40,Clarinet in A,108895,52,Clarinet _ 1
209.1531949375,0.11818180833333258,75,40,Clarinet in A,108930,52,Clarinet _ 1
209.23274038541666,0.11818180833333258,76,40,Clarinet in A,108965,52,Clarinet _ 1
209.31228583333333,0.11818180833333258,75,40,Clarinet in A,109000,52,Clarinet _ 1
209.39183128125,0.11818180833333258,76,40,Clarinet in A,109035,52,Clarinet _ 1
209.47137672916668,0.11818180833330416,75,40,Clarinet in A,109070,52,Clarinet _ 1
209.55092217708332,0.11818180833333258,76,40,Clarinet in A,109105,52,Clarinet _ 1
209.630467625,0.11818180833333258,75,40,Clarinet in A,109140,52,Clarinet _ 1
209.71001307291667,0.11818180833333258,76,40,Clarinet in A,109175,52,Clarinet _ 1
209.78955852083334,0.11818180833333258,75,40,Clarinet in A,109210,52,Clarinet _ 1
209.86910396875,0.11818180833330416,76,40,Clarinet in A,109245,52,Clarinet _ 1
209.94864941666665,0.11818180833333258,75,40,Clarinet in A,109280,52,Clarinet _ 1
210.02819486458333,0.1857954479166608,76,40,Clarinet in A,109315,52,Clarinet _ 1
210.1077403125,0.4375,73,40,Clarinet in A,109350,70,Clarinet _ 1
210.4827403125,0.45535687500000677,75,40,Clarinet in A,109410,180,Clarinet _ 1
225.1273723125,1.4087287499999945,64,45,Clarinet in A,116640,710,Clarinet _ 1
225.1273723125,1.4087287499999945,68,45,Clarinet in A,116640,710,Clarinet _ 1
226.5559423125,2.837298750000002,64,45,Clarinet in A,117360,1430,Clarinet _ 1
226.5559423125,2.837298750000002,68,45,Clarinet in A,117360,1430,Clarinet _ 1
229.4130823125,2.8571400000000153,64,45,Clarinet in A,118800,1440,Clarinet _ 1
229.4130823125,2.8571400000000153,68,45,Clarinet in A,118800,1440,Clarinet _ 1
233.6987923125,1.5517230000000097,64,40,Clarinet in A,120960,720,Clarinet _ 1
233.6987923125,1.5517230000000097,68,40,Clarinet in A,120960,720,Clarinet _ 1
236.80223831249998,10.20689200000001,68,40,Clarinet in A,122400,3360,Clarinet _ 1
236.80223831249998,10.20689200000001,71,40,Clarinet in A,122400,3360,Clarinet _ 1
0.0,2.677237645833333,59,30,Bassoon,1440,1435,Bassoon _ 1
2.6865659999999996,2.6772376458333342,59,30,Bassoon,2880,1435,Bassoon _ 1
5.373132,1.3339546458333338,59,30,Bassoon,4320,715,Bassoon _ 1
6.716415,1.3992531249999995,61,30,Bassoon,5040,750,Bassoon _ 1
8.059698,2.238805000000001,59,30,Bassoon,5760,1200,Bassoon _ 1
21.492528,2.6772376458333333,63,30,Bassoon,12960,1435,Bassoon _ 1
24.179094,2.6772376458333333,63,30,Bassoon,14400,1435,Bassoon _ 1
26.86566,1.3339546458333338,63,30,Bassoon,15840,715,Bassoon _ 1
28.208942999999998,1.3992531250000013,64,30,Bassoon,16560,750,Bassoon _ 1
29.552225999999997,2.2388049999999993,63,30,Bassoon,17280,1200,Bassoon _ 1
42.98505599999999,2.6865660000000062,66,30,Bassoon,24480,1440,Bassoon _ 1
48.358188,1.3432829999999996,66,30,Bassoon,27360,720,Bassoon _ 1
51.044754,1.2873128749999978,69,55,Bassoon,28800,690,Bassoon _ 1
52.388037,1.484692937499986,69,67,Bassoon,29520,690,Bassoon _ 1
54.04318443749998,2.5178546249999982,52,60,Bassoon,30240,1410,Bassoon _ 1
56.614610437499984,2.5178546249999982,52,60,Bassoon,31680,1410,Bassoon _ 1
59.18603643749998,1.2321416250000041,52,60,Bassoon,33120,690,Bassoon _ 1
60.47174943749998,1.232141624999997,52,60,Bassoon,33840,690,Bassoon _ 1
61.75746243749998,1.232141624999997,54,60,Bassoon,34560,690,Bassoon _ 1
63.04317543749998,0.4821423749999951,61,70,Bassoon,35280,270,Bassoon _ 1
63.471746437499974,0.48214237500000934,57,70,Bassoon,35520,270,Bassoon _ 1
63.90031743749998,0.42857100000000514,56,70,Bassoon,35760,240,Bassoon _ 1
64.32888843749998,2.5178546249999982,54,70,Bassoon,36000,1410,Bassoon _ 1
66.90031443749999,2.5178546249999982,54,60,Bassoon,37440,1410,Bassoon _ 1
69.47174043749999,1.232141624999997,54,60,Bassoon,38880,690,Bassoon _ 1
70.75745343749998,1.232141624999997,54,60,Bassoon,39600,690,Bassoon _ 1
72.04316643749998,1.2321416250000112,56,60,Bassoon,40320,690,Bassoon _ 1
73.32887943749998,1.232141624999997,56,60,Bassoon,41040,690,Bassoon _ 1
74.61459243749998,1.232141624999997,57,60,Bassoon,41760,690,Bassoon _ 1
75.90030543749998,1.362396000000004,57,60,Bassoon,42480,690,Bassoon _ 1
75.90030543749998,1.362396000000004,85,60,Bassoon,42480,690,Bassoon _ 1
77.33088324999999,3.4837637499999943,44,50,Bassoon,43200,1920,Bassoon _ 1
82.59796624999997,4.058851000000004,61,50,Bassoon,46080,2130,Bassoon _ 1
86.71450949999996,1.326921750000011,61,50,Bassoon,48240,690,Bassoon _ 1
88.09912349999996,1.326921750000011,44,50,Bassoon,48960,690,Bassoon _ 1
89.48373749999996,1.326921750000011,61,50,Bassoon,49680,690,Bassoon _ 1
90.86835149999997,1.3269217499999968,44,50,Bassoon,50400,690,Bassoon _ 1
92.25296549999997,1.3846139999999991,61,50,Bassoon,51120,720,Bassoon _ 1
97.79142149999997,1.3269217499999968,48,50,Bassoon,54000,690,Bassoon _ 1
99.17603549999997,4.326918750000004,41,65,Bassoon,54720,2250,Bassoon _ 1
104.71449149999997,4.096149750000009,58,50,Bassoon,57600,2130,Bassoon _ 1
108.86833349999998,1.3269217499999968,58,50,Bassoon,59760,690,Bassoon _ 1
110.25294749999998,1.3269217499999968,41,50,Bassoon,60480,690,Bassoon _ 1
111.63756149999998,1.3269217499999968,58,50,Bassoon,61200,690,Bassoon _ 1
113.02217549999997,1.3269217499999968,41,50,Bassoon,61920,690,Bassoon _ 1
114.40678949999997,1.3269217499999968,58,50,Bassoon,62640,690,Bassoon _ 1
119.94524549999997,1.3269217499999968,45,65,Bassoon,65520,690,Bassoon _ 1
126.86831549999997,2.8269202500000006,66,50,Bassoon,69120,1470,Bassoon _ 1
129.63754349999996,3.692304000000007,65,50,Bassoon,70560,1920,Bassoon _ 1
137.94522749999996,1.3269217499999968,57,50,Bassoon,74880,690,Bassoon _ 1
139.32984149999996,1.3269217499999968,57,50,Bassoon,75600,690,Bassoon _ 1
140.71445549999996,3.230766000000017,57,50,Bassoon,76320,1680,Bassoon _ 1
149.02213949999995,0.519230250000021,59,45,Bassoon,80640,270,Bassoon _ 1
149.48367749999997,0.5192302499999926,56,45,Bassoon,80880,270,Bassoon _ 1
149.9452155,0.5192302499999641,54,45,Bassoon,81120,270,Bassoon _ 1
150.40675349999995,0.519230250000021,52,45,Bassoon,81360,270,Bassoon _ 1
150.86829149999997,0.5192302499999926,54,45,Bassoon,81600,270,Bassoon _ 1
151.3298295,0.4038457499999595,56,45,Bassoon,81840,210,Bassoon _ 1
151.79136749999995,0.519230250000021,59,45,Bassoon,82080,270,Bassoon _ 1
152.25290549999997,0.519230250000021,56,45,Bassoon,82320,270,Bassoon _ 1
152.7144435,0.5192302499999641,54,45,Bassoon,82560,270,Bassoon _ 1
153.17598149999995,0.519230250000021,52,45,Bassoon,82800,270,Bassoon _ 1
153.63751949999997,0.28846125000001166,54,45,Bassoon,83040,150,Bassoon _ 1
153.86828849999998,0.28846125000001166,56,45,Bassoon,83160,150,Bassoon _ 1
154.0990575,0.28846124999998324,54,45,Bassoon,83280,150,Bassoon _ 1
154.32982649999997,0.173076750000007,56,45,Bassoon,83400,90,Bassoon _ 1
154.56059549999995,0.519230250000021,59,45,Bassoon,83520,270,Bassoon _ 1
155.02213349999997,0.519230250000021,56,50,Bassoon,83760,270,Bassoon _ 1
155.48367149999999,0.5192302499999641,59,55,Bassoon,84000,270,Bassoon _ 1
155.94520949999995,0.519230250000021,61,60,Bassoon,84240,270,Bassoon _ 1
156.40674749999997,0.519230250000021,56,55,Bassoon,84480,270,Bassoon _ 1
156.86828549999998,0.5192302499999641,61,50,Bassoon,84720,270,Bassoon _ 1
157.32982349999997,2.307690000000008,59,45,Bassoon,84960,1200,Bassoon _ 1
160.09905149999997,0.519971812499989,61,45,Bassoon,86400,270,Bassoon _ 1
160.56108349999997,0.5222065625000027,56,45,Bassoon,86640,270,Bassoon _ 1
161.02510049999998,0.5244607499999745,61,45,Bassoon,86880,270,Bassoon _ 1
161.49111974999997,0.9381155000000092,59,45,Bassoon,87120,480,Bassoon _ 1
162.90136624999997,0.5336753124999802,61,45,Bassoon,87840,270,Bassoon _ 1
163.37557024999995,0.5360299374999897,56,45,Bassoon,88080,270,Bassoon _ 1
163.85186574999994,0.5384054999999819,61,45,Bassoon,88320,270,Bassoon _ 1
164.33027124999992,0.9632152500000188,59,45,Bassoon,88560,480,Bassoon _ 1
184.13046975,6.5454540000000065,59,45,Bassoon,97920,2880,Bassoon _ 1
197.22137775,3.2727270000000033,59,45,Bassoon,103680,1440,Bassoon _ 1
203.76683175,1.6363634999999874,59,40,Bassoon,106560,720,Bassoon _ 1
207.03955875,1.6363634999999874,59,30,Bassoon,108000,720,Bassoon _ 1
225.1273723125,0.5357137499999851,59,45,Bassoon,116640,270,Bassoon _ 1
225.6035623125,0.5357137499999851,56,55,Bassoon,116880,270,Bassoon _ 1
226.0797523125,0.5357137499999851,54,65,Bassoon,117120,270,Bassoon _ 1
226.5559423125,0.5357137499999851,52,75,Bassoon,117360,270,Bassoon _ 1
227.0321323125,0.5357137499999851,54,65,Bassoon,117600,270,Bassoon _ 1
227.50832231249998,0.5357137500000135,56,55,Bassoon,117840,270,Bassoon _ 1
227.9845123125,0.5357137500000135,59,45,Bassoon,118080,270,Bassoon _ 1
228.4607023125,0.5357137500000135,56,55,Bassoon,118320,270,Bassoon _ 1
228.9368923125,0.5357137500000135,54,65,Bassoon,118560,270,Bassoon _ 1
229.4130823125,0.5357137500000135,52,75,Bassoon,118800,270,Bassoon _ 1
229.8892723125,0.29761874999999804,54,65,Bassoon,119040,150,Bassoon _ 1
230.1273673125,0.29761874999999804,56,60,Bassoon,119160,150,Bassoon _ 1
230.3654623125,0.29761874999999804,54,55,Bassoon,119280,150,Bassoon _ 1
230.6035573125,0.14880937500001323,56,50,Bassoon,119400,75,Bassoon _ 1
230.8416523125,2.3809499999999844,59,45,Bassoon,119520,1200,Bassoon _ 1
233.6987923125,2.5862050000000067,56,40,Bassoon,120960,1200,Bassoon _ 1
236.80223831249998,10.20689200000001,52,40,Bassoon,122400,3360,Bassoon _ 1
0.0,2.677237645833333,52,30,Bassoon,1440,1435,Bassoon _ 1
2.6865659999999996,2.6772376458333342,52,30,Bassoon,2880,1435,Bassoon _ 1
5.373132,1.3339546458333338,52,30,Bassoon,4320,715,Bassoon _ 1
6.716415,1.3992531249999995,49,30,Bassoon,5040,750,Bassoon _ 1
8.059698,2.238805000000001,52,30,Bassoon,5760,1200,Bassoon _ 1
20.149244999999997,0.5037311250000016,63,70,Bassoon,12240,270,Bassoon _ 1
20.597006,0.5037311249999981,60,65,Bassoon,12480,270,Bassoon _ 1
21.044767,0.5037311249999981,58,60,Bassoon,12720,270,Bassoon _ 1
21.492528,2.6772376458333333,56,55,Bassoon,12960,1435,Bassoon _ 1
24.179094,2.6772376458333333,56,30,Bassoon,14400,1435,Bassoon _ 1
26.86566,1.3339546458333338,56,30,Bassoon,15840,715,Bassoon _ 1
28.208942999999998,1.3992531250000013,52,30,Bassoon,16560,750,Bassoon _ 1
29.552225999999997,2.2388049999999993,56,30,Bassoon,17280,1200,Bassoon _ 1
41.64177299999999,0.5037311250000016,66,70,Bassoon,23760,270,Bassoon _ 1
42.08953399999999,0.5037311250000016,63,65,Bassoon,24000,270,Bassoon _ 1
42.53729499999999,0.5037311250000016,61,60,Bassoon,24240,270,Bassoon _ 1
42.98505599999999,2.677237645833337,59,55,Bassoon,24480,1435,Bassoon _ 1
48.358188,1.3432829999999996,59,30,Bassoon,27360,720,Bassoon _ 1
51.044754,1.2873128749999978,59,55,Bassoon,28800,690,Bassoon _ 1
52.388037,1.484692937499986,59,67,Bassoon,29520,690,Bassoon _ 1
54.04318443749998,2.5178546249999982,40,60,Bassoon,30240,1410,Bassoon _ 1
56.614610437499984,2.5178546249999982,40,60,Bassoon,31680,1410,Bassoon _ 1
59.18603643749998,1.2321416250000041,40,60,Bassoon,33120,690,Bassoon _ 1
60.47174943749998,1.232141624999997,40,60,Bassoon,33840,690,Bassoon _ 1
61.75746243749998,1.232141624999997,42,60,Bassoon,34560,690,Bassoon _ 1
63.04317543749998,0.4821423749999951,49,70,Bassoon,35280,270,Bassoon _ 1
63.471746437499974,0.48214237500000934,45,70,Bassoon,35520,270,Bassoon _ 1
63.90031743749998,0.42857100000000514,44,70,Bassoon,35760,240,Bassoon _ 1
64.32888843749998,2.5178546249999982,42,70,Bassoon,36000,1410,Bassoon _ 1
66.90031443749999,2.5178546249999982,42,60,Bassoon,37440,1410,Bassoon _ 1
69.47174043749999,1.232141624999997,42,60,Bassoon,38880,690,Bassoon _ 1
70.75745343749998,1.232141624999997,42,60,Bassoon,39600,690,Bassoon _ 1
72.04316643749998,1.2321416250000112,44,60,Bassoon,40320,690,Bassoon _ 1
73.32887943749998,1.232141624999997,44,60,Bassoon,41040,690,Bassoon _ 1
74.61459243749998,1.232141624999997,45,60,Bassoon,41760,690,Bassoon _ 1
75.90030543749998,1.362396000000004,45,60,Bassoon,42480,690,Bassoon _ 1
75.90030543749998,1.362396000000004,85,60,Bassoon,42480,690,Bassoon _ 1
82.59796624999997,4.058851000000004,57,50,Bassoon,46080,2130,Bassoon _ 1
86.71450949999996,1.326921750000011,57,50,Bassoon,48240,690,Bassoon _ 1
89.48373749999996,1.326921750000011,57,50,Bassoon,49680,690,Bassoon _ 1
92.25296549999997,1.3269217499999968,57,50,Bassoon,51120,690,Bassoon _ 1
93.63757949999997,4.096149749999995,44,50,Bassoon,51840,2130,Bassoon _ 1
97.79142149999997,1.3269217499999968,43,50,Bassoon,54000,690,Bassoon _ 1
104.71449149999997,4.096149750000009,54,50,Bassoon,57600,2130,Bassoon _ 1
108.86833349999998,1.3269217499999968,54,50,Bassoon,59760,690,Bassoon _ 1
111.63756149999998,1.3269217499999968,54,50,Bassoon,61200,690,Bassoon _ 1
114.40678949999997,1.3269217499999968,54,50,Bassoon,62640,690,Bassoon _ 1
115.79140349999997,4.096149749999995,41,50,Bassoon,63360,2130,Bassoon _ 1
119.94524549999997,1.3269217499999968,40,65,Bassoon,65520,690,Bassoon _ 1
121.32985949999997,5.076918000000006,38,65,Bassoon,66240,2640,Bassoon _ 1
126.86831549999997,2.8269202500000006,62,50,Bassoon,69120,1470,Bassoon _ 1
129.63754349999996,2.8269202500000006,61,50,Bassoon,70560,1470,Bassoon _ 1
132.40677149999996,0.9230760000000089,60,50,Bassoon,72000,480,Bassoon _ 1
137.94522749999996,1.3269217499999968,53,50,Bassoon,74880,690,Bassoon _ 1
139.32984149999996,1.3269217499999968,53,50,Bassoon,75600,690,Bassoon _ 1
140.71445549999996,3.230766000000017,53,50,Bassoon,76320,1680,Bassoon _ 1
149.02213949999995,5.5384559999999965,35,50,Bassoon,80640,2880,Bassoon _ 1
154.56059549999995,1.4423062500000015,47,50,Bassoon,83520,750,Bassoon _ 1
155.94520949999995,1.4423062500000015,44,50,Bassoon,84240,750,Bassoon _ 1
157.32982349999997,2.307690000000008,47,50,Bassoon,84960,1200,Bassoon _ 1
160.09905149999997,1.4505097499999806,44,50,Bassoon,86400,750,Bassoon _ 1
161.49111974999997,0.9381155000000092,47,50,Bassoon,87120,480,Bassoon _ 1
162.90136624999997,1.48890499999996,44,50,Bassoon,87840,750,Bassoon _ 1
164.33027124999992,0.9632152500000188,47,50,Bassoon,88560,480,Bassoon _ 1
184.13046975,6.5454540000000065,56,50,Bassoon,97920,2880,Bassoon _ 1
197.22137775,3.2727270000000033,56,50,Bassoon,103680,1440,Bassoon _ 1
203.76683175,1.6363634999999874,56,40,Bassoon,106560,720,Bassoon _ 1
207.03955875,1.6363634999999874,56,30,Bassoon,108000,720,Bassoon _ 1
230.8416523125,2.3809499999999844,47,40,Bassoon,119520,1200,Bassoon _ 1
233.6987923125,2.5862050000000067,44,35,Bassoon,120960,1200,Bassoon _ 1
236.80223831249998,10.20689200000001,40,35,Bassoon,122400,3360,Bassoon _ 1
6.716415,1.7910439999999994,56,40,Horn in E,5040,960,French Horn _ 1
28.208942999999998,1.7910439999999994,60,40,Horn in E,16560,960,French Horn _ 1
54.04318443749998,2.5178546249999982,56,40,Horn in E,30240,1410,French Horn _ 1
54.04318443749998,2.5178546249999982,64,40,Horn in E,30240,1410,French Horn _ 1
56.614610437499984,2.5178546249999982,56,40,Horn in E,31680,1410,French Horn _ 1
56.614610437499984,2.5178546249999982,64,40,Horn in E,31680,1410,French Horn _ 1
59.18603643749998,1.2321416250000041,56,40,Horn in E,33120,690,French Horn _ 1
59.18603643749998,1.2321416250000041,64,40,Horn in E,33120,690,French Horn _ 1
60.47174943749998,1.232141624999997,56,40,Horn in E,33840,690,French Horn _ 1
60.47174943749998,1.232141624999997,64,40,Horn in E,33840,690,French Horn _ 1
61.75746243749998,1.7142839999999921,57,40,Horn in E,34560,960,French Horn _ 1
61.75746243749998,1.7142839999999921,64,40,Horn in E,34560,960,French Horn _ 1
64.32888843749998,2.5178546249999982,57,40,Horn in E,36000,1410,French Horn _ 1
64.32888843749998,2.5178546249999982,64,40,Horn in E,36000,1410,French Horn _ 1
66.90031443749999,2.5178546249999982,57,40,Horn in E,37440,1410,French Horn _ 1
66.90031443749999,2.5178546249999982,64,40,Horn in E,37440,1410,French Horn _ 1
69.47174043749999,1.232141624999997,57,40,Horn in E,38880,690,French Horn _ 1
69.47174043749999,1.232141624999997,64,40,Horn in E,38880,690,French Horn _ 1
70.75745343749998,1.232141624999997,57,40,Horn in E,39600,690,French Horn _ 1
70.75745343749998,1.232141624999997,66,40,Horn in E,39600,690,French Horn _ 1
72.04316643749998,1.2321416250000112,59,40,Horn in E,40320,690,French Horn _ 1
72.04316643749998,1.2321416250000112,66,40,Horn in E,40320,690,French Horn _ 1
73.32887943749998,1.232141624999997,59,40,Horn in E,41040,690,French Horn _ 1
73.32887943749998,1.232141624999997,68,40,Horn in E,41040,690,French Horn _ 1
74.61459243749998,1.232141624999997,61,40,Horn in E,41760,690,French Horn _ 1
74.61459243749998,1.232141624999997,68,40,Horn in E,41760,690,French Horn _ 1
75.90030543749998,1.362396000000004,61,40,Horn in E,42480,690,French Horn _ 1
75.90030543749998,1.362396000000004,69,40,Horn in E,42480,690,French Horn _ 1
77.33088324999999,4.371742749999996,60,40,Horn in E,43200,2400,French Horn _ 1
77.33088324999999,4.371742749999996,63,40,Horn in E,43200,2400,French Horn _ 1
88.09912349999996,1.3846139999999991,60,40,Horn in E,48960,720,French Horn _ 1
88.09912349999996,1.3846139999999991,63,40,Horn in E,48960,720,French Horn _ 1
90.86835149999997,1.3846139999999991,60,40,Horn in E,50400,720,French Horn _ 1
90.86835149999997,1.3846139999999991,63,40,Horn in E,50400,720,French Horn _ 1
93.63757949999997,4.096149749999995,60,40,Horn in E,51840,2130,French Horn _ 1
93.63757949999997,4.096149749999995,63,40,Horn in E,51840,2130,French Horn _ 1
97.79142149999997,1.3269217499999968,58,40,Horn in E,54000,690,French Horn _ 1
97.79142149999997,1.3269217499999968,60,40,Horn in E,54000,690,French Horn _ 1
99.17603549999997,4.788456749999995,57,55,Horn in E,54720,2490,French Horn _ 1
99.17603549999997,4.788456749999995,60,55,Horn in E,54720,2490,French Horn _ 1
110.25294749999998,1.3846139999999991,57,40,Horn in E,60480,720,French Horn _ 1
110.25294749999998,1.3846139999999991,60,40,Horn in E,60480,720,French Horn _ 1
113.02217549999997,1.3846139999999991,57,40,Horn in E,61920,720,French Horn _ 1
113.02217549999997,1.3846139999999991,60,40,Horn in E,61920,720,French Horn _ 1
115.79140349999997,4.096149749999995,57,40,Horn in E,63360,2130,French Horn _ 1
115.79140349999997,4.096149749999995,60,40,Horn in E,63360,2130,French Horn _ 1
119.94524549999997,1.3269217499999968,55,55,Horn in E,65520,690,French Horn _ 1
119.94524549999997,1.3269217499999968,57,55,Horn in E,65520,690,French Horn _ 1
121.32985949999997,6.461532000000005,54,55,Horn in E,66240,3360,French Horn _ 1
121.32985949999997,6.461532000000005,57,55,Horn in E,66240,3360,French Horn _ 1
149.02213949999995,1.8461520000000178,64,40,Horn in E,80640,960,French Horn _ 1
149.02213949999995,1.8461520000000178,68,40,Horn in E,80640,960,French Horn _ 1
151.79136749999995,1.8461520000000178,64,40,Horn in E,82080,960,French Horn _ 1
151.79136749999995,1.8461520000000178,68,40,Horn in E,82080,960,French Horn _ 1
154.56059549999995,1.3269217500000252,52,40,Horn in E,83520,690,French Horn _ 1
154.56059549999995,1.3269217500000252,56,40,Horn in E,83520,690,French Horn _ 1
155.94520949999995,1.3269217500000252,52,40,Horn in E,84240,690,French Horn _ 1
155.94520949999995,1.3269217500000252,56,40,Horn in E,84240,690,French Horn _ 1
157.32982349999997,2.307690000000008,52,40,Horn in E,84960,1200,French Horn _ 1
157.32982349999997,2.307690000000008,56,40,Horn in E,84960,1200,French Horn _ 1
160.09905149999997,2.3301837500000033,52,40,Horn in E,86400,1200,French Horn _ 1
160.09905149999997,2.3301837500000033,56,40,Horn in E,86400,1200,French Horn _ 1
162.90136624999997,2.3921202499999765,52,40,Horn in E,87840,1200,French Horn _ 1
162.90136624999997,2.3921202499999765,56,40,Horn in E,87840,1200,French Horn _ 1
165.77833474999994,2.4574395000000493,52,40,Horn in E,89280,1200,French Horn _ 1
165.77833474999994,2.4574395000000493,56,40,Horn in E,89280,1200,French Horn _ 1
184.13046975,0.6136363125000059,64,55,Horn in E,97920,270,French Horn _ 1
184.13046975,0.6136363125000059,68,55,Horn in E,97920,270,French Horn _ 1
184.67592425,0.6136363124999775,59,50,Horn in E,98160,270,French Horn _ 1
184.67592425,0.6136363124999775,66,50,Horn in E,98160,270,French Horn _ 1
185.22137874999999,0.27272725000000264,64,50,Horn in E,98400,120,French Horn _ 1
185.22137874999999,0.27272725000000264,68,50,Horn in E,98400,120,French Horn _ 1
185.76683325,0.6136363125000059,64,55,Horn in E,98640,270,French Horn _ 1
185.76683325,0.6136363125000059,68,55,Horn in E,98640,270,French Horn _ 1
186.31228775,0.6136363125000059,59,50,Horn in E,98880,270,French Horn _ 1
186.31228775,0.6136363125000059,66,50,Horn in E,98880,270,French Horn _ 1
186.85774225,0.27272725000000264,64,50,Horn in E,99120,120,French Horn _ 1
186.85774225,0.27272725000000264,68,50,Horn in E,99120,120,French Horn _ 1
187.40319675,0.6136363124999775,64,55,Horn in E,99360,270,French Horn _ 1
187.40319675,0.6136363124999775,68,55,Horn in E,99360,270,French Horn _ 1
187.94865124999998,0.6136363125000059,59,50,Horn in E,99600,270,French Horn _ 1
187.94865124999998,0.6136363125000059,66,50,Horn in E,99600,270,French Horn _ 1
188.49410575,0.27272725000000264,64,50,Horn in E,99840,120,French Horn _ 1
188.49410575,0.27272725000000264,68,50,Horn in E,99840,120,French Horn _ 1
189.03956025,0.6136363125000059,64,55,Horn in E,100080,270,French Horn _ 1
189.03956025,0.6136363125000059,68,55,Horn in E,100080,270,French Horn _ 1
189.58501475,0.6136363125000059,59,50,Horn in E,100320,270,French Horn _ 1
189.58501475,0.6136363125000059,66,50,Horn in E,100320,270,French Horn _ 1
190.13046925,0.27272725000000264,64,50,Horn in E,100560,120,French Horn _ 1
190.13046925,0.27272725000000264,68,50,Horn in E,100560,120,French Horn _ 1
197.22137775,0.6136363125000059,64,55,Horn in E,103680,270,French Horn _ 1
197.22137775,0.6136363125000059,68,55,Horn in E,103680,270,French Horn _ 1
197.76683225,0.6136363125000059,59,50,Horn in E,103920,270,French Horn _ 1
197.76683225,0.6136363125000059,66,50,Horn in E,103920,270,French Horn _ 1
198.31228675,0.27272725000000264,64,50,Horn in E,104160,120,French Horn _ 1
198.31228675,0.27272725000000264,68,50,Horn in E,104160,120,French Horn _ 1
198.85774125,0.6136363125000059,64,55,Horn in E,104400,270,French Horn _ 1
198.85774125,0.6136363125000059,68,55,Horn in E,104400,270,French Horn _ 1
199.40319575,0.6136363124999775,59,50,Horn in E,104640,270,French Horn _ 1
199.40319575,0.6136363124999775,66,50,Horn in E,104640,270,French Horn _ 1
199.94865025,0.27272725000000264,64,50,Horn in E,104880,120,French Horn _ 1
199.94865025,0.27272725000000264,68,50,Horn in E,104880,120,French Horn _ 1
203.76683175,0.6136363125000059,64,45,Horn in E,106560,270,French Horn _ 1
203.76683175,0.6136363125000059,68,45,Horn in E,106560,270,French Horn _ 1
204.31228625,0.6136363125000059,59,40,Horn in E,106800,270,French Horn _ 1
204.31228625,0.6136363125000059,66,40,Horn in E,106800,270,French Horn _ 1
204.85774075,0.27272725000000264,64,40,Horn in E,107040,120,French Horn _ 1
204.85774075,0.27272725000000264,68,40,Horn in E,107040,120,French Horn _ 1
207.03955875,0.6136363125000059,64,35,Horn in E,108000,270,French Horn _ 1
207.03955875,0.6136363125000059,68,35,Horn in E,108000,270,French Horn _ 1
207.58501325,0.6136363125000059,59,30,Horn in E,108240,270,French Horn _ 1
207.58501325,0.6136363125000059,66,30,Horn in E,108240,270,French Horn _ 1
208.13046775,0.27272725000000264,64,30,Horn in E,108480,120,French Horn _ 1
208.13046775,0.27272725000000264,68,30,Horn in E,108480,120,French Horn _ 1
213.2416663125,2.517854624999984,59,40,Horn in E,110880,1410,French Horn _ 1
213.2416663125,2.517854624999984,63,40,Horn in E,110880,1410,French Horn _ 1
215.8130923125,1.7249999999999943,59,45,Horn in E,112320,690,French Horn _ 1
215.8130923125,1.7249999999999943,63,45,Horn in E,112320,690,French Horn _ 1
217.61309231250002,1.7249999999999943,59,50,Horn in E,113040,690,French Horn _ 1
217.61309231250002,1.7249999999999943,64,50,Horn in E,113040,690,French Horn _ 1
230.8416523125,2.3809499999999844,56,40,Horn in E,119520,1200,French Horn _ 1
233.6987923125,2.5862050000000067,52,35,Horn in E,120960,1200,French Horn _ 1
233.6987923125,2.5862050000000067,56,35,Horn in E,120960,1200,French Horn _ 1
236.80223831249998,10.20689200000001,52,35,Horn in E,122400,3360,French Horn _ 1
236.80223831249998,10.20689200000001,56,35,Horn in E,122400,3360,French Horn _ 1
52.388037,1.484692937499986,47,60,Horn in E,29520,690,French Horn _ 1
52.388037,1.484692937499986,59,60,Horn in E,29520,690,French Horn _ 1
54.04318443749998,2.5178546249999982,47,40,Horn in E,30240,1410,French Horn _ 1
54.04318443749998,2.5178546249999982,59,40,Horn in E,30240,1410,French Horn _ 1
56.614610437499984,2.5178546249999982,47,40,Horn in E,31680,1410,French Horn _ 1
56.614610437499984,2.5178546249999982,59,40,Horn in E,31680,1410,French Horn _ 1
59.18603643749998,1.2321416250000041,47,40,Horn in E,33120,690,French Horn _ 1
59.18603643749998,1.2321416250000041,59,40,Horn in E,33120,690,French Horn _ 1
60.47174943749998,1.232141624999997,49,40,Horn in E,33840,690,French Horn _ 1
60.47174943749998,1.232141624999997,61,40,Horn in E,33840,690,French Horn _ 1
61.75746243749998,1.7142839999999921,49,40,Horn in E,34560,960,French Horn _ 1
61.75746243749998,1.7142839999999921,61,40,Horn in E,34560,960,French Horn _ 1
64.32888843749998,2.5178546249999982,49,40,Horn in E,36000,1410,French Horn _ 1
64.32888843749998,2.5178546249999982,61,40,Horn in E,36000,1410,French Horn _ 1
66.90031443749999,2.5178546249999982,49,40,Horn in E,37440,1410,French Horn _ 1
66.90031443749999,2.5178546249999982,61,40,Horn in E,37440,1410,French Horn _ 1
69.47174043749999,1.232141624999997,49,40,Horn in E,38880,690,French Horn _ 1
69.47174043749999,1.232141624999997,61,40,Horn in E,38880,690,French Horn _ 1
70.75745343749998,1.232141624999997,51,40,Horn in E,39600,690,French Horn _ 1
70.75745343749998,1.232141624999997,63,40,Horn in E,39600,690,French Horn _ 1
72.04316643749998,1.2321416250000112,51,40,Horn in E,40320,690,French Horn _ 1
72.04316643749998,1.2321416250000112,63,40,Horn in E,40320,690,French Horn _ 1
73.32887943749998,1.232141624999997,52,40,Horn in E,41040,690,French Horn _ 1
73.32887943749998,1.232141624999997,64,40,Horn in E,41040,690,French Horn _ 1
74.61459243749998,1.232141624999997,52,40,Horn in E,41760,690,French Horn _ 1
74.61459243749998,1.232141624999997,64,40,Horn in E,41760,690,French Horn _ 1
75.90030543749998,1.362396000000004,54,40,Horn in E,42480,690,French Horn _ 1
75.90030543749998,1.362396000000004,66,40,Horn in E,42480,690,French Horn _ 1
77.33088324999999,4.371742749999996,51,40,Horn in E,43200,2400,French Horn _ 1
77.33088324999999,4.371742749999996,56,40,Horn in E,43200,2400,French Horn _ 1
88.09912349999996,1.3846139999999991,51,40,Horn in E,48960,720,French Horn _ 1
88.09912349999996,1.3846139999999991,56,40,Horn in E,48960,720,French Horn _ 1
90.86835149999997,1.3846139999999991,51,40,Horn in E,50400,720,French Horn _ 1
90.86835149999997,1.3846139999999991,56,40,Horn in E,50400,720,French Horn _ 1
93.63757949999997,4.096149749999995,51,40,Horn in E,51840,2130,French Horn _ 1
93.63757949999997,4.096149749999995,56,40,Horn in E,51840,2130,French Horn _ 1
97.79142149999997,1.3269217499999968,52,40,Horn in E,54000,690,French Horn _ 1
99.17603549999997,4.788456749999995,48,55,Horn in E,54720,2490,French Horn _ 1
99.17603549999997,4.788456749999995,53,55,Horn in E,54720,2490,French Horn _ 1
110.25294749999998,1.3846139999999991,48,40,Horn in E,60480,720,French Horn _ 1
110.25294749999998,1.3846139999999991,53,40,Horn in E,60480,720,French Horn _ 1
113.02217549999997,1.3846139999999991,48,40,Horn in E,61920,720,French Horn _ 1
113.02217549999997,1.3846139999999991,53,40,Horn in E,61920,720,French Horn _ 1
115.79140349999997,4.096149749999995,48,40,Horn in E,63360,2130,French Horn _ 1
115.79140349999997,4.096149749999995,53,40,Horn in E,63360,2130,French Horn _ 1
119.94524549999997,1.3269217499999968,49,55,Horn in E,65520,690,French Horn _ 1
121.32985949999997,6.461532000000005,45,55,Horn in E,66240,3360,French Horn _ 1
121.32985949999997,6.461532000000005,50,55,Horn in E,66240,3360,French Horn _ 1
132.40677149999996,0.519230250000021,60,85,Horn in E,72000,270,French Horn _ 1
132.86830949999998,0.4038457499999879,57,85,Horn in E,72240,210,French Horn _ 1
133.32984749999997,0.4038457499999879,55,85,Horn in E,72480,210,French Horn _ 1
133.79138549999996,0.519230250000021,53,85,Horn in E,72720,270,French Horn _ 1
134.25292349999998,0.4038457499999879,55,85,Horn in E,72960,210,French Horn _ 1
134.71446149999997,0.4038457499999879,57,85,Horn in E,73200,210,French Horn _ 1
135.17599949999996,0.519230250000021,60,85,Horn in E,73440,270,French Horn _ 1
135.63753749999998,0.4038457499999879,57,85,Horn in E,73680,210,French Horn _ 1
136.09907549999997,0.4038457499999879,55,85,Horn in E,73920,210,French Horn _ 1
136.56061349999996,0.519230250000021,53,85,Horn in E,74160,270,French Horn _ 1
137.02215149999998,0.28846124999998324,55,85,Horn in E,74400,150,French Horn _ 1
137.25292049999996,0.28846125000001166,57,85,Horn in E,74520,150,French Horn _ 1
137.48368949999997,0.28846124999998324,55,85,Horn in E,74640,150,French Horn _ 1
137.71445849999998,0.17307674999997857,57,85,Horn in E,74760,90,French Horn _ 1
137.94522749999996,0.519230250000021,60,85,Horn in E,74880,270,French Horn _ 1
138.40676549999998,0.4038457499999879,57,85,Horn in E,75120,210,French Horn _ 1
138.86830349999997,0.4038457499999879,60,85,Horn in E,75360,210,French Horn _ 1
139.32984149999996,0.519230250000021,62,85,Horn in E,75600,270,French Horn _ 1
139.79137949999998,0.4038457499999879,57,85,Horn in E,75840,210,French Horn _ 1
140.25291749999997,0.4038457499999879,62,85,Horn in E,76080,210,French Horn _ 1
140.71445549999996,3.230766000000017,60,85,Horn in E,76320,1680,French Horn _ 1
149.02213949999995,1.8461520000000178,47,40,Horn in E,80640,960,French Horn _ 1
149.02213949999995,1.8461520000000178,59,40,Horn in E,80640,960,French Horn _ 1
151.79136749999995,1.8461520000000178,47,40,Horn in E,82080,960,French Horn _ 1
151.79136749999995,1.8461520000000178,59,40,Horn in E,82080,960,French Horn _ 1
154.56059549999995,1.3269217500000252,59,40,Horn in E,83520,690,French Horn _ 1
155.94520949999995,1.3269217500000252,61,40,Horn in E,84240,690,French Horn _ 1
157.32982349999997,2.307690000000008,59,40,Horn in E,84960,1200,French Horn _ 1
160.09905149999997,1.4505097499999806,61,40,Horn in E,86400,750,French Horn _ 1
161.49111974999997,0.9381155000000092,59,40,Horn in E,87120,480,French Horn _ 1
162.90136624999997,1.48890499999996,61,40,Horn in E,87840,750,French Horn _ 1
164.33027124999992,0.9632152500000188,59,40,Horn in E,88560,480,French Horn _ 1
165.77833474999994,2.8937872500000594,61,40,Horn in E,89280,1410,French Horn _ 1
168.734622,1.375,56,60,Horn in E,90720,660,French Horn _ 1
170.234622,1.375,61,60,Horn in E,91440,660,French Horn _ 1
171.734622,0.875,59,60,Horn in E,92160,420,French Horn _ 1
184.13046975,6.5454540000000065,28,40,Horn in E,97920,2880,French Horn _ 1
184.13046975,6.5454540000000065,35,40,Horn in E,97920,2880,French Horn _ 1
197.22137775,3.2727270000000033,28,40,Horn in E,103680,1440,French Horn _ 1
197.22137775,3.2727270000000033,35,40,Horn in E,103680,1440,French Horn _ 1
203.76683175,1.6363634999999874,28,40,Horn in E,106560,720,French Horn _ 1
203.76683175,1.6363634999999874,35,40,Horn in E,106560,720,French Horn _ 1
207.03955875,1.6363634999999874,28,40,Horn in E,108000,720,French Horn _ 1
207.03955875,1.6363634999999874,35,40,Horn in E,108000,720,French Horn _ 1
213.2416663125,2.517854624999984,54,40,Horn in E,110880,1410,French Horn _ 1
213.2416663125,2.517854624999984,57,40,Horn in E,110880,1410,French Horn _ 1
215.8130923125,1.7249999999999943,54,45,Horn in E,112320,690,French Horn _ 1
215.8130923125,1.7249999999999943,57,45,Horn in E,112320,690,French Horn _ 1
217.61309231250002,1.7249999999999943,54,50,Horn in E,113040,690,French Horn _ 1
217.61309231250002,1.7249999999999943,57,50,Horn in E,113040,690,French Horn _ 1
225.1273723125,1.3690462499999967,59,40,Horn in E,116640,690,French Horn _ 1
226.5559423125,1.4880937499999902,61,40,Horn in E,117360,750,French Horn _ 1
227.9845123125,1.3690462500000251,59,40,Horn in E,118080,690,French Horn _ 1
229.4130823125,1.4880937500000186,61,40,Horn in E,118800,750,French Horn _ 1
230.8416523125,1.3690462499999967,59,40,Horn in E,119520,690,French Horn _ 1
236.80223831249998,10.20689200000001,47,35,Horn in E,122400,3360,French Horn _ 1
236.80223831249998,10.20689200000001,59,35,Horn in E,122400,3360,French Horn _ 1
77.33088324999999,3.7050749999999937,68,90,Trumpet in E,43200,2040,Trumpet _ 1
88.09912349999996,1.5576907500000061,68,90,Trumpet in E,48960,810,Trumpet _ 1
90.86835149999997,1.557690749999992,68,90,Trumpet in E,50400,810,Trumpet _ 1
97.79142149999997,1.3269217499999968,72,90,Trumpet in E,54000,690,Trumpet _ 1
99.17603549999997,4.326918750000004,65,75,Trumpet in E,54720,2250,Trumpet _ 1
99.17603549999997,4.326918750000004,77,75,Trumpet in E,54720,2250,Trumpet _ 1
110.25294749999998,1.3846139999999991,65,70,Trumpet in E,60480,720,Trumpet _ 1
110.25294749999998,1.3846139999999991,77,70,Trumpet in E,60480,720,Trumpet _ 1
113.02217549999997,1.3846139999999991,65,70,Trumpet in E,61920,720,Trumpet _ 1
113.02217549999997,1.3846139999999991,77,70,Trumpet in E,61920,720,Trumpet _ 1
119.94524549999997,1.3269217499999968,69,127,Trumpet in E,65520,690,Trumpet _ 1
121.32985949999997,6.461532000000005,62,127,Trumpet in E,66240,3360,Trumpet _ 1
121.32985949999997,6.461532000000005,74,127,Trumpet in E,66240,3360,Trumpet _ 1
236.80223831249998,10.20689200000001,64,40,Trumpet in E,122400,3360,Trumpet _ 1
51.03915698749999,0.07462683333333331,47,20,Timpani,28797,40,Timpani _ 1
51.123112174999996,0.07462683333333331,47,22,Timpani,28842,40,Timpani _ 1
51.20893303333333,0.07462683333333331,47,24,Timpani,28888,40,Timpani _ 1
51.291022549999994,0.07462683333333331,47,26,Timpani,28932,40,Timpani _ 1
51.373112066666664,0.07462683333333331,47,28,Timpani,28976,40,Timpani _ 1
51.45706725416666,0.07462683333333331,47,30,Timpani,29021,40,Timpani _ 1
51.542888112499995,0.07462683333333331,47,32,Timpani,29067,40,Timpani _ 1
51.62870897083333,0.07462683333333331,47,34,Timpani,29113,40,Timpani _ 1
51.71266415833333,0.07462683333333331,47,36,Timpani,29158,40,Timpani _ 1
51.79661934583333,0.07462683333333331,47,38,Timpani,29203,40,Timpani _ 1
51.88057453333333,0.07462683333333331,47,41,Timpani,29248,40,Timpani _ 1
51.962664049999994,0.07462683333333331,47,43,Timpani,29292,40,Timpani _ 1
52.046619237499996,0.07462683333333331,47,45,Timpani,29337,40,Timpani _ 1
52.13244009583333,0.07462683333333331,47,47,Timpani,29383,40,Timpani _ 1
52.21639528333333,0.07462683333333331,47,49,Timpani,29428,40,Timpani _ 1
52.30035047083333,0.07462683333333331,47,51,Timpani,29473,40,Timpani _ 1
52.38243998749999,0.07477920000000893,47,53,Timpani,29517,40,Timpani _ 1
52.466656375,0.07598768750000318,47,55,Timpani,29562,40,Timpani _ 1
52.554102375,0.07744265416665996,47,57,Timpani,29608,40,Timpani _ 1
52.63741273541666,0.0787387708333398,47,59,Timpani,29651,40,Timpani _ 1
52.73001038333333,0.08032693750000419,47,62,Timpani,29698,40,Timpani _ 1
52.82048490416666,0.08177377916666728,47,64,Timpani,29743,40,Timpani _ 1
52.91253520416666,0.08343436666666548,47,66,Timpani,29788,40,Timpani _ 1
53.00651402916666,0.0849964562499963,47,68,Timpani,29833,40,Timpani _ 1
53.097920741666655,0.08667594583332772,47,70,Timpani,29876,40,Timpani _ 1
53.19776506249998,0.08845324583332825,47,72,Timpani,29922,40,Timpani _ 1
53.29734288124998,0.0903680687499957,47,74,Timpani,29967,40,Timpani _ 1
53.40143804999998,0.09226887916666016,47,76,Timpani,30013,40,Timpani _ 1
53.50531028333331,0.09438857916666876,47,78,Timpani,30058,40,Timpani _ 1
53.61164498749998,0.09639278333333579,47,81,Timpani,30103,40,Timpani _ 1
53.715312895833314,0.09833029166667018,47,83,Timpani,30146,40,Timpani _ 1
54.026138987499984,0.8688303124999948,52,90,Timpani,30237,480,Timpani _ 1
149.01637027499996,0.0673076250000122,47,20,Timpani,80637,35,Timpani _ 1
149.09329327499998,0.06730762499998377,47,20,Timpani,80677,35,Timpani _ 1
149.17021627499997,0.06730762499998377,47,21,Timpani,80717,35,Timpani _ 1
149.24713927499997,0.0673076250000122,47,21,Timpani,80757,35,Timpani _ 1
149.32598534999997,0.0673076250000122,47,20,Timpani,80798,35,Timpani _ 1
149.40098527499995,0.0673076250000122,47,21,Timpani,80837,35,Timpani _ 1
149.47983134999996,0.0673076250000122,47,19,Timpani,80878,35,Timpani _ 1
149.55675434999998,0.0673076250000122,47,21,Timpani,80918,35,Timpani _ 1
149.63175427499996,0.0673076250000122,47,20,Timpani,80957,35,Timpani _ 1
149.70867727499999,0.06730762499998377,47,21,Timpani,80997,35,Timpani _ 1
149.78367719999997,0.0673076250000122,47,20,Timpani,81036,35,Timpani _ 1
149.86252327499997,0.0673076250000122,47,20,Timpani,81077,35,Timpani _ 1
149.94136934999997,0.0673076250000122,47,19,Timpani,81118,35,Timpani _ 1
150.01829234999997,0.06730762499998377,47,20,Timpani,81158,35,Timpani _ 1
150.09329227499998,0.06730762499998377,47,20,Timpani,81197,35,Timpani _ 1
150.17021527499998,0.06730762499998377,47,20,Timpani,81237,35,Timpani _ 1
150.24906134999995,0.0673076250000122,47,20,Timpani,81278,35,Timpani _ 1
150.32406127499996,0.0673076250000122,47,20,Timpani,81317,35,Timpani _ 1
150.40290734999996,0.06730762499998377,47,19,Timpani,81358,35,Timpani _ 1
150.47790727499998,0.06730762499998377,47,19,Timpani,81397,35,Timpani _ 1
150.55483027499997,0.06730762499998377,47,19,Timpani,81437,35,Timpani _ 1
150.63367634999997,0.06730762499998377,47,19,Timpani,81478,35,Timpani _ 1
150.71059934999997,0.0673076250000122,47,20,Timpani,81518,35,Timpani _ 1
150.78752235,0.06730762499998377,47,19,Timpani,81558,35,Timpani _ 1
150.86059919999997,0.06730762499998377,47,20,Timpani,81596,35,Timpani _ 1
150.93944527499997,0.06730762499998377,47,21,Timpani,81637,35,Timpani _ 1
151.01829134999997,0.06730762499998377,47,20,Timpani,81678,35,Timpani _ 1
151.09136819999995,0.0673076250000122,47,20,Timpani,81716,35,Timpani _ 1
151.17213734999999,0.06730762499998377,47,20,Timpani,81758,35,Timpani _ 1
151.24713727499997,0.0673076250000122,47,20,Timpani,81797,35,Timpani _ 1
151.32406027499997,0.06730762499998377,47,21,Timpani,81837,35,Timpani _ 1
151.40290634999997,0.06730762499998377,47,21,Timpani,81878,35,Timpani _ 1
151.47982934999996,0.0673076250000122,47,20,Timpani,81918,35,Timpani _ 1
151.55675234999998,0.06730762499998377,47,21,Timpani,81958,35,Timpani _ 1
151.63175227499997,0.0673076250000122,47,20,Timpani,81997,35,Timpani _ 1
151.70675219999995,0.0673076250000122,47,21,Timpani,82036,35,Timpani _ 1
151.78752134999996,0.0673076250000122,47,20,Timpani,82078,35,Timpani _ 1
151.86444434999996,0.0673076250000122,47,19,Timpani,82118,35,Timpani _ 1
151.93944427499997,0.06730762499998377,47,21,Timpani,82157,35,Timpani _ 1
152.01444419999999,0.06730762499998377,47,21,Timpani,82196,35,Timpani _ 1
152.093290275,0.06730762499998377,47,19,Timpani,82237,35,Timpani _ 1
152.17213635,0.06730762499998377,47,19,Timpani,82278,35,Timpani _ 1
152.24905934999995,0.0673076250000122,47,20,Timpani,82318,35,Timpani _ 1
152.32598234999998,0.0673076250000122,47,21,Timpani,82358,35,Timpani _ 1
152.40290534999997,0.06730762499998377,47,20,Timpani,82398,35,Timpani _ 1
152.47790527499998,0.06730762499998377,47,19,Timpani,82437,35,Timpani _ 1
152.55675134999998,0.06730762499998377,47,21,Timpani,82478,35,Timpani _ 1
152.63175127499997,0.0673076250000122,47,20,Timpani,82517,35,Timpani _ 1
152.70867427499996,0.06730762499998377,47,20,Timpani,82557,35,Timpani _ 1
152.78559727499996,0.0673076250000122,47,21,Timpani,82597,35,Timpani _ 1
152.86059719999997,0.06730762499998377,47,21,Timpani,82636,35,Timpani _ 1
152.93944327499997,0.06730762499998377,47,20,Timpani,82677,35,Timpani _ 1
153.01828934999998,0.06730762499998377,47,20,Timpani,82718,35,Timpani _ 1
153.09521234999997,0.0673076250000122,47,20,Timpani,82758,35,Timpani _ 1
153.17021227499995,0.0673076250000122,47,19,Timpani,82797,35,Timpani _ 1
153.24905834999996,0.0673076250000122,47,21,Timpani,82838,35,Timpani _ 1
153.32405827499997,0.06730762499998377,47,19,Timpani,82877,35,Timpani _ 1
153.40098127499996,0.0673076250000122,47,20,Timpani,82917,35,Timpani _ 1
153.47598119999995,0.0673076250000122,47,20,Timpani,82956,35,Timpani _ 1
153.55290419999997,0.0673076250000122,47,20,Timpani,82996,35,Timpani _ 1
153.62982719999997,0.06730762499998377,47,20,Timpani,83036,35,Timpani _ 1
153.70675019999996,0.0673076250000122,47,19,Timpani,83076,35,Timpani _ 1
153.78559627499996,0.0673076250000122,47,19,Timpani,83117,35,Timpani _ 1
153.86444234999996,0.0673076250000122,47,20,Timpani,83158,35,Timpani _ 1
153.93944227499995,0.0673076250000122,47,19,Timpani,83197,35,Timpani _ 1
154.01636527499997,0.0673076250000122,47,20,Timpani,83237,35,Timpani _ 1
154.09328827499996,0.0673076250000122,47,20,Timpani,83277,35,Timpani _ 1
154.16828819999998,0.06730762499998377,47,20,Timpani,83316,35,Timpani _ 1
154.24905734999996,0.0673076250000122,47,20,Timpani,83358,35,Timpani _ 1
154.32405727499997,0.06730762499998377,47,21,Timpani,83397,35,Timpani _ 1
154.40290334999997,0.06730762499998377,47,19,Timpani,83438,35,Timpani _ 1
154.47598019999995,0.0673076250000122,47,20,Timpani,83476,35,Timpani _ 1
154.55482627499995,0.0673076250000122,47,19,Timpani,83517,35,Timpani _ 1
154.63367234999996,0.0673076250000122,47,19,Timpani,83558,35,Timpani _ 1
154.71059534999998,0.0673076250000122,47,20,Timpani,83598,35,Timpani _ 1
154.78559527499996,0.0673076250000122,47,20,Timpani,83637,35,Timpani _ 1
154.86444134999996,0.0673076250000122,47,20,Timpani,83678,35,Timpani _ 1
154.94136435,0.06730762499998377,47,21,Timpani,83718,35,Timpani _ 1
155.01636427499997,0.0673076250000122,47,21,Timpani,83757,35,Timpani _ 1
155.09328727499997,0.06730762499998377,47,20,Timpani,83797,35,Timpani _ 1
155.17021027499996,0.0673076250000122,47,20,Timpani,83837,35,Timpani _ 1
155.24713327499998,0.06730762499998377,47,20,Timpani,83877,35,Timpani _ 1
155.32405627499998,0.06730762499998377,47,20,Timpani,83917,35,Timpani _ 1
155.40290234999995,0.0673076250000122,47,21,Timpani,83958,35,Timpani _ 1
157.32597735,0.06730762499998377,47,24,Timpani,84958,35,Timpani _ 1
157.39905419999997,0.06730762499998377,47,25,Timpani,84996,35,Timpani _ 1
157.47790027499997,0.06730762499998377,47,25,Timpani,85037,35,Timpani _ 1
157.55674634999997,0.06730762499998377,47,25,Timpani,85078,35,Timpani _ 1
157.63366934999996,0.0673076250000122,47,25,Timpani,85118,35,Timpani _ 1
157.71059234999998,0.06730762499998377,47,25,Timpani,85158,35,Timpani _ 1
157.78559227499997,0.0673076250000122,47,26,Timpani,85197,35,Timpani _ 1
157.86443834999997,0.0673076250000122,47,26,Timpani,85238,35,Timpani _ 1
157.93943827499996,0.0673076250000122,47,26,Timpani,85277,35,Timpani _ 1
158.01636127499998,0.06730762499998377,47,26,Timpani,85317,35,Timpani _ 1
158.09520734999998,0.06730762499998377,47,25,Timpani,85358,35,Timpani _ 1
158.17213034999997,0.06730762499998377,47,25,Timpani,85398,35,Timpani _ 1
158.24905334999997,0.0673076250000122,47,24,Timpani,85438,35,Timpani _ 1
158.32405327499995,0.0673076250000122,47,24,Timpani,85477,35,Timpani _ 1
158.40097627499998,0.0673076250000122,47,25,Timpani,85517,35,Timpani _ 1
158.47982234999998,0.06730762499998377,47,25,Timpani,85558,35,Timpani _ 1
158.55482227499996,0.0673076250000122,47,24,Timpani,85597,35,Timpani _ 1
158.631745275,0.06730762499998377,47,26,Timpani,85637,35,Timpani _ 1
158.70866827499995,0.0673076250000122,47,25,Timpani,85677,35,Timpani _ 1
158.78366819999997,0.06730762499998377,47,26,Timpani,85716,35,Timpani _ 1
158.86251427499997,0.06730762499998377,47,25,Timpani,85757,35,Timpani _ 1
158.93943727499996,0.0673076250000122,47,25,Timpani,85797,35,Timpani _ 1
159.01636027499998,0.06730762499998377,47,25,Timpani,85837,35,Timpani _ 1
159.09136019999997,0.0673076250000122,47,26,Timpani,85876,35,Timpani _ 1
159.16828319999996,0.0673076250000122,47,24,Timpani,85916,35,Timpani _ 1
159.24712927499996,0.0673076250000122,47,25,Timpani,85957,35,Timpani _ 1
159.32597534999996,0.06730762499998377,47,24,Timpani,85998,35,Timpani _ 1
159.40097527499998,0.06730762499998377,47,24,Timpani,86037,35,Timpani _ 1
159.47789827499997,0.06730762499998377,47,25,Timpani,86077,35,Timpani _ 1
159.55482127499997,0.0673076250000122,47,24,Timpani,86117,35,Timpani _ 1
159.63366734999997,0.0673076250000122,47,25,Timpani,86158,35,Timpani _ 1
159.70674419999997,0.0673076250000122,47,24,Timpani,86196,35,Timpani _ 1
159.78559027499998,0.0673076250000122,47,26,Timpani,86237,35,Timpani _ 1
159.86251327499997,0.06730762499998377,47,26,Timpani,86277,35,Timpani _ 1
159.93943627499996,0.0673076250000122,47,25,Timpani,86317,35,Timpani _ 1
160.01635927499999,0.06730762499998377,47,25,Timpani,86357,35,Timpani _ 1
161.48723206666662,0.06817333333333409,47,25,Timpani,87118,35,Timpani _ 1
161.56514564999998,0.0681817499999795,47,25,Timpani,87158,35,Timpani _ 1
161.64306764999998,0.0681817499999795,47,25,Timpani,87198,35,Timpani _ 1
161.71709354999996,0.06831272499999841,47,25,Timpani,87236,35,Timpani _ 1
161.79907219999998,0.06832962499998985,47,26,Timpani,87278,35,Timpani _ 1
161.87716319999998,0.06832962499998985,47,24,Timpani,87318,35,Timpani _ 1
161.95330192499998,0.0684654916666716,47,26,Timpani,87357,35,Timpani _ 1
162.0315500208333,0.06847822916668633,47,26,Timpani,87397,35,Timpani _ 1
162.10981085416662,0.06847822916668633,47,26,Timpani,87437,35,Timpani _ 1
162.18807168749998,0.06861462916666028,47,25,Timpani,87477,35,Timpani _ 1
162.2664902333333,0.06862741666668626,47,24,Timpani,87517,35,Timpani _ 1
162.34492156666664,0.06862741666665784,47,24,Timpani,87557,35,Timpani _ 1
162.42335289999997,0.06876435000000924,47,25,Timpani,87597,35,Timpani _ 1
162.50390762499998,0.06877718749998962,47,25,Timpani,87638,35,Timpani _ 1
162.58054506249997,0.06877718750001804,47,25,Timpani,87677,35,Timpani _ 1
162.65718249999998,0.0689104875000055,47,26,Timpani,87716,35,Timpani _ 1
162.73987852499997,0.06892768750000755,47,26,Timpani,87758,35,Timpani _ 1
162.81668366249997,0.06892768750000755,47,24,Timpani,87797,35,Timpani _ 1
164.32628012083327,0.0699911291666524,47,26,Timpani,88558,35,Timpani _ 1
164.40427124999994,0.06999999999999318,47,26,Timpani,88597,35,Timpani _ 1
164.48627124999993,0.06999999999999318,47,25,Timpani,88638,35,Timpani _ 1
164.56427124999993,0.07014240000000882,47,26,Timpani,88677,35,Timpani _ 1
164.64443589999993,0.07015574999999785,47,26,Timpani,88717,35,Timpani _ 1
164.72461389999992,0.07015574999999785,47,24,Timpani,88757,35,Timpani _ 1
164.80278744999993,0.07029447499999719,47,25,Timpani,88796,35,Timpani _ 1
164.88312654999993,0.07031237500001453,47,24,Timpani,88836,35,Timpani _ 1
164.96549247499993,0.0703123749999861,47,25,Timpani,88877,35,Timpani _ 1
165.04584947499993,0.0704561750000039,47,26,Timpani,88917,35,Timpani _ 1
165.12435932499994,0.07046965624999757,47,24,Timpani,88956,35,Timpani _ 1
165.20489607499994,0.07046965624999757,47,26,Timpani,88996,35,Timpani _ 1
165.28744624374994,0.07061412291668034,47,25,Timpani,89037,35,Timpani _ 1
165.36815003333328,0.07062766666666676,47,25,Timpani,89077,35,Timpani _ 1
165.44684943333328,0.07062766666666676,47,24,Timpani,89116,35,Timpani _ 1
165.52958469999993,0.07077280000001451,47,24,Timpani,89157,35,Timpani _ 1
165.60844737499994,0.07078640624999366,47,25,Timpani,89196,35,Timpani _ 1
165.69136859374996,0.07078640624999366,47,25,Timpani,89237,35,Timpani _ 1
236.79577279999998,0.07543097916666852,47,15,Timpani,122397,35,Timpani _ 1
236.88197963333332,0.07543097916666852,47,15,Timpani,122437,35,Timpani _ 1
236.96603129583332,0.07543097916666852,47,16,Timpani,122476,35,Timpani _ 1
237.05654847083332,0.07543097916666852,47,17,Timpani,122518,35,Timpani _ 1
237.14275530416666,0.07543097916666852,47,18,Timpani,122558,35,Timpani _ 1
237.22680696666666,0.07543097916666852,47,19,Timpani,122597,35,Timpani _ 1
237.31085862916666,0.07543097916666852,47,19,Timpani,122636,35,Timpani _ 1
237.39922063333333,0.07543097916666852,47,20,Timpani,122677,35,Timpani _ 1
237.48542746666666,0.07543097916666852,47,21,Timpani,122717,35,Timpani _ 1
237.57378947083333,0.07543097916666852,47,22,Timpani,122758,35,Timpani _ 1
237.65999630416667,0.07543097916666852,47,23,Timpani,122798,35,Timpani _ 1
237.74404796666664,0.07543097916666852,47,24,Timpani,122837,35,Timpani _ 1
237.8324099708333,0.07543097916666852,47,25,Timpani,122878,35,Timpani _ 1
237.91861680416665,0.07543097916666852,47,25,Timpani,122918,35,Timpani _ 1
238.00266846666665,0.07543097916666852,47,26,Timpani,122957,35,Timpani _ 1
238.08887529999998,0.07543097916666852,47,27,Timpani,122997,35,Timpani _ 1
238.17508213333332,0.07543097916666852,47,28,Timpani,123037,35,Timpani _ 1
238.2634441375,0.07543097916666852,47,29,Timpani,123078,35,Timpani _ 1
238.3474958,0.07543097916666852,47,30,Timpani,123117,35,Timpani _ 1
238.43370263333333,0.07543097916666852,47,30,Timpani,123157,35,Timpani _ 1
238.5220646375,0.07543097916666852,47,31,Timpani,123198,35,Timpani _ 1
238.6061163,0.07543097916666852,47,32,Timpani,123237,35,Timpani _ 1
238.69232313333333,0.07543097916666852,47,33,Timpani,123277,35,Timpani _ 1
238.77852996666667,0.07543097916666852,47,34,Timpani,123317,35,Timpani _ 1
238.86258162916667,0.0754309791666401,47,34,Timpani,123356,35,Timpani _ 1
238.9509436333333,0.07543097916666852,47,35,Timpani,123397,35,Timpani _ 1
239.03930563749998,0.07543097916666852,47,36,Timpani,123438,35,Timpani _ 1
239.12335729999998,0.07543097916666852,47,37,Timpani,123477,35,Timpani _ 1
239.21171930416665,0.07543097916666852,47,38,Timpani,123518,35,Timpani _ 1
239.29361579583332,0.07543097916666852,47,39,Timpani,123556,35,Timpani _ 1
239.38413297083332,0.07543097916666852,47,40,Timpani,123598,35,Timpani _ 1
239.46818463333332,0.07543097916666852,47,40,Timpani,123637,35,Timpani _ 1
239.5565466375,0.07543097916666852,47,41,Timpani,123678,35,Timpani _ 1
239.64275347083333,0.07543097916666852,47,42,Timpani,123718,35,Timpani _ 1
239.72680513333333,0.07543097916666852,47,43,Timpani,123757,35,Timpani _ 1
239.8151671375,0.07543097916666852,47,44,Timpani,123798,35,Timpani _ 1
239.90137397083333,0.07543097916666852,47,45,Timpani,123838,35,Timpani _ 1
239.98542563333334,0.0754309791666401,47,45,Timpani,123877,35,Timpani _ 1
240.07163246666664,0.07543097916666852,47,44,Timpani,123917,35,Timpani _ 1
240.15783929999998,0.07543097916666852,47,43,Timpani,123957,35,Timpani _ 1
240.2440461333333,0.07543097916666852,47,42,Timpani,123997,35,Timpani _ 1
240.33240813749998,0.07543097916666852,47,41,Timpani,124038,35,Timpani _ 1
240.41861497083332,0.07543097916666852,47,41,Timpani,124078,35,Timpani _ 1
240.50266663333332,0.07543097916666852,47,40,Timpani,124117,35,Timpani _ 1
240.58887346666666,0.07543097916666852,47,39,Timpani,124157,35,Timpani _ 1
240.67723547083332,0.07543097916666852,47,38,Timpani,124198,35,Timpani _ 1
240.76344230416666,0.07543097916666852,47,37,Timpani,124238,35,Timpani _ 1
240.8496491375,0.07543097916666852,47,36,Timpani,124278,35,Timpani _ 1
240.9337008,0.07543097916666852,47,35,Timpani,124317,35,Timpani _ 1
241.02206280416667,0.07543097916666852,47,34,Timpani,124358,35,Timpani _ 1
241.10611446666667,0.0754309791666401,47,34,Timpani,124397,35,Timpani _ 1
241.19232129999997,0.07543097916666852,47,33,Timpani,124437,35,Timpani _ 1
241.28068330416664,0.07543097916666852,47,32,Timpani,124478,35,Timpani _ 1
241.36473496666665,0.07543097916666852,47,31,Timpani,124517,35,Timpani _ 1
241.44878662916665,0.07543097916666852,47,30,Timpani,124556,35,Timpani _ 1
241.53714863333332,0.07543097916666852,47,29,Timpani,124597,35,Timpani _ 1
241.62335546666665,0.07543097916666852,47,28,Timpani,124637,35,Timpani _ 1
241.7095623,0.07543097916666852,47,28,Timpani,124677,35,Timpani _ 1
241.79576913333332,0.07543097916666852,47,27,Timpani,124717,35,Timpani _ 1
241.88197596666666,0.07543097916666852,47,26,Timpani,124757,35,Timpani _ 1
241.97033797083333,0.07543097916666852,47,25,Timpani,124798,35,Timpani _ 1
242.05654480416666,0.07543097916666852,47,24,Timpani,124838,35,Timpani _ 1
242.14059646666666,0.07543097916666852,47,23,Timpani,124877,35,Timpani _ 1
242.22464812916667,0.07543097916666852,47,22,Timpani,124916,35,Timpani _ 1
242.31516530416664,0.07543097916666852,47,22,Timpani,124958,35,Timpani _ 1
242.39921696666664,0.07543097916666852,47,21,Timpani,124997,35,Timpani _ 1
242.48326862916664,0.07543097916666852,47,20,Timpani,125036,35,Timpani _ 1
242.57378580416665,0.07543097916666852,47,19,Timpani,125078,35,Timpani _ 1
242.65783746666665,0.07543097916666852,47,18,Timpani,125117,35,Timpani _ 1
242.74619947083332,0.07543097916666852,47,17,Timpani,125158,35,Timpani _ 1
242.83025113333332,0.07543097916666852,47,16,Timpani,125197,35,Timpani _ 1
242.9186131375,0.07543097916666852,47,15,Timpani,125238,35,Timpani _ 1
243.0026648,0.2731321791666801,47,35,Timpani,125277,35,Timpani _ 1
10.746264,5.317161875,64,40,Violin I,7200,2850,String Ensemble 2 _ 4
10.746264,5.317161875,68,40,Violin I,7200,2850,String Ensemble 2 _ 4
16.119396,2.630595875000001,64,40,Violin I,10080,1410,String Ensemble 2 _ 4
16.119396,2.630595875000001,68,40,Violin I,10080,1410,String Ensemble 2 _ 4
18.805961999999997,3.1343270000000025,68,45,Violin I,11520,1680,String Ensemble 2 _ 4
18.805961999999997,3.1343270000000025,72,45,Violin I,11520,1680,String Ensemble 2 _ 4
32.238792,5.317161875000004,68,40,Violin I,18720,2850,String Ensemble 2 _ 4
32.238792,5.317161875000004,72,40,Violin I,18720,2850,String Ensemble 2 _ 4
37.611923999999995,1.3992531250000013,72,40,Violin I,21600,750,String Ensemble 2 _ 4
37.611923999999995,2.6305958750000045,68,40,Violin I,21600,1410,String Ensemble 2 _ 4
38.955206999999994,1.287312875000005,73,40,Violin I,22320,690,String Ensemble 2 _ 4
40.298489999999994,3.134327000000006,71,45,Violin I,23040,1680,String Ensemble 2 _ 4
40.298489999999994,3.134327000000006,75,45,Violin I,23040,1680,String Ensemble 2 _ 4
45.671622,3.134326999999999,71,40,Violin I,25920,1680,String Ensemble 2 _ 4
45.671622,3.134326999999999,75,40,Violin I,25920,1680,String Ensemble 2 _ 4
49.701471,1.2873128749999978,71,50,Violin I,28080,690,String Ensemble 2 _ 4
49.701471,1.2873128749999978,75,50,Violin I,28080,690,String Ensemble 2 _ 4
51.044754,1.2873128749999978,71,63,Violin I,28800,690,String Ensemble 2 _ 4
51.044754,1.2873128749999978,75,63,Violin I,28800,690,String Ensemble 2 _ 4
52.388037,1.484692937499986,71,76,Violin I,29520,690,String Ensemble 2 _ 4
52.388037,1.484692937499986,75,76,Violin I,29520,690,String Ensemble 2 _ 4
54.04318443749998,0.48214237500000223,83,95,Violin I,30240,270,String Ensemble 2 _ 4
54.47175543749998,0.48214237500000223,80,95,Violin I,30480,270,String Ensemble 2 _ 4
54.900326437499984,0.4821423749999951,78,95,Violin I,30720,270,String Ensemble 2 _ 4
55.32889743749998,0.48214237500000223,76,95,Violin I,30960,270,String Ensemble 2 _ 4
55.75746843749998,0.48214237500000223,78,95,Violin I,31200,270,String Ensemble 2 _ 4
56.18603943749998,0.37499962500000095,80,95,Violin I,31440,210,String Ensemble 2 _ 4
56.614610437499984,0.37499962499999384,83,95,Violin I,31680,210,String Ensemble 2 _ 4
56.98961006249998,0.10714275000000129,80,95,Violin I,31890,60,String Ensemble 2 _ 4
57.04318143749998,0.10714275000000129,81,95,Violin I,31920,60,String Ensemble 2 _ 4
57.15032418749998,0.37499962500000095,80,95,Violin I,31980,210,String Ensemble 2 _ 4
57.47175243749998,0.48214237500000223,78,95,Violin I,32160,270,String Ensemble 2 _ 4
57.90032343749998,0.48214237500000223,76,95,Violin I,32400,270,String Ensemble 2 _ 4
58.32889443749998,0.26785687499999966,78,95,Violin I,32640,150,String Ensemble 2 _ 4
58.54317993749998,0.26785687499999966,80,95,Violin I,32760,150,String Ensemble 2 _ 4
58.75746543749998,0.26785687499999966,78,95,Violin I,32880,150,String Ensemble 2 _ 4
58.97175093749998,0.18749981250000047,80,95,Violin I,33000,105,String Ensemble 2 _ 4
59.18603643749998,0.10714275000000129,80,95,Violin I,33120,60,String Ensemble 2 _ 4
59.23960781249998,0.10714274999999418,81,95,Violin I,33150,60,String Ensemble 2 _ 4
59.29317918749998,0.37499962500000095,83,95,Violin I,33180,210,String Ensemble 2 _ 4
59.614607437499984,0.4821423749999951,80,95,Violin I,33360,270,String Ensemble 2 _ 4
60.04317843749998,0.37499962500000095,83,95,Violin I,33600,210,String Ensemble 2 _ 4
60.47174943749998,0.48214237500000223,85,95,Violin I,33840,270,String Ensemble 2 _ 4
60.90032043749998,0.48214237500000223,80,95,Violin I,34080,270,String Ensemble 2 _ 4
61.328891437499976,0.40178531250001015,85,95,Violin I,34320,225,String Ensemble 2 _ 4
61.75746243749998,0.4821423749999951,85,95,Violin I,34560,270,String Ensemble 2 _ 4
62.18603343749999,0.4821423749999951,81,95,Violin I,34800,270,String Ensemble 2 _ 4
62.61460443749998,0.48214237500000934,80,95,Violin I,35040,270,String Ensemble 2 _ 4
63.04317543749998,0.6964278749999977,78,95,Violin I,35280,390,String Ensemble 2 _ 4
64.32888843749998,0.4821423749999951,85,95,Violin I,36000,270,String Ensemble 2 _ 4
64.75745943749999,0.4821423749999951,81,95,Violin I,36240,270,String Ensemble 2 _ 4
65.18603043749998,0.48214237500000934,80,95,Violin I,36480,270,String Ensemble 2 _ 4
65.61460143749999,0.4821423749999951,78,95,Violin I,36720,270,String Ensemble 2 _ 4
66.04317243749998,0.48214237500000934,80,95,Violin I,36960,270,String Ensemble 2 _ 4
66.47174343749998,0.37499962500000095,81,95,Violin I,37200,210,String Ensemble 2 _ 4
66.90031443749999,0.37499962500000095,85,95,Violin I,37440,210,String Ensemble 2 _ 4
67.27531406249999,0.10714274999999418,81,95,Violin I,37650,60,String Ensemble 2 _ 4
67.32888543749998,0.10714275000000839,83,95,Violin I,37680,60,String Ensemble 2 _ 4
67.43602818749999,0.37499962500000095,81,95,Violin I,37740,210,String Ensemble 2 _ 4
67.75745643749998,0.4821423749999951,80,95,Violin I,37920,270,String Ensemble 2 _ 4
68.18602743749999,0.4821423749999951,78,95,Violin I,38160,270,String Ensemble 2 _ 4
68.61459843749998,0.26785687500000677,80,95,Violin I,38400,150,String Ensemble 2 _ 4
68.82888393749998,0.26785687499999256,81,95,Violin I,38520,150,String Ensemble 2 _ 4
69.04316943749998,0.26785687499999256,80,95,Violin I,38640,150,String Ensemble 2 _ 4
69.25745493749999,0.18749981249999337,81,95,Violin I,38760,105,String Ensemble 2 _ 4
69.47174043749999,0.10714274999999418,81,95,Violin I,38880,60,String Ensemble 2 _ 4
69.52531181249998,0.10714275000000839,83,95,Violin I,38910,60,String Ensemble 2 _ 4
69.57888318749998,0.37499962500000095,85,95,Violin I,38940,210,String Ensemble 2 _ 4
69.90031143749998,0.48214237500000934,81,95,Violin I,39120,270,String Ensemble 2 _ 4
70.32888243749998,0.40178531249999594,85,95,Violin I,39360,225,String Ensemble 2 _ 4
70.75745343749998,0.48214237500000934,87,95,Violin I,39600,270,String Ensemble 2 _ 4
71.18602443749998,0.4821423749999951,81,95,Violin I,39840,270,String Ensemble 2 _ 4
71.61459543749999,0.40178531249999594,87,95,Violin I,40080,225,String Ensemble 2 _ 4
72.04316643749998,0.09821418750000532,87,95,Violin I,40320,55,String Ensemble 2 _ 4
72.09673781249998,0.09821418750000532,88,95,Violin I,40350,55,String Ensemble 2 _ 4
72.15030918749999,0.37499962500000095,87,95,Violin I,40380,210,String Ensemble 2 _ 4
72.47173743749998,0.4821423749999951,83,95,Violin I,40560,270,String Ensemble 2 _ 4
72.90030843749997,0.40178531250001015,87,95,Violin I,40800,225,String Ensemble 2 _ 4
73.32887943749998,0.4821423749999951,88,95,Violin I,41040,270,String Ensemble 2 _ 4
73.75745043749998,0.4821423749999951,83,95,Violin I,41280,270,String Ensemble 2 _ 4
74.18602143749999,0.40178531249999594,88,95,Violin I,41520,225,String Ensemble 2 _ 4
74.61459243749998,0.09821418750000532,88,95,Violin I,41760,55,String Ensemble 2 _ 4
74.66816381249998,0.09821418749999111,90,95,Violin I,41790,55,String Ensemble 2 _ 4
74.72173518749997,0.37499962500001516,88,95,Violin I,41820,210,String Ensemble 2 _ 4
75.04316343749998,0.4821423749999951,85,95,Violin I,42000,270,String Ensemble 2 _ 4
75.47173443749998,0.40178531250001015,88,95,Violin I,42240,225,String Ensemble 2 _ 4
75.90030543749998,0.4962962500000003,90,95,Violin I,42480,270,String Ensemble 2 _ 4
76.33890943749998,0.5379803750000178,85,95,Violin I,42720,270,String Ensemble 2 _ 4
76.8143898125,0.48240253124998844,90,95,Violin I,42960,225,String Ensemble 2 _ 4
77.33088324999999,0.27106906250000407,92,110,Violin I,43200,150,String Ensemble 2 _ 4
77.54827449999999,0.26849599999999896,87,109,Violin I,43320,150,String Ensemble 2 _ 4
77.76298574999998,0.26903112499999793,84,107,Violin I,43440,150,String Ensemble 2 _ 4
77.97812474999998,0.2695684374999985,80,105,Violin I,43560,150,String Ensemble 2 _ 4
78.19369324999998,0.27010787499999367,84,103,Violin I,43680,150,String Ensemble 2 _ 4
78.40969299999998,0.1623243749999972,87,101,Violin I,43800,90,String Ensemble 2 _ 4
78.62612549999997,0.2711931875000033,87,99,Violin I,43920,150,String Ensemble 2 _ 4
78.84299274999998,0.27173918750000325,84,97,Violin I,44040,150,String Ensemble 2 _ 4
79.06029649999998,0.27228718749999814,80,95,Violin I,44160,150,String Ensemble 2 _ 4
79.27803824999998,0.2728374999999943,75,94,Violin I,44280,150,String Ensemble 2 _ 4
79.49621999999998,0.273389624999993,80,92,Violin I,44400,150,String Ensemble 2 _ 4
79.71484299999997,0.16429987499999754,84,90,Violin I,44520,90,String Ensemble 2 _ 4
79.93390949999997,0.2745014999999995,84,88,Violin I,44640,150,String Ensemble 2 _ 4
80.15342124999997,0.275061000000008,80,86,Violin I,44760,150,String Ensemble 2 _ 4
80.37338024999997,0.27562268750000385,75,84,Violin I,44880,150,String Ensemble 2 _ 4
80.59378824999997,0.2761865625000013,72,82,Violin I,45000,150,String Ensemble 2 _ 4
80.81464699999998,0.27675268749999304,75,80,Violin I,45120,150,String Ensemble 2 _ 4
81.03595824999998,0.16632431249999513,80,79,Violin I,45240,90,String Ensemble 2 _ 4
81.25772399999998,0.27789200000000847,80,77,Violin I,45360,150,String Ensemble 2 _ 4
81.47994599999998,0.2784649999999971,75,75,Violin I,45480,150,String Ensemble 2 _ 4
81.70262599999998,0.27904056250000053,72,73,Violin I,45600,150,String Ensemble 2 _ 4
81.92576599999998,0.27961874999999736,68,71,Violin I,45720,150,String Ensemble 2 _ 4
82.14936824999998,0.2801989999999961,72,69,Violin I,45840,150,String Ensemble 2 _ 4
82.37343424999997,0.16839899999999375,75,67,Violin I,45960,90,String Ensemble 2 _ 4
83.04843549999997,0.5090788125000074,85,67,Violin I,46320,270,String Ensemble 2 _ 4
83.50079174999998,0.39741624999999203,73,70,Violin I,46560,210,String Ensemble 2 _ 4
84.41122724999997,0.5155589999999961,85,76,Violin I,47040,270,String Ensemble 2 _ 4
84.86933949999997,0.40286375000000874,73,79,Violin I,47280,210,String Ensemble 2 _ 4
85.79143349999997,0.5192302500000068,85,85,Violin I,47760,270,String Ensemble 2 _ 4
86.25297149999997,0.4038457500000021,73,88,Violin I,48000,210,String Ensemble 2 _ 4
87.17604749999997,0.5192302500000068,85,94,Violin I,48480,270,String Ensemble 2 _ 4
87.63758549999997,0.4038457500000021,73,97,Violin I,48720,210,String Ensemble 2 _ 4
88.09912349999996,0.28846125000001166,92,100,Violin I,48960,150,String Ensemble 2 _ 4
88.32989249999997,0.28846124999999745,87,92,Violin I,49080,150,String Ensemble 2 _ 4
88.56066149999997,0.28846124999999745,84,84,Violin I,49200,150,String Ensemble 2 _ 4
88.79143049999996,0.28846125000001166,80,76,Violin I,49320,150,String Ensemble 2 _ 4
89.02219949999997,0.28846124999999745,84,68,Violin I,49440,150,String Ensemble 2 _ 4
89.25296849999997,0.23076899999999512,87,60,Violin I,49560,120,String Ensemble 2 _ 4
90.86835149999997,0.28846124999999745,92,100,Violin I,50400,150,String Ensemble 2 _ 4
91.09912049999997,0.28846124999999745,87,92,Violin I,50520,150,String Ensemble 2 _ 4
91.32988949999996,0.28846124999999745,84,84,Violin I,50640,150,String Ensemble 2 _ 4
91.56065849999997,0.28846124999999745,80,76,Violin I,50760,150,String Ensemble 2 _ 4
91.79142749999997,0.28846124999999745,84,68,Violin I,50880,150,String Ensemble 2 _ 4
92.02219649999996,0.23076900000000933,87,60,Violin I,51000,120,String Ensemble 2 _ 4
93.63757949999997,0.28846124999999745,72,60,Violin I,51840,150,String Ensemble 2 _ 4
93.86834849999997,0.28846124999999745,68,61,Violin I,51960,150,String Ensemble 2 _ 4
94.09911749999996,0.28846125000001166,63,62,Violin I,52080,150,String Ensemble 2 _ 4
94.32988649999997,0.28846124999999745,68,64,Violin I,52200,150,String Ensemble 2 _ 4
94.56065549999997,0.28846124999999745,72,65,Violin I,52320,150,String Ensemble 2 _ 4
94.79142449999996,0.173076750000007,75,67,Violin I,52440,90,String Ensemble 2 _ 4
95.02219349999997,0.28846124999999745,75,68,Violin I,52560,150,String Ensemble 2 _ 4
95.25296249999997,0.28846124999999745,72,70,Violin I,52680,150,String Ensemble 2 _ 4
95.48373149999998,0.28846124999999745,68,71,Violin I,52800,150,String Ensemble 2 _ 4
95.71450049999997,0.28846124999999745,72,73,Violin I,52920,150,String Ensemble 2 _ 4
95.94526949999997,0.28846124999999745,75,74,Violin I,53040,150,String Ensemble 2 _ 4
96.17603849999998,0.17307674999999278,80,76,Violin I,53160,90,String Ensemble 2 _ 4
96.40680749999997,0.28846124999999745,80,77,Violin I,53280,150,String Ensemble 2 _ 4
96.63757649999997,0.28846124999999745,75,78,Violin I,53400,150,String Ensemble 2 _ 4
96.86834549999998,0.28846124999999745,72,80,Violin I,53520,150,String Ensemble 2 _ 4
97.09911449999997,0.28846124999999745,75,81,Violin I,53640,150,String Ensemble 2 _ 4
97.32988349999997,0.28846124999999745,80,83,Violin I,53760,150,String Ensemble 2 _ 4
97.56065249999997,0.17307674999999278,84,84,Violin I,53880,90,String Ensemble 2 _ 4
97.79142149999997,0.28846124999999745,84,86,Violin I,54000,150,String Ensemble 2 _ 4
98.02219049999997,0.28846124999999745,79,87,Violin I,54120,150,String Ensemble 2 _ 4
98.25295949999997,0.28846124999999745,76,89,Violin I,54240,150,String Ensemble 2 _ 4
98.48372849999997,0.28846124999999745,79,90,Violin I,54360,150,String Ensemble 2 _ 4
98.71449749999996,0.28846125000001166,84,92,Violin I,54480,150,String Ensemble 2 _ 4
98.94526649999997,0.17307674999999278,88,93,Violin I,54600,90,String Ensemble 2 _ 4
99.17603549999997,0.28846124999999745,89,95,Violin I,54720,150,String Ensemble 2 _ 4
99.40680449999996,0.28846125000001166,84,94,Violin I,54840,150,String Ensemble 2 _ 4
99.63757349999997,0.28846124999999745,81,92,Violin I,54960,150,String Ensemble 2 _ 4
99.86834249999997,0.28846124999999745,77,91,Violin I,55080,150,String Ensemble 2 _ 4
100.09911149999996,0.28846125000001166,81,89,Violin I,55200,150,String Ensemble 2 _ 4
100.32988049999997,0.17307674999999278,84,88,Violin I,55320,90,String Ensemble 2 _ 4
100.56064949999997,0.28846124999999745,84,86,Violin I,55440,150,String Ensemble 2 _ 4
100.79141849999996,0.28846125000001166,81,85,Violin I,55560,150,String Ensemble 2 _ 4
101.02218749999997,0.28846124999999745,77,83,Violin I,55680,150,String Ensemble 2 _ 4
101.25295649999997,0.28846124999999745,72,82,Violin I,55800,150,String Ensemble 2 _ 4
101.48372549999996,0.28846125000001166,77,80,Violin I,55920,150,String Ensemble 2 _ 4
101.71449449999997,0.17307674999999278,81,79,Violin I,56040,90,String Ensemble 2 _ 4
101.94526349999997,0.28846124999999745,81,77,Violin I,56160,150,String Ensemble 2 _ 4
102.17603249999996,0.28846125000001166,77,76,Violin I,56280,150,String Ensemble 2 _ 4
102.40680149999997,0.28846124999999745,72,74,Violin I,56400,150,String Ensemble 2 _ 4
102.63757049999997,0.28846124999999745,69,73,Violin I,56520,150,String Ensemble 2 _ 4
102.86833949999996,0.28846125000001166,72,71,Violin I,56640,150,String Ensemble 2 _ 4
103.09910849999997,0.17307674999999278,77,70,Violin I,56760,90,String Ensemble 2 _ 4
103.32987749999997,0.28846124999999745,77,68,Violin I,56880,150,String Ensemble 2 _ 4
103.56064649999996,0.28846125000001166,72,67,Violin I,57000,150,String Ensemble 2 _ 4
103.79141549999997,0.28846124999999745,69,65,Violin I,57120,150,String Ensemble 2 _ 4
104.02218449999997,0.28846124999999745,65,64,Violin I,57240,150,String Ensemble 2 _ 4
104.25295349999996,0.28846125000001166,69,62,Violin I,57360,150,String Ensemble 2 _ 4
104.48372249999997,0.17307674999999278,72,60,Violin I,57480,90,String Ensemble 2 _ 4
105.17602949999997,0.5192302499999926,82,64,Violin I,57840,270,String Ensemble 2 _ 4
105.63756749999996,0.46153800000000444,70,67,Violin I,58080,240,String Ensemble 2 _ 4
106.56064349999997,0.5192302499999926,82,72,Violin I,58560,270,String Ensemble 2 _ 4
107.02218149999997,0.46153799999999023,70,75,Violin I,58800,240,String Ensemble 2 _ 4
107.94525749999997,0.5192302499999926,82,81,Violin I,59280,270,String Ensemble 2 _ 4
108.40679549999997,0.46153800000000444,70,83,Violin I,59520,240,String Ensemble 2 _ 4
109.32987149999997,0.5192302499999926,82,89,Violin I,60000,270,String Ensemble 2 _ 4
109.79140949999997,0.46153800000000444,70,92,Violin I,60240,240,String Ensemble 2 _ 4
110.25294749999998,0.28846124999999745,89,95,Violin I,60480,150,String Ensemble 2 _ 4
110.48371649999997,0.28846124999999745,84,88,Violin I,60600,150,String Ensemble 2 _ 4
110.71448549999997,0.28846124999999745,81,81,Violin I,60720,150,String Ensemble 2 _ 4
110.94525449999998,0.28846124999999745,77,74,Violin I,60840,150,String Ensemble 2 _ 4
111.17602349999997,0.28846124999999745,81,67,Violin I,60960,150,String Ensemble 2 _ 4
111.40679249999997,0.173076750000007,84,60,Violin I,61080,90,String Ensemble 2 _ 4
113.02217549999997,0.28846124999999745,89,95,Violin I,61920,150,String Ensemble 2 _ 4
113.25294449999997,0.28846124999999745,84,88,Violin I,62040,150,String Ensemble 2 _ 4
113.48371349999996,0.28846125000001166,81,81,Violin I,62160,150,String Ensemble 2 _ 4
113.71448249999997,0.28846124999999745,77,74,Violin I,62280,150,String Ensemble 2 _ 4
113.94525149999997,0.28846124999999745,81,67,Violin I,62400,150,String Ensemble 2 _ 4
114.17602049999996,0.173076750000007,84,60,Violin I,62520,90,String Ensemble 2 _ 4
115.79140349999997,0.28846124999999745,69,60,Violin I,63360,150,String Ensemble 2 _ 4
116.02217249999997,0.28846124999999745,65,62,Violin I,63480,150,String Ensemble 2 _ 4
116.25294149999996,0.28846125000001166,60,64,Violin I,63600,150,String Ensemble 2 _ 4
116.48371049999997,0.28846124999999745,65,66,Violin I,63720,150,String Ensemble 2 _ 4
116.71447949999997,0.28846124999999745,69,69,Violin I,63840,150,String Ensemble 2 _ 4
116.94524849999996,0.173076750000007,72,71,Violin I,63960,90,String Ensemble 2 _ 4
117.17601749999997,0.28846124999999745,72,73,Violin I,64080,150,String Ensemble 2 _ 4
117.40678649999997,0.28846124999999745,69,76,Violin I,64200,150,String Ensemble 2 _ 4
117.63755549999996,0.28846125000001166,65,78,Violin I,64320,150,String Ensemble 2 _ 4
117.86832449999997,0.28846124999999745,69,80,Violin I,64440,150,String Ensemble 2 _ 4
118.09909349999997,0.28846124999999745,72,82,Violin I,64560,150,String Ensemble 2 _ 4
118.32986249999996,0.173076750000007,77,85,Violin I,64680,90,String Ensemble 2 _ 4
118.56063149999997,0.28846124999999745,77,87,Violin I,64800,150,String Ensemble 2 _ 4
118.79140049999997,0.28846124999999745,72,89,Violin I,64920,150,String Ensemble 2 _ 4
119.02216949999996,0.28846125000001166,69,92,Violin I,65040,150,String Ensemble 2 _ 4
119.25293849999997,0.28846124999999745,72,94,Violin I,65160,150,String Ensemble 2 _ 4
119.48370749999997,0.28846124999999745,77,96,Violin I,65280,150,String Ensemble 2 _ 4
119.71447649999996,0.173076750000007,81,98,Violin I,65400,90,String Ensemble 2 _ 4
119.94524549999997,0.28846124999999745,81,101,Violin I,65520,150,String Ensemble 2 _ 4
120.17601449999997,0.28846124999999745,76,103,Violin I,65640,150,String Ensemble 2 _ 4
120.40678349999996,0.28846125000001166,73,105,Violin I,65760,150,String Ensemble 2 _ 4
120.63755249999997,0.28846124999999745,76,108,Violin I,65880,150,String Ensemble 2 _ 4
120.86832149999998,0.28846124999998324,81,110,Violin I,66000,150,String Ensemble 2 _ 4
121.09909049999996,0.173076750000007,85,112,Violin I,66120,90,String Ensemble 2 _ 4
121.32985949999997,0.28846124999999745,86,115,Violin I,66240,150,String Ensemble 2 _ 4
121.56062849999998,0.28846124999998324,81,114,Violin I,66360,150,String Ensemble 2 _ 4
121.79139749999996,0.28846125000001166,78,113,Violin I,66480,150,String Ensemble 2 _ 4
122.02216649999997,0.28846124999999745,74,111,Violin I,66600,150,String Ensemble 2 _ 4
122.25293549999998,0.28846124999998324,78,110,Violin I,66720,150,String Ensemble 2 _ 4
122.48370449999996,0.173076750000007,81,109,Violin I,66840,90,String Ensemble 2 _ 4
122.71447349999997,0.28846124999999745,86,107,Violin I,66960,150,String Ensemble 2 _ 4
122.94524249999998,0.28846124999998324,81,106,Violin I,67080,150,String Ensemble 2 _ 4
123.17601149999996,0.28846125000001166,78,105,Violin I,67200,150,String Ensemble 2 _ 4
123.40678049999997,0.28846124999999745,74,103,Violin I,67320,150,String Ensemble 2 _ 4
123.63754949999998,0.28846124999998324,78,102,Violin I,67440,150,String Ensemble 2 _ 4
123.86831849999996,0.173076750000007,81,101,Violin I,67560,90,String Ensemble 2 _ 4
124.09908749999997,0.28846125000001166,86,99,Violin I,67680,150,String Ensemble 2 _ 4
124.32985649999998,0.28846124999998324,81,98,Violin I,67800,150,String Ensemble 2 _ 4
124.56062549999997,0.28846124999999745,78,97,Violin I,67920,150,String Ensemble 2 _ 4
124.79139449999997,0.28846125000001166,74,95,Violin I,68040,150,String Ensemble 2 _ 4
125.02216349999998,0.28846124999998324,78,94,Violin I,68160,150,String Ensemble 2 _ 4
125.25293249999997,0.17307674999999278,81,92,Violin I,68280,90,String Ensemble 2 _ 4
125.48370149999997,0.28846125000001166,86,91,Violin I,68400,150,String Ensemble 2 _ 4
125.71447049999998,0.28846124999998324,81,90,Violin I,68520,150,String Ensemble 2 _ 4
125.94523949999999,0.28846124999998324,78,88,Violin I,68640,150,String Ensemble 2 _ 4
126.17600849999997,0.28846125000001166,74,87,Violin I,68760,150,String Ensemble 2 _ 4
126.40677749999998,0.28846124999998324,78,86,Violin I,68880,150,String Ensemble 2 _ 4
126.63754649999996,0.173076750000007,81,84,Violin I,69000,90,String Ensemble 2 _ 4
126.86831549999997,0.28846125000001166,86,83,Violin I,69120,150,String Ensemble 2 _ 4
127.09908449999998,0.28846124999998324,81,82,Violin I,69240,150,String Ensemble 2 _ 4
127.32985349999998,0.28846124999998324,78,80,Violin I,69360,150,String Ensemble 2 _ 4
127.56062249999997,0.28846125000001166,74,79,Violin I,69480,150,String Ensemble 2 _ 4
127.79139149999997,0.28846124999998324,78,78,Violin I,69600,150,String Ensemble 2 _ 4
128.02216049999996,0.28846125000001166,81,76,Violin I,69720,150,String Ensemble 2 _ 4
128.25292949999996,0.28846125000001166,86,75,Violin I,69840,150,String Ensemble 2 _ 4
128.48369849999997,0.28846125000001166,81,74,Violin I,69960,150,String Ensemble 2 _ 4
128.71446749999998,0.28846124999998324,78,72,Violin I,70080,150,String Ensemble 2 _ 4
128.94523649999996,0.28846125000001166,74,71,Violin I,70200,150,String Ensemble 2 _ 4
129.17600549999997,0.28846124999998324,78,69,Violin I,70320,150,String Ensemble 2 _ 4
129.40677449999995,0.28846125000001166,81,68,Violin I,70440,150,String Ensemble 2 _ 4
129.63754349999996,0.28846125000001166,85,67,Violin I,70560,150,String Ensemble 2 _ 4
129.86831249999997,0.28846125000001166,81,65,Violin I,70680,150,String Ensemble 2 _ 4
130.09908149999998,0.28846124999998324,77,64,Violin I,70800,150,String Ensemble 2 _ 4
130.32985049999996,0.28846125000001166,73,63,Violin I,70920,150,String Ensemble 2 _ 4
130.56061949999997,0.28846124999998324,77,61,Violin I,71040,150,String Ensemble 2 _ 4
130.79138849999995,0.28846125000001166,81,60,Violin I,71160,150,String Ensemble 2 _ 4
131.02215749999996,0.28846125000001166,85,59,Violin I,71280,150,String Ensemble 2 _ 4
131.25292649999997,0.28846125000001166,81,57,Violin I,71400,150,String Ensemble 2 _ 4
131.48369549999998,0.28846124999998324,77,56,Violin I,71520,150,String Ensemble 2 _ 4
131.71446449999996,0.28846125000001166,73,55,Violin I,71640,150,String Ensemble 2 _ 4
131.94523349999997,0.28846124999998324,77,53,Violin I,71760,150,String Ensemble 2 _ 4
132.17600249999995,0.173076750000007,81,52,Violin I,71880,90,String Ensemble 2 _ 4
132.86830949999998,0.4038457499999879,69,40,Violin I,72240,210,String Ensemble 2 _ 4
133.32984749999997,0.4038457499999879,72,40,Violin I,72480,210,String Ensemble 2 _ 4
134.25292349999998,0.4038457499999879,69,40,Violin I,72960,210,String Ensemble 2 _ 4
134.71446149999997,0.4038457499999879,72,40,Violin I,73200,210,String Ensemble 2 _ 4
135.63753749999998,0.4038457499999879,69,40,Violin I,73680,210,String Ensemble 2 _ 4
136.09907549999997,0.4038457499999879,72,40,Violin I,73920,210,String Ensemble 2 _ 4
137.02215149999998,0.4038457499999879,69,40,Violin I,74400,210,String Ensemble 2 _ 4
137.48368949999997,0.4038457499999879,72,40,Violin I,74640,210,String Ensemble 2 _ 4
138.40676549999998,0.4038457499999879,69,40,Violin I,75120,210,String Ensemble 2 _ 4
138.86830349999997,0.4038457499999879,72,40,Violin I,75360,210,String Ensemble 2 _ 4
139.79137949999998,0.4038457499999879,69,40,Violin I,75840,210,String Ensemble 2 _ 4
140.25291749999997,0.4038457499999879,74,40,Violin I,76080,210,String Ensemble 2 _ 4
141.17599349999998,0.4038457499999879,69,40,Violin I,76560,210,String Ensemble 2 _ 4
141.63753149999997,0.4038457499999879,72,40,Violin I,76800,210,String Ensemble 2 _ 4
143.48368349999996,5.480763750000023,72,50,Violin I,77760,2850,String Ensemble 2 _ 4
143.48368349999996,5.480763750000023,84,50,Violin I,77760,2850,String Ensemble 2 _ 4
149.02213949999995,0.28846125000001166,83,50,Violin I,80640,150,String Ensemble 2 _ 4
149.25290849999996,0.28846125000001166,80,50,Violin I,80760,150,String Ensemble 2 _ 4
149.48367749999997,0.28846125000001166,76,50,Violin I,80880,150,String Ensemble 2 _ 4
149.71444649999998,0.28846124999998324,71,50,Violin I,81000,150,String Ensemble 2 _ 4
149.9452155,0.28846124999998324,76,50,Violin I,81120,150,String Ensemble 2 _ 4
150.17598449999997,0.28846124999998324,80,50,Violin I,81240,150,String Ensemble 2 _ 4
150.40675349999995,0.28846125000001166,83,50,Violin I,81360,150,String Ensemble 2 _ 4
150.63752249999996,0.28846125000001166,80,50,Violin I,81480,150,String Ensemble 2 _ 4
150.86829149999997,0.28846125000001166,76,50,Violin I,81600,150,String Ensemble 2 _ 4
151.09906049999998,0.28846124999998324,71,50,Violin I,81720,150,String Ensemble 2 _ 4
151.3298295,0.28846124999998324,76,50,Violin I,81840,150,String Ensemble 2 _ 4
151.56059849999997,0.28846124999998324,80,50,Violin I,81960,150,String Ensemble 2 _ 4
151.79136749999995,0.28846125000001166,83,50,Violin I,82080,150,String Ensemble 2 _ 4
152.02213649999996,0.28846125000001166,80,50,Violin I,82200,150,String Ensemble 2 _ 4
152.25290549999997,0.28846125000001166,76,50,Violin I,82320,150,String Ensemble 2 _ 4
152.48367449999998,0.28846125000001166,71,50,Violin I,82440,150,String Ensemble 2 _ 4
152.7144435,0.28846124999998324,76,50,Violin I,82560,150,String Ensemble 2 _ 4
152.94521249999997,0.28846124999998324,80,50,Violin I,82680,150,String Ensemble 2 _ 4
153.17598149999995,0.28846125000001166,83,50,Violin I,82800,150,String Ensemble 2 _ 4
153.40675049999996,0.28846125000001166,80,50,Violin I,82920,150,String Ensemble 2 _ 4
153.63751949999997,0.28846125000001166,76,50,Violin I,83040,150,String Ensemble 2 _ 4
153.86828849999998,0.28846125000001166,71,50,Violin I,83160,150,String Ensemble 2 _ 4
154.0990575,0.28846124999998324,76,50,Violin I,83280,150,String Ensemble 2 _ 4
154.32982649999997,0.173076750000007,80,50,Violin I,83400,90,String Ensemble 2 _ 4
154.56059549999995,0.28846125000001166,83,50,Violin I,83520,150,String Ensemble 2 _ 4
154.79136449999996,0.28846125000001166,80,51,Violin I,83640,150,String Ensemble 2 _ 4
155.02213349999997,0.28846125000001166,76,53,Violin I,83760,150,String Ensemble 2 _ 4
155.25290249999998,0.28846125000001166,71,55,Violin I,83880,150,String Ensemble 2 _ 4
155.48367149999999,0.28846124999998324,76,56,Violin I,84000,150,String Ensemble 2 _ 4
155.71444049999997,0.28846124999998324,80,58,Violin I,84120,150,String Ensemble 2 _ 4
155.94520949999995,0.28846125000001166,85,60,Violin I,84240,150,String Ensemble 2 _ 4
156.17597849999996,0.28846125000001166,80,59,Violin I,84360,150,String Ensemble 2 _ 4
156.40674749999997,0.28846125000001166,76,57,Violin I,84480,150,String Ensemble 2 _ 4
156.63751649999998,0.28846125000001166,73,55,Violin I,84600,150,String Ensemble 2 _ 4
156.86828549999998,0.28846124999998324,76,54,Violin I,84720,150,String Ensemble 2 _ 4
157.09905449999997,0.173076750000007,80,52,Violin I,84840,90,String Ensemble 2 _ 4
157.32982349999997,0.28846124999998324,83,50,Violin I,84960,150,String Ensemble 2 _ 4
157.56059249999996,0.28846125000001166,80,50,Violin I,85080,150,String Ensemble 2 _ 4
157.79136149999997,0.28846125000001166,76,50,Violin I,85200,150,String Ensemble 2 _ 4
158.02213049999997,0.28846125000001166,71,50,Violin I,85320,150,String Ensemble 2 _ 4
158.25289949999998,0.28846124999998324,76,50,Violin I,85440,150,String Ensemble 2 _ 4
158.48366849999996,0.28846124999998324,80,50,Violin I,85560,150,String Ensemble 2 _ 4
158.71443749999997,0.28846124999998324,83,50,Violin I,85680,150,String Ensemble 2 _ 4
158.94520649999995,0.28846125000001166,80,50,Violin I,85800,150,String Ensemble 2 _ 4
159.17597549999996,0.28846125000001166,76,50,Violin I,85920,150,String Ensemble 2 _ 4
159.40674449999997,0.28846125000001166,71,50,Violin I,86040,150,String Ensemble 2 _ 4
159.63751349999998,0.28846124999998324,76,50,Violin I,86160,150,String Ensemble 2 _ 4
159.86828249999996,0.28846125000001166,80,50,Violin I,86280,150,String Ensemble 2 _ 4
160.09905149999997,0.28858474999998407,85,50,Violin I,86400,150,String Ensemble 2 _ 4
160.32982049999995,0.2892028125000081,80,50,Violin I,86520,150,String Ensemble 2 _ 4
160.56108349999997,0.28982368750001797,76,50,Violin I,86640,150,String Ensemble 2 _ 4
160.79284274999998,0.29044731249999245,73,50,Violin I,86760,150,String Ensemble 2 _ 4
161.02510049999998,0.2910734999999818,76,50,Violin I,86880,150,String Ensemble 2 _ 4
161.25785874999997,0.2917024999999853,80,50,Violin I,87000,150,String Ensemble 2 _ 4
161.49111974999997,0.29233425000001034,83,50,Violin I,87120,150,String Ensemble 2 _ 4
161.72488574999997,0.2929686250000145,80,50,Violin I,87240,150,String Ensemble 2 _ 4
161.95915874999997,0.2936059999999827,76,50,Violin I,87360,150,String Ensemble 2 _ 4
162.19394124999997,0.29424587500000143,71,50,Violin I,87480,150,String Ensemble 2 _ 4
162.42923524999998,0.2948883749999993,76,50,Violin I,87600,150,String Ensemble 2 _ 4
162.66504274999997,0.177242624999991,80,50,Violin I,87720,90,String Ensemble 2 _ 4
162.90136624999997,0.29618231250000804,85,50,Violin I,87840,150,String Ensemble 2 _ 4
163.13820799999996,0.2968335624999838,80,50,Violin I,87960,150,String Ensemble 2 _ 4
163.37557024999995,0.2974878125000089,76,50,Violin I,88080,150,String Ensemble 2 _ 4
163.61345549999996,0.2981446874999847,73,50,Violin I,88200,150,String Ensemble 2 _ 4
163.85186574999994,0.2988046874999952,76,50,Violin I,88320,150,String Ensemble 2 _ 4
164.09080349999994,0.29946774999999093,80,50,Violin I,88440,150,String Ensemble 2 _ 4
164.33027124999992,0.3001335000000154,83,50,Violin I,88560,150,String Ensemble 2 _ 4
164.57027124999993,0.3008017500000051,80,50,Violin I,88680,150,String Ensemble 2 _ 4
164.81080524999993,0.3014735625000071,76,50,Violin I,88800,150,String Ensemble 2 _ 4
165.05187624999994,0.3021482500000161,71,50,Violin I,88920,150,String Ensemble 2 _ 4
165.29348649999994,0.302826062500003,76,50,Violin I,89040,150,String Ensemble 2 _ 4
165.53563849999995,0.3035069999999962,80,50,Violin I,89160,150,String Ensemble 2 _ 4
165.77833474999994,0.304191000000003,85,50,Violin I,89280,150,String Ensemble 2 _ 4
166.02157774999995,0.30487793750000947,80,50,Violin I,89400,150,String Ensemble 2 _ 4
166.26536974999996,0.3055681875000005,76,50,Violin I,89520,150,String Ensemble 2 _ 4
166.50971349999998,0.3062612500000057,73,50,Violin I,89640,150,String Ensemble 2 _ 4
166.75461124999998,0.30695731250000335,76,50,Violin I,89760,150,String Ensemble 2 _ 4
167.00006524999998,0.30765700000000606,80,50,Violin I,89880,150,String Ensemble 2 _ 4
167.24607849999998,0.3083598125000151,85,50,Violin I,90000,150,String Ensemble 2 _ 4
167.4926535,0.309065750000002,80,50,Violin I,90120,150,String Ensemble 2 _ 4
167.73979275,0.309774874999988,76,50,Violin I,90240,150,String Ensemble 2 _ 4
167.98749875,0.31048743750000085,73,50,Violin I,90360,150,String Ensemble 2 _ 4
168.23577425,0.31134775000001014,76,50,Violin I,90480,150,String Ensemble 2 _ 4
168.484622,0.1875,80,50,Violin I,90600,90,String Ensemble 2 _ 4
171.734622,0.5625,71,50,Violin I,92160,270,String Ensemble 2 _ 4
172.234622,0.5625,68,50,Violin I,92400,270,String Ensemble 2 _ 4
172.734622,0.5625,66,50,Violin I,92640,270,String Ensemble 2 _ 4
173.234622,0.5625,64,50,Violin I,92880,270,String Ensemble 2 _ 4
173.734622,0.5625,66,50,Violin I,93120,270,String Ensemble 2 _ 4
174.234622,0.375,68,50,Violin I,93360,180,String Ensemble 2 _ 4
174.734622,0.4375,71,50,Violin I,93600,210,String Ensemble 2 _ 4
175.172122,0.125,68,50,Violin I,93810,60,String Ensemble 2 _ 4
175.234622,0.125,69,50,Violin I,93840,60,String Ensemble 2 _ 4
175.359622,0.4375,68,50,Violin I,93900,210,String Ensemble 2 _ 4
175.734622,0.5625,66,50,Violin I,94080,270,String Ensemble 2 _ 4
176.234622,0.5625,64,50,Violin I,94320,270,String Ensemble 2 _ 4
176.734622,0.3125,66,50,Violin I,94560,150,String Ensemble 2 _ 4
176.984622,0.3125,68,50,Violin I,94680,150,String Ensemble 2 _ 4
177.234622,0.3125,66,50,Violin I,94800,150,String Ensemble 2 _ 4
177.484622,0.1875,68,50,Violin I,94920,90,String Ensemble 2 _ 4
177.734622,1.59193987499998,71,50,Violin I,95040,750,String Ensemble 2 _ 4
177.734622,3.191302562499999,64,50,Violin I,95040,1470,String Ensemble 2 _ 4
179.26134449999998,1.664580062500022,70,50,Violin I,95760,750,String Ensemble 2 _ 4
180.85774275,3.340908812500004,63,50,Violin I,96480,1470,String Ensemble 2 _ 4
180.85774275,3.340908812500004,69,50,Violin I,96480,1470,String Ensemble 2 _ 4
184.13046975,0.5454545000000053,64,50,Violin I,97920,240,String Ensemble 2 _ 4
184.13046975,0.5454545000000053,68,50,Violin I,97920,240,String Ensemble 2 _ 4
190.67592375,1.704545312499988,71,50,Violin I,100800,750,String Ensemble 2 _ 4
190.67592375,3.3409088124999755,64,50,Violin I,100800,1470,String Ensemble 2 _ 4
192.31228725,1.704545312499988,70,50,Violin I,101520,750,String Ensemble 2 _ 4
193.94865074999998,3.340908812500004,63,50,Violin I,102240,1470,String Ensemble 2 _ 4
193.94865074999998,3.340908812500004,69,50,Violin I,102240,1470,String Ensemble 2 _ 4
197.22137775,0.5454545000000053,64,50,Violin I,103680,240,String Ensemble 2 _ 4
197.22137775,0.5454545000000053,68,50,Violin I,103680,240,String Ensemble 2 _ 4
200.49410475,3.340908812500004,63,50,Violin I,105120,1470,String Ensemble 2 _ 4
200.49410475,3.340908812500004,69,50,Violin I,105120,1470,String Ensemble 2 _ 4
203.76683175,0.5454545000000053,64,50,Violin I,106560,240,String Ensemble 2 _ 4
203.76683175,0.5454545000000053,68,50,Violin I,106560,240,String Ensemble 2 _ 4
205.40319524999998,1.7045453125000165,63,50,Violin I,107280,750,String Ensemble 2 _ 4
205.40319524999998,1.7045453125000165,69,50,Violin I,107280,750,String Ensemble 2 _ 4
207.03955875,0.5454545000000053,64,50,Violin I,108000,240,String Ensemble 2 _ 4
207.03955875,0.5454545000000053,68,50,Violin I,108000,240,String Ensemble 2 _ 4
208.67592224999999,1.9943180625000139,63,50,Violin I,108720,720,String Ensemble 2 _ 4
208.67592224999999,1.9943180625000139,69,50,Violin I,108720,720,String Ensemble 2 _ 4
230.8416523125,2.7976162500000044,71,45,Violin I,119520,1410,String Ensemble 2 _ 4
230.8416523125,2.7976162500000044,83,45,Violin I,119520,1410,String Ensemble 2 _ 4
233.6987923125,3.0387908749999895,73,40,Violin I,120960,1410,String Ensemble 2 _ 4
233.6987923125,3.0387908749999895,85,40,Violin I,120960,1410,String Ensemble 2 _ 4
236.80223831249998,10.20689200000001,76,40,Violin I,122400,3360,String Ensemble 2 _ 4
236.80223831249998,10.20689200000001,88,40,Violin I,122400,3360,String Ensemble 2 _ 4
10.746264,5.317161875,56,40,Violin II,7200,2850,String Ensemble 2 _ 5
10.746264,5.317161875,59,40,Violin II,7200,2850,String Ensemble 2 _ 5
16.119396,1.3992531250000013,59,40,Violin II,10080,750,String Ensemble 2 _ 5
16.119396,2.630595875000001,56,40,Violin II,10080,1410,String Ensemble 2 _ 5
17.462678999999998,1.2873128750000014,61,40,Violin II,10800,690,String Ensemble 2 _ 5
18.805961999999997,3.1343270000000025,60,45,Violin II,11520,1680,String Ensemble 2 _ 5
18.805961999999997,3.1343270000000025,63,45,Violin II,11520,1680,String Ensemble 2 _ 5
32.238792,5.317161875000004,60,40,Violin II,18720,2850,String Ensemble 2 _ 5
32.238792,5.317161875000004,63,40,Violin II,18720,2850,String Ensemble 2 _ 5
37.611923999999995,1.3992531250000013,60,40,Violin II,21600,750,String Ensemble 2 _ 5
37.611923999999995,1.3992531250000013,63,40,Violin II,21600,750,String Ensemble 2 _ 5
38.955206999999994,1.287312875000005,61,40,Violin II,22320,690,String Ensemble 2 _ 5
38.955206999999994,1.287312875000005,64,40,Violin II,22320,690,String Ensemble 2 _ 5
40.298489999999994,3.134327000000006,63,45,Violin II,23040,1680,String Ensemble 2 _ 5
40.298489999999994,3.134327000000006,66,45,Violin II,23040,1680,String Ensemble 2 _ 5
45.671622,3.134326999999999,63,40,Violin II,25920,1680,String Ensemble 2 _ 5
45.671622,3.134326999999999,66,40,Violin II,25920,1680,String Ensemble 2 _ 5
49.701471,1.2873128749999978,63,50,Violin II,28080,690,String Ensemble 2 _ 5
49.701471,1.2873128749999978,66,50,Violin II,28080,690,String Ensemble 2 _ 5
51.044754,1.2873128749999978,63,63,Violin II,28800,690,String Ensemble 2 _ 5
51.044754,1.2873128749999978,69,63,Violin II,28800,690,String Ensemble 2 _ 5
52.388037,1.484692937499986,63,76,Violin II,29520,690,String Ensemble 2 _ 5
52.388037,1.484692937499986,69,76,Violin II,29520,690,String Ensemble 2 _ 5
77.33088324999999,0.27106906250000407,87,100,Violin II,43200,150,String Ensemble 2 _ 5
77.54827449999999,0.26849599999999896,84,99,Violin II,43320,150,String Ensemble 2 _ 5
77.76298574999998,0.26903112499999793,80,97,Violin II,43440,150,String Ensemble 2 _ 5
77.97812474999998,0.2695684374999985,75,95,Violin II,43560,150,String Ensemble 2 _ 5
78.19369324999998,0.27010787499999367,80,94,Violin II,43680,150,String Ensemble 2 _ 5
78.40969299999998,0.1623243749999972,84,92,Violin II,43800,90,String Ensemble 2 _ 5
78.62612549999997,0.2711931875000033,84,90,Violin II,43920,150,String Ensemble 2 _ 5
78.84299274999998,0.27173918750000325,80,89,Violin II,44040,150,String Ensemble 2 _ 5
79.06029649999998,0.27228718749999814,75,87,Violin II,44160,150,String Ensemble 2 _ 5
79.27803824999998,0.2728374999999943,72,85,Violin II,44280,150,String Ensemble 2 _ 5
79.49621999999998,0.273389624999993,75,84,Violin II,44400,150,String Ensemble 2 _ 5
79.71484299999997,0.16429987499999754,80,82,Violin II,44520,90,String Ensemble 2 _ 5
79.93390949999997,0.2745014999999995,80,80,Violin II,44640,150,String Ensemble 2 _ 5
80.15342124999997,0.275061000000008,75,79,Violin II,44760,150,String Ensemble 2 _ 5
80.37338024999997,0.27562268750000385,72,77,Violin II,44880,150,String Ensemble 2 _ 5
80.59378824999997,0.2761865625000013,68,75,Violin II,45000,150,String Ensemble 2 _ 5
80.81464699999998,0.27675268749999304,72,74,Violin II,45120,150,String Ensemble 2 _ 5
81.03595824999998,0.16632431249999513,75,72,Violin II,45240,90,String Ensemble 2 _ 5
81.25772399999998,0.27789200000000847,75,70,Violin II,45360,150,String Ensemble 2 _ 5
81.47994599999998,0.2784649999999971,72,69,Violin II,45480,150,String Ensemble 2 _ 5
81.70262599999998,0.27904056250000053,68,67,Violin II,45600,150,String Ensemble 2 _ 5
81.92576599999998,0.27961874999999736,63,65,Violin II,45720,150,String Ensemble 2 _ 5
82.14936824999998,0.2801989999999961,68,64,Violin II,45840,150,String Ensemble 2 _ 5
82.37343424999997,0.16839899999999375,72,62,Violin II,45960,90,String Ensemble 2 _ 5
83.04843549999997,0.5090788125000074,80,63,Violin II,46320,270,String Ensemble 2 _ 5
84.41122724999997,0.5155589999999961,80,73,Violin II,47040,270,String Ensemble 2 _ 5
85.79143349999997,0.5192302500000068,76,83,Violin II,47760,270,String Ensemble 2 _ 5
87.17604749999997,0.5192302500000068,78,93,Violin II,48480,270,String Ensemble 2 _ 5
88.09912349999996,0.28846125000001166,87,100,Violin II,48960,150,String Ensemble 2 _ 5
88.32989249999997,0.28846124999999745,84,94,Violin II,49080,150,String Ensemble 2 _ 5
88.56066149999997,0.28846124999999745,80,88,Violin II,49200,150,String Ensemble 2 _ 5
88.79143049999996,0.28846125000001166,75,82,Violin II,49320,150,String Ensemble 2 _ 5
89.02219949999997,0.28846124999999745,80,76,Violin II,49440,150,String Ensemble 2 _ 5
89.25296849999997,0.23076899999999512,84,70,Violin II,49560,120,String Ensemble 2 _ 5
89.94527549999997,0.5192302500000068,85,82,Violin II,49920,270,String Ensemble 2 _ 5
90.40681349999997,0.4038457500000021,73,91,Violin II,50160,210,String Ensemble 2 _ 5
90.86835149999997,0.28846124999999745,87,100,Violin II,50400,150,String Ensemble 2 _ 5
91.09912049999997,0.28846124999999745,84,97,Violin II,50520,150,String Ensemble 2 _ 5
91.32988949999996,0.28846124999999745,80,93,Violin II,50640,150,String Ensemble 2 _ 5
91.56065849999997,0.28846124999999745,75,89,Violin II,50760,150,String Ensemble 2 _ 5
91.79142749999997,0.28846124999999745,80,85,Violin II,50880,150,String Ensemble 2 _ 5
92.02219649999996,0.23076900000000933,84,82,Violin II,51000,120,String Ensemble 2 _ 5
92.71450349999996,0.5192302500000068,85,70,Violin II,51360,270,String Ensemble 2 _ 5
93.17604149999997,0.4038457500000021,73,71,Violin II,51600,210,String Ensemble 2 _ 5
93.63757949999997,0.28846124999999745,68,72,Violin II,51840,150,String Ensemble 2 _ 5
93.86834849999997,0.28846124999999745,63,73,Violin II,51960,150,String Ensemble 2 _ 5
94.09911749999996,0.28846125000001166,60,74,Violin II,52080,150,String Ensemble 2 _ 5
94.32988649999997,0.28846124999999745,63,75,Violin II,52200,150,String Ensemble 2 _ 5
94.56065549999997,0.28846124999999745,68,75,Violin II,52320,150,String Ensemble 2 _ 5
94.79142449999996,0.173076750000007,72,76,Violin II,52440,90,String Ensemble 2 _ 5
95.02219349999997,0.28846124999999745,72,77,Violin II,52560,150,String Ensemble 2 _ 5
95.25296249999997,0.28846124999999745,68,77,Violin II,52680,150,String Ensemble 2 _ 5
95.48373149999998,0.28846124999999745,63,78,Violin II,52800,150,String Ensemble 2 _ 5
95.71450049999997,0.28846124999999745,68,79,Violin II,52920,150,String Ensemble 2 _ 5
95.94526949999997,0.28846124999999745,72,80,Violin II,53040,150,String Ensemble 2 _ 5
96.17603849999998,0.17307674999999278,75,80,Violin II,53160,90,String Ensemble 2 _ 5
96.40680749999997,0.28846124999999745,75,81,Violin II,53280,150,String Ensemble 2 _ 5
96.63757649999997,0.28846124999999745,72,82,Violin II,53400,150,String Ensemble 2 _ 5
96.86834549999998,0.28846124999999745,68,82,Violin II,53520,150,String Ensemble 2 _ 5
97.09911449999997,0.28846124999999745,72,83,Violin II,53640,150,String Ensemble 2 _ 5
97.32988349999997,0.28846124999999745,75,84,Violin II,53760,150,String Ensemble 2 _ 5
97.56065249999997,0.17307674999999278,80,85,Violin II,53880,90,String Ensemble 2 _ 5
97.79142149999997,0.28846124999999745,79,85,Violin II,54000,150,String Ensemble 2 _ 5
98.02219049999997,0.28846124999999745,76,86,Violin II,54120,150,String Ensemble 2 _ 5
98.25295949999997,0.28846124999999745,72,87,Violin II,54240,150,String Ensemble 2 _ 5
98.48372849999997,0.28846124999999745,76,87,Violin II,54360,150,String Ensemble 2 _ 5
98.71449749999996,0.28846125000001166,79,88,Violin II,54480,150,String Ensemble 2 _ 5
98.94526649999997,0.17307674999999278,84,89,Violin II,54600,90,String Ensemble 2 _ 5
99.17603549999997,0.28846124999999745,84,90,Violin II,54720,150,String Ensemble 2 _ 5
99.40680449999996,0.28846125000001166,81,89,Violin II,54840,150,String Ensemble 2 _ 5
99.63757349999997,0.28846124999999745,77,88,Violin II,54960,150,String Ensemble 2 _ 5
99.86834249999997,0.28846124999999745,72,87,Violin II,55080,150,String Ensemble 2 _ 5
100.09911149999996,0.28846125000001166,77,85,Violin II,55200,150,String Ensemble 2 _ 5
100.32988049999997,0.17307674999999278,81,84,Violin II,55320,90,String Ensemble 2 _ 5
100.56064949999997,0.28846124999999745,81,83,Violin II,55440,150,String Ensemble 2 _ 5
100.79141849999996,0.28846125000001166,77,82,Violin II,55560,150,String Ensemble 2 _ 5
101.02218749999997,0.28846124999999745,72,80,Violin II,55680,150,String Ensemble 2 _ 5
101.25295649999997,0.28846124999999745,69,79,Violin II,55800,150,String Ensemble 2 _ 5
101.48372549999996,0.28846125000001166,72,78,Violin II,55920,150,String Ensemble 2 _ 5
101.71449449999997,0.17307674999999278,77,77,Violin II,56040,90,String Ensemble 2 _ 5
101.94526349999997,0.28846124999999745,77,75,Violin II,56160,150,String Ensemble 2 _ 5
102.17603249999996,0.28846125000001166,72,74,Violin II,56280,150,String Ensemble 2 _ 5
102.40680149999997,0.28846124999999745,69,73,Violin II,56400,150,String Ensemble 2 _ 5
102.63757049999997,0.28846124999999745,65,72,Violin II,56520,150,String Ensemble 2 _ 5
102.86833949999996,0.28846125000001166,69,70,Violin II,56640,150,String Ensemble 2 _ 5
103.09910849999997,0.17307674999999278,72,69,Violin II,56760,90,String Ensemble 2 _ 5
103.32987749999997,0.28846124999999745,72,68,Violin II,56880,150,String Ensemble 2 _ 5
103.56064649999996,0.28846125000001166,69,67,Violin II,57000,150,String Ensemble 2 _ 5
103.79141549999997,0.28846124999999745,65,65,Violin II,57120,150,String Ensemble 2 _ 5
104.02218449999997,0.28846124999999745,60,64,Violin II,57240,150,String Ensemble 2 _ 5
104.25295349999996,0.28846125000001166,65,63,Violin II,57360,150,String Ensemble 2 _ 5
104.48372249999997,0.17307674999999278,69,62,Violin II,57480,90,String Ensemble 2 _ 5
105.17602949999997,0.5192302499999926,77,62,Violin II,57840,270,String Ensemble 2 _ 5
106.56064349999997,0.5192302499999926,75,70,Violin II,58560,270,String Ensemble 2 _ 5
107.94525749999997,0.5192302499999926,73,77,Violin II,59280,270,String Ensemble 2 _ 5
109.32987149999997,0.5192302499999926,75,85,Violin II,60000,270,String Ensemble 2 _ 5
110.25294749999998,0.28846124999999745,84,90,Violin II,60480,150,String Ensemble 2 _ 5
110.48371649999997,0.28846124999999745,81,85,Violin II,60600,150,String Ensemble 2 _ 5
110.71448549999997,0.28846124999999745,77,80,Violin II,60720,150,String Ensemble 2 _ 5
110.94525449999998,0.28846124999999745,72,75,Violin II,60840,150,String Ensemble 2 _ 5
111.17602349999997,0.28846124999999745,77,70,Violin II,60960,150,String Ensemble 2 _ 5
111.40679249999997,0.173076750000007,81,65,Violin II,61080,90,String Ensemble 2 _ 5
112.09909949999997,0.5192302500000068,82,70,Violin II,61440,270,String Ensemble 2 _ 5
112.56063749999997,0.4038457500000021,70,80,Violin II,61680,210,String Ensemble 2 _ 5
113.02217549999997,0.28846124999999745,84,90,Violin II,61920,150,String Ensemble 2 _ 5
113.25294449999997,0.28846124999999745,81,85,Violin II,62040,150,String Ensemble 2 _ 5
113.48371349999996,0.28846125000001166,77,80,Violin II,62160,150,String Ensemble 2 _ 5
113.71448249999997,0.28846124999999745,72,75,Violin II,62280,150,String Ensemble 2 _ 5
113.94525149999997,0.28846124999999745,77,70,Violin II,62400,150,String Ensemble 2 _ 5
114.17602049999996,0.173076750000007,81,65,Violin II,62520,90,String Ensemble 2 _ 5
114.86832749999996,0.5192302500000068,82,63,Violin II,62880,270,String Ensemble 2 _ 5
115.32986549999997,0.4038457500000021,70,66,Violin II,63120,210,String Ensemble 2 _ 5
115.79140349999997,0.28846124999999745,65,70,Violin II,63360,150,String Ensemble 2 _ 5
116.02217249999997,0.28846124999999745,60,71,Violin II,63480,150,String Ensemble 2 _ 5
116.25294149999996,0.28846125000001166,57,73,Violin II,63600,150,String Ensemble 2 _ 5
116.48371049999997,0.28846124999999745,60,75,Violin II,63720,150,String Ensemble 2 _ 5
116.71447949999997,0.28846124999999745,65,76,Violin II,63840,150,String Ensemble 2 _ 5
116.94524849999996,0.173076750000007,69,78,Violin II,63960,90,String Ensemble 2 _ 5
117.17601749999997,0.28846124999999745,69,80,Violin II,64080,150,String Ensemble 2 _ 5
117.40678649999997,0.28846124999999745,65,81,Violin II,64200,150,String Ensemble 2 _ 5
117.63755549999996,0.28846125000001166,60,83,Violin II,64320,150,String Ensemble 2 _ 5
117.86832449999997,0.28846124999999745,65,85,Violin II,64440,150,String Ensemble 2 _ 5
118.09909349999997,0.28846124999999745,69,86,Violin II,64560,150,String Ensemble 2 _ 5
118.32986249999996,0.173076750000007,72,88,Violin II,64680,90,String Ensemble 2 _ 5
118.56063149999997,0.28846124999999745,72,90,Violin II,64800,150,String Ensemble 2 _ 5
118.79140049999997,0.28846124999999745,69,91,Violin II,64920,150,String Ensemble 2 _ 5
119.02216949999996,0.28846125000001166,65,93,Violin II,65040,150,String Ensemble 2 _ 5
119.25293849999997,0.28846124999999745,69,95,Violin II,65160,150,String Ensemble 2 _ 5
119.48370749999997,0.28846124999999745,72,96,Violin II,65280,150,String Ensemble 2 _ 5
119.71447649999996,0.173076750000007,77,98,Violin II,65400,90,String Ensemble 2 _ 5
119.94524549999997,0.28846124999999745,76,100,Violin II,65520,150,String Ensemble 2 _ 5
120.17601449999997,0.28846124999999745,73,101,Violin II,65640,150,String Ensemble 2 _ 5
120.40678349999996,0.28846125000001166,69,103,Violin II,65760,150,String Ensemble 2 _ 5
120.63755249999997,0.28846124999999745,73,105,Violin II,65880,150,String Ensemble 2 _ 5
120.86832149999998,0.28846124999998324,76,106,Violin II,66000,150,String Ensemble 2 _ 5
121.09909049999996,0.173076750000007,81,108,Violin II,66120,90,String Ensemble 2 _ 5
121.32985949999997,0.28846124999999745,81,110,Violin II,66240,150,String Ensemble 2 _ 5
121.56062849999998,0.28846124999998324,78,109,Violin II,66360,150,String Ensemble 2 _ 5
121.79139749999996,0.28846125000001166,74,108,Violin II,66480,150,String Ensemble 2 _ 5
122.02216649999997,0.28846124999999745,69,107,Violin II,66600,150,String Ensemble 2 _ 5
122.25293549999998,0.28846124999998324,74,105,Violin II,66720,150,String Ensemble 2 _ 5
122.48370449999996,0.173076750000007,78,104,Violin II,66840,90,String Ensemble 2 _ 5
122.71447349999997,0.28846124999999745,81,103,Violin II,66960,150,String Ensemble 2 _ 5
122.94524249999998,0.28846124999998324,78,102,Violin II,67080,150,String Ensemble 2 _ 5
123.17601149999996,0.28846125000001166,74,100,Violin II,67200,150,String Ensemble 2 _ 5
123.40678049999997,0.28846124999999745,69,99,Violin II,67320,150,String Ensemble 2 _ 5
123.63754949999998,0.28846124999998324,74,98,Violin II,67440,150,String Ensemble 2 _ 5
123.86831849999996,0.173076750000007,78,97,Violin II,67560,90,String Ensemble 2 _ 5
124.09908749999997,0.28846125000001166,81,95,Violin II,67680,150,String Ensemble 2 _ 5
124.32985649999998,0.28846124999998324,78,94,Violin II,67800,150,String Ensemble 2 _ 5
124.56062549999997,0.28846124999999745,74,93,Violin II,67920,150,String Ensemble 2 _ 5
124.79139449999997,0.28846125000001166,69,92,Violin II,68040,150,String Ensemble 2 _ 5
125.02216349999998,0.28846124999998324,74,90,Violin II,68160,150,String Ensemble 2 _ 5
125.25293249999997,0.17307674999999278,78,89,Violin II,68280,90,String Ensemble 2 _ 5
125.48370149999997,0.28846125000001166,81,88,Violin II,68400,150,String Ensemble 2 _ 5
125.71447049999998,0.28846124999998324,78,87,Violin II,68520,150,String Ensemble 2 _ 5
125.94523949999999,0.28846124999998324,74,85,Violin II,68640,150,String Ensemble 2 _ 5
126.17600849999997,0.28846125000001166,69,84,Violin II,68760,150,String Ensemble 2 _ 5
126.40677749999998,0.28846124999998324,74,83,Violin II,68880,150,String Ensemble 2 _ 5
126.63754649999996,0.173076750000007,78,82,Violin II,69000,90,String Ensemble 2 _ 5
126.86831549999997,0.28846125000001166,81,80,Violin II,69120,150,String Ensemble 2 _ 5
127.09908449999998,0.28846124999998324,78,79,Violin II,69240,150,String Ensemble 2 _ 5
127.32985349999998,0.28846124999998324,74,78,Violin II,69360,150,String Ensemble 2 _ 5
127.56062249999997,0.28846125000001166,69,77,Violin II,69480,150,String Ensemble 2 _ 5
127.79139149999997,0.28846124999998324,74,75,Violin II,69600,150,String Ensemble 2 _ 5
128.02216049999996,0.28846125000001166,78,74,Violin II,69720,150,String Ensemble 2 _ 5
128.25292949999996,0.28846125000001166,81,73,Violin II,69840,150,String Ensemble 2 _ 5
128.48369849999997,0.28846125000001166,78,72,Violin II,69960,150,String Ensemble 2 _ 5
128.71446749999998,0.28846124999998324,74,70,Violin II,70080,150,String Ensemble 2 _ 5
128.94523649999996,0.28846125000001166,69,69,Violin II,70200,150,String Ensemble 2 _ 5
129.17600549999997,0.28846124999998324,74,68,Violin II,70320,150,String Ensemble 2 _ 5
129.40677449999995,0.28846125000001166,78,67,Violin II,70440,150,String Ensemble 2 _ 5
129.63754349999996,0.28846125000001166,81,65,Violin II,70560,150,String Ensemble 2 _ 5
129.86831249999997,0.28846125000001166,77,64,Violin II,70680,150,String Ensemble 2 _ 5
130.09908149999998,0.28846124999998324,73,63,Violin II,70800,150,String Ensemble 2 _ 5
130.32985049999996,0.28846125000001166,69,62,Violin II,70920,150,String Ensemble 2 _ 5
130.56061949999997,0.28846124999998324,73,60,Violin II,71040,150,String Ensemble 2 _ 5
130.79138849999995,0.28846125000001166,77,59,Violin II,71160,150,String Ensemble 2 _ 5
131.02215749999996,0.28846125000001166,81,58,Violin II,71280,150,String Ensemble 2 _ 5
131.25292649999997,0.28846125000001166,77,57,Violin II,71400,150,String Ensemble 2 _ 5
131.48369549999998,0.28846124999998324,73,55,Violin II,71520,150,String Ensemble 2 _ 5
131.71446449999996,0.28846125000001166,69,54,Violin II,71640,150,String Ensemble 2 _ 5
131.94523349999997,0.28846124999998324,73,53,Violin II,71760,150,String Ensemble 2 _ 5
132.17600249999995,0.173076750000007,77,52,Violin II,71880,90,String Ensemble 2 _ 5
132.86830949999998,0.4038457499999879,65,40,Violin II,72240,210,String Ensemble 2 _ 5
133.32984749999997,0.4038457499999879,69,40,Violin II,72480,210,String Ensemble 2 _ 5
134.25292349999998,0.4038457499999879,65,40,Violin II,72960,210,String Ensemble 2 _ 5
134.71446149999997,0.4038457499999879,69,40,Violin II,73200,210,String Ensemble 2 _ 5
135.63753749999998,0.4038457499999879,65,40,Violin II,73680,210,String Ensemble 2 _ 5
136.09907549999997,0.4038457499999879,69,40,Violin II,73920,210,String Ensemble 2 _ 5
137.02215149999998,0.4038457499999879,65,40,Violin II,74400,210,String Ensemble 2 _ 5
137.48368949999997,0.4038457499999879,69,40,Violin II,74640,210,String Ensemble 2 _ 5
138.40676549999998,0.4038457499999879,65,40,Violin II,75120,210,String Ensemble 2 _ 5
138.86830349999997,0.4038457499999879,69,40,Violin II,75360,210,String Ensemble 2 _ 5
139.79137949999998,0.4038457499999879,65,40,Violin II,75840,210,String Ensemble 2 _ 5
140.25291749999997,0.4038457499999879,69,40,Violin II,76080,210,String Ensemble 2 _ 5
141.17599349999998,0.4038457499999879,65,40,Violin II,76560,210,String Ensemble 2 _ 5
141.63753149999997,0.4038457499999879,69,40,Violin II,76800,210,String Ensemble 2 _ 5
143.48368349999996,2.8269202500000006,69,50,Violin II,77760,1470,String Ensemble 2 _ 5
143.48368349999996,2.8269202500000006,81,50,Violin II,77760,1470,String Ensemble 2 _ 5
146.25291149999995,2.7115357500000243,68,50,Violin II,79200,1410,String Ensemble 2 _ 5
146.25291149999995,2.7115357500000243,80,50,Violin II,79200,1410,String Ensemble 2 _ 5
149.02213949999995,0.28846125000001166,80,50,Violin II,80640,150,String Ensemble 2 _ 5
149.25290849999996,0.28846125000001166,76,50,Violin II,80760,150,String Ensemble 2 _ 5
149.48367749999997,0.28846125000001166,71,50,Violin II,80880,150,String Ensemble 2 _ 5
149.71444649999998,0.28846124999998324,68,50,Violin II,81000,150,String Ensemble 2 _ 5
149.9452155,0.28846124999998324,71,50,Violin II,81120,150,String Ensemble 2 _ 5
150.17598449999997,0.28846124999998324,76,50,Violin II,81240,150,String Ensemble 2 _ 5
150.40675349999995,0.28846125000001166,80,50,Violin II,81360,150,String Ensemble 2 _ 5
150.63752249999996,0.28846125000001166,76,50,Violin II,81480,150,String Ensemble 2 _ 5
150.86829149999997,0.28846125000001166,71,50,Violin II,81600,150,String Ensemble 2 _ 5
151.09906049999998,0.28846124999998324,68,50,Violin II,81720,150,String Ensemble 2 _ 5
151.3298295,0.28846124999998324,71,50,Violin II,81840,150,String Ensemble 2 _ 5
151.56059849999997,0.28846124999998324,76,50,Violin II,81960,150,String Ensemble 2 _ 5
151.79136749999995,0.28846125000001166,80,50,Violin II,82080,150,String Ensemble 2 _ 5
152.02213649999996,0.28846125000001166,76,50,Violin II,82200,150,String Ensemble 2 _ 5
152.25290549999997,0.28846125000001166,71,50,Violin II,82320,150,String Ensemble 2 _ 5
152.48367449999998,0.28846125000001166,68,50,Violin II,82440,150,String Ensemble 2 _ 5
152.7144435,0.28846124999998324,71,50,Violin II,82560,150,String Ensemble 2 _ 5
152.94521249999997,0.28846124999998324,76,50,Violin II,82680,150,String Ensemble 2 _ 5
153.17598149999995,0.28846125000001166,80,50,Violin II,82800,150,String Ensemble 2 _ 5
153.40675049999996,0.28846125000001166,76,50,Violin II,82920,150,String Ensemble 2 _ 5
153.63751949999997,0.28846125000001166,71,50,Violin II,83040,150,String Ensemble 2 _ 5
153.86828849999998,0.28846125000001166,68,50,Violin II,83160,150,String Ensemble 2 _ 5
154.0990575,0.28846124999998324,71,50,Violin II,83280,150,String Ensemble 2 _ 5
154.32982649999997,0.173076750000007,76,50,Violin II,83400,90,String Ensemble 2 _ 5
154.56059549999995,0.28846125000001166,80,50,Violin II,83520,150,String Ensemble 2 _ 5
154.79136449999996,0.28846125000001166,76,51,Violin II,83640,150,String Ensemble 2 _ 5
155.02213349999997,0.28846125000001166,71,53,Violin II,83760,150,String Ensemble 2 _ 5
155.25290249999998,0.28846125000001166,68,55,Violin II,83880,150,String Ensemble 2 _ 5
155.48367149999999,0.28846124999998324,71,56,Violin II,84000,150,String Ensemble 2 _ 5
155.71444049999997,0.28846124999998324,76,58,Violin II,84120,150,String Ensemble 2 _ 5
155.94520949999995,0.28846125000001166,80,60,Violin II,84240,150,String Ensemble 2 _ 5
156.17597849999996,0.28846125000001166,76,59,Violin II,84360,150,String Ensemble 2 _ 5
156.40674749999997,0.28846125000001166,73,57,Violin II,84480,150,String Ensemble 2 _ 5
156.63751649999998,0.28846125000001166,68,55,Violin II,84600,150,String Ensemble 2 _ 5
156.86828549999998,0.28846124999998324,73,54,Violin II,84720,150,String Ensemble 2 _ 5
157.09905449999997,0.173076750000007,76,52,Violin II,84840,90,String Ensemble 2 _ 5
157.32982349999997,0.28846124999998324,80,50,Violin II,84960,150,String Ensemble 2 _ 5
157.56059249999996,0.28846125000001166,76,50,Violin II,85080,150,String Ensemble 2 _ 5
157.79136149999997,0.28846125000001166,71,50,Violin II,85200,150,String Ensemble 2 _ 5
158.02213049999997,0.28846125000001166,68,50,Violin II,85320,150,String Ensemble 2 _ 5
158.25289949999998,0.28846124999998324,71,50,Violin II,85440,150,String Ensemble 2 _ 5
158.48366849999996,0.28846124999998324,76,50,Violin II,85560,150,String Ensemble 2 _ 5
158.71443749999997,0.28846124999998324,80,50,Violin II,85680,150,String Ensemble 2 _ 5
158.94520649999995,0.28846125000001166,76,50,Violin II,85800,150,String Ensemble 2 _ 5
159.17597549999996,0.28846125000001166,71,50,Violin II,85920,150,String Ensemble 2 _ 5
159.40674449999997,0.28846125000001166,68,50,Violin II,86040,150,String Ensemble 2 _ 5
159.63751349999998,0.28846124999998324,71,50,Violin II,86160,150,String Ensemble 2 _ 5
159.86828249999996,0.28846125000001166,76,50,Violin II,86280,150,String Ensemble 2 _ 5
160.09905149999997,0.28858474999998407,80,50,Violin II,86400,150,String Ensemble 2 _ 5
160.32982049999995,0.2892028125000081,76,50,Violin II,86520,150,String Ensemble 2 _ 5
160.56108349999997,0.28982368750001797,73,50,Violin II,86640,150,String Ensemble 2 _ 5
160.79284274999998,0.29044731249999245,68,50,Violin II,86760,150,String Ensemble 2 _ 5
161.02510049999998,0.2910734999999818,73,50,Violin II,86880,150,String Ensemble 2 _ 5
161.25785874999997,0.2917024999999853,76,50,Violin II,87000,150,String Ensemble 2 _ 5
161.49111974999997,0.29233425000001034,80,50,Violin II,87120,150,String Ensemble 2 _ 5
161.72488574999997,0.2929686250000145,76,50,Violin II,87240,150,String Ensemble 2 _ 5
161.95915874999997,0.2936059999999827,71,50,Violin II,87360,150,String Ensemble 2 _ 5
162.19394124999997,0.29424587500000143,68,50,Violin II,87480,150,String Ensemble 2 _ 5
162.42923524999998,0.2948883749999993,71,50,Violin II,87600,150,String Ensemble 2 _ 5
162.66504274999997,0.177242624999991,76,50,Violin II,87720,90,String Ensemble 2 _ 5
162.90136624999997,0.29618231250000804,80,50,Violin II,87840,150,String Ensemble 2 _ 5
163.13820799999996,0.2968335624999838,76,50,Violin II,87960,150,String Ensemble 2 _ 5
163.37557024999995,0.2974878125000089,73,50,Violin II,88080,150,String Ensemble 2 _ 5
163.61345549999996,0.2981446874999847,68,50,Violin II,88200,150,String Ensemble 2 _ 5
163.85186574999994,0.2988046874999952,73,50,Violin II,88320,150,String Ensemble 2 _ 5
164.09080349999994,0.29946774999999093,76,50,Violin II,88440,150,String Ensemble 2 _ 5
164.33027124999992,0.3001335000000154,80,50,Violin II,88560,150,String Ensemble 2 _ 5
164.57027124999993,0.3008017500000051,76,50,Violin II,88680,150,String Ensemble 2 _ 5
164.81080524999993,0.3014735625000071,71,50,Violin II,88800,150,String Ensemble 2 _ 5
165.05187624999994,0.3021482500000161,68,50,Violin II,88920,150,String Ensemble 2 _ 5
165.29348649999994,0.302826062500003,71,50,Violin II,89040,150,String Ensemble 2 _ 5
165.53563849999995,0.3035069999999962,76,50,Violin II,89160,150,String Ensemble 2 _ 5
165.77833474999994,0.304191000000003,80,50,Violin II,89280,150,String Ensemble 2 _ 5
166.02157774999995,0.30487793750000947,76,50,Violin II,89400,150,String Ensemble 2 _ 5
166.26536974999996,0.3055681875000005,73,50,Violin II,89520,150,String Ensemble 2 _ 5
166.50971349999998,0.3062612500000057,68,50,Violin II,89640,150,String Ensemble 2 _ 5
166.75461124999998,0.30695731250000335,73,50,Violin II,89760,150,String Ensemble 2 _ 5
167.00006524999998,0.30765700000000606,76,50,Violin II,89880,150,String Ensemble 2 _ 5
167.24607849999998,0.3083598125000151,80,50,Violin II,90000,150,String Ensemble 2 _ 5
167.4926535,0.309065750000002,76,50,Violin II,90120,150,String Ensemble 2 _ 5
167.73979275,0.309774874999988,73,50,Violin II,90240,150,String Ensemble 2 _ 5
167.98749875,0.31048743750000085,68,50,Violin II,90360,150,String Ensemble 2 _ 5
168.23577425,0.31134775000001014,73,50,Violin II,90480,150,String Ensemble 2 _ 5
168.484622,0.1875,76,50,Violin II,90600,90,String Ensemble 2 _ 5
171.734622,1.5625,59,50,Violin II,92160,750,String Ensemble 2 _ 5
173.234622,1.5625,57,50,Violin II,92880,750,String Ensemble 2 _ 5
174.734622,1.5625,59,50,Violin II,93600,750,String Ensemble 2 _ 5
176.234622,1.4375,61,50,Violin II,94320,690,String Ensemble 2 _ 5
171.734622,5.9375,64,50,Violin II,92160,2850,String Ensemble 2 _ 5
179.26134449999998,1.664580062500022,58,50,Violin II,95760,750,String Ensemble 2 _ 5
180.85774275,3.340908812500004,57,50,Violin II,96480,1470,String Ensemble 2 _ 5
184.13046975,0.5454545000000053,56,50,Violin II,97920,240,String Ensemble 2 _ 5
192.31228725,1.704545312499988,58,50,Violin II,101520,750,String Ensemble 2 _ 5
193.94865074999998,3.340908812500004,57,50,Violin II,102240,1470,String Ensemble 2 _ 5
197.22137775,0.5454545000000053,56,50,Violin II,103680,240,String Ensemble 2 _ 5
200.49410475,3.340908812500004,57,50,Violin II,105120,1470,String Ensemble 2 _ 5
203.76683175,0.5454545000000053,56,50,Violin II,106560,240,String Ensemble 2 _ 5
205.40319524999998,1.7045453125000165,57,50,Violin II,107280,750,String Ensemble 2 _ 5
207.03955875,0.5454545000000053,56,50,Violin II,108000,240,String Ensemble 2 _ 5
208.67592224999999,1.9943180625000139,57,50,Violin II,108720,720,String Ensemble 2 _ 5
219.4130923125,1.4880937499999902,59,50,Violin II,113760,750,String Ensemble 2 _ 5
220.8416623125,1.4880937499999902,61,50,Violin II,114480,750,String Ensemble 2 _ 5
222.27023231249999,1.4880937500000186,59,50,Violin II,115200,750,String Ensemble 2 _ 5
223.6988023125,1.4880937500000186,61,50,Violin II,115920,750,String Ensemble 2 _ 5
225.1273723125,0.9523800000000051,59,50,Violin II,116640,480,String Ensemble 2 _ 5
219.4130923125,6.666660000000007,64,50,Violin II,113760,3360,String Ensemble 2 _ 5
230.8416523125,2.7976162500000044,76,45,Violin II,119520,1410,String Ensemble 2 _ 5
230.8416523125,2.7976162500000044,80,45,Violin II,119520,1410,String Ensemble 2 _ 5
233.6987923125,3.0387908749999895,76,40,Violin II,120960,1410,String Ensemble 2 _ 5
233.6987923125,3.0387908749999895,80,40,Violin II,120960,1410,String Ensemble 2 _ 5
236.80223831249998,10.20689200000001,80,40,Violin II,122400,3360,String Ensemble 2 _ 5
236.80223831249998,10.20689200000001,83,40,Violin II,122400,3360,String Ensemble 2 _ 5
9.402981,0.5037311249999998,59,70,Viola,6480,270,String Ensemble 2 _ 3
9.850742,0.5037311249999998,56,70,Viola,6720,270,String Ensemble 2 _ 3
10.298503,0.5037311249999998,54,70,Viola,6960,270,String Ensemble 2 _ 3
10.746264,5.317161875,52,40,Viola,7200,2850,String Ensemble 2 _ 3
16.119396,2.630595875000001,52,40,Viola,10080,1410,String Ensemble 2 _ 3
18.805961999999997,3.1343270000000025,56,45,Viola,11520,1680,String Ensemble 2 _ 3
30.895508999999997,0.5037311250000016,63,55,Viola,18000,270,String Ensemble 2 _ 3
31.343269999999997,0.5037311250000016,60,60,Viola,18240,270,String Ensemble 2 _ 3
31.791030999999997,0.5037311250000016,58,60,Viola,18480,270,String Ensemble 2 _ 3
32.238792,5.317161875000004,56,40,Viola,18720,2850,String Ensemble 2 _ 3
37.611923999999995,2.6305958750000045,56,40,Viola,21600,1410,String Ensemble 2 _ 3
40.298489999999994,3.134327000000006,59,45,Viola,23040,1680,String Ensemble 2 _ 3
45.671622,3.134326999999999,59,40,Viola,25920,1680,String Ensemble 2 _ 3
49.701471,1.2873128749999978,59,52,Viola,28080,690,String Ensemble 2 _ 3
51.044754,1.2873128749999978,59,65,Viola,28800,690,String Ensemble 2 _ 3
52.388037,1.484692937499986,59,77,Viola,29520,690,String Ensemble 2 _ 3
54.04318443749998,0.48214237500000223,71,100,Viola,30240,270,String Ensemble 2 _ 3
54.47175543749998,0.48214237500000223,68,100,Viola,30480,270,String Ensemble 2 _ 3
54.900326437499984,0.4821423749999951,66,100,Viola,30720,270,String Ensemble 2 _ 3
55.32889743749998,0.48214237500000223,64,100,Viola,30960,270,String Ensemble 2 _ 3
55.75746843749998,0.48214237500000223,66,100,Viola,31200,270,String Ensemble 2 _ 3
56.18603943749998,0.37499962500000095,68,100,Viola,31440,210,String Ensemble 2 _ 3
56.614610437499984,0.37499962499999384,71,100,Viola,31680,210,String Ensemble 2 _ 3
56.98961006249998,0.10714275000000129,68,100,Viola,31890,60,String Ensemble 2 _ 3
57.04318143749998,0.10714275000000129,69,100,Viola,31920,60,String Ensemble 2 _ 3
57.15032418749998,0.37499962500000095,68,100,Viola,31980,210,String Ensemble 2 _ 3
57.47175243749998,0.48214237500000223,66,100,Viola,32160,270,String Ensemble 2 _ 3
57.90032343749998,0.48214237500000223,64,100,Viola,32400,270,String Ensemble 2 _ 3
58.32889443749998,0.26785687499999966,66,100,Viola,32640,150,String Ensemble 2 _ 3
58.54317993749998,0.26785687499999966,68,100,Viola,32760,150,String Ensemble 2 _ 3
58.75746543749998,0.26785687499999966,66,100,Viola,32880,150,String Ensemble 2 _ 3
58.97175093749998,0.18749981250000047,68,100,Viola,33000,105,String Ensemble 2 _ 3
59.18603643749998,0.10714275000000129,68,100,Viola,33120,60,String Ensemble 2 _ 3
59.23960781249998,0.10714274999999418,69,100,Viola,33150,60,String Ensemble 2 _ 3
59.29317918749998,0.37499962500000095,71,100,Viola,33180,210,String Ensemble 2 _ 3
59.614607437499984,0.4821423749999951,68,100,Viola,33360,270,String Ensemble 2 _ 3
60.04317843749998,0.37499962500000095,71,100,Viola,33600,210,String Ensemble 2 _ 3
60.47174943749998,0.48214237500000223,73,100,Viola,33840,270,String Ensemble 2 _ 3
60.90032043749998,0.48214237500000223,68,100,Viola,34080,270,String Ensemble 2 _ 3
61.328891437499976,0.40178531250001015,73,100,Viola,34320,225,String Ensemble 2 _ 3
61.75746243749998,0.4821423749999951,73,100,Viola,34560,270,String Ensemble 2 _ 3
62.18603343749999,0.4821423749999951,69,100,Viola,34800,270,String Ensemble 2 _ 3
62.61460443749998,0.48214237500000934,68,100,Viola,35040,270,String Ensemble 2 _ 3
63.04317543749998,0.6964278749999977,66,100,Viola,35280,390,String Ensemble 2 _ 3
64.32888843749998,0.4821423749999951,73,100,Viola,36000,270,String Ensemble 2 _ 3
64.75745943749999,0.4821423749999951,69,100,Viola,36240,270,String Ensemble 2 _ 3
65.18603043749998,0.48214237500000934,68,100,Viola,36480,270,String Ensemble 2 _ 3
65.61460143749999,0.4821423749999951,66,100,Viola,36720,270,String Ensemble 2 _ 3
66.04317243749998,0.48214237500000934,68,100,Viola,36960,270,String Ensemble 2 _ 3
66.47174343749998,0.37499962500000095,69,100,Viola,37200,210,String Ensemble 2 _ 3
66.90031443749999,0.37499962500000095,73,100,Viola,37440,210,String Ensemble 2 _ 3
67.27531406249999,0.10714274999999418,69,100,Viola,37650,60,String Ensemble 2 _ 3
67.32888543749998,0.10714275000000839,71,100,Viola,37680,60,String Ensemble 2 _ 3
67.43602818749999,0.37499962500000095,69,100,Viola,37740,210,String Ensemble 2 _ 3
67.75745643749998,0.4821423749999951,68,100,Viola,37920,270,String Ensemble 2 _ 3
68.18602743749999,0.4821423749999951,66,100,Viola,38160,270,String Ensemble 2 _ 3
68.61459843749998,0.26785687500000677,68,100,Viola,38400,150,String Ensemble 2 _ 3
68.82888393749998,0.26785687499999256,69,100,Viola,38520,150,String Ensemble 2 _ 3
69.04316943749998,0.26785687499999256,68,100,Viola,38640,150,String Ensemble 2 _ 3
69.25745493749999,0.18749981249999337,69,100,Viola,38760,105,String Ensemble 2 _ 3
69.47174043749999,0.10714274999999418,69,100,Viola,38880,60,String Ensemble 2 _ 3
69.52531181249998,0.10714275000000839,71,100,Viola,38910,60,String Ensemble 2 _ 3
69.57888318749998,0.37499962500000095,73,100,Viola,38940,210,String Ensemble 2 _ 3
69.90031143749998,0.48214237500000934,69,100,Viola,39120,270,String Ensemble 2 _ 3
70.32888243749998,0.40178531249999594,73,100,Viola,39360,225,String Ensemble 2 _ 3
70.75745343749998,0.48214237500000934,75,100,Viola,39600,270,String Ensemble 2 _ 3
71.18602443749998,0.4821423749999951,69,100,Viola,39840,270,String Ensemble 2 _ 3
71.61459543749999,0.40178531249999594,75,100,Viola,40080,225,String Ensemble 2 _ 3
72.04316643749998,0.09821418750000532,75,100,Viola,40320,55,String Ensemble 2 _ 3
72.09673781249998,0.09821418750000532,76,100,Viola,40350,55,String Ensemble 2 _ 3
72.15030918749999,0.37499962500000095,75,100,Viola,40380,210,String Ensemble 2 _ 3
72.47173743749998,0.4821423749999951,71,100,Viola,40560,270,String Ensemble 2 _ 3
72.90030843749997,0.40178531250001015,75,100,Viola,40800,225,String Ensemble 2 _ 3
73.32887943749998,0.4821423749999951,76,100,Viola,41040,270,String Ensemble 2 _ 3
73.75745043749998,0.4821423749999951,71,100,Viola,41280,270,String Ensemble 2 _ 3
74.18602143749999,0.40178531249999594,76,100,Viola,41520,225,String Ensemble 2 _ 3
74.61459243749998,0.09821418750000532,76,100,Viola,41760,55,String Ensemble 2 _ 3
74.66816381249998,0.09821418749999111,78,100,Viola,41790,55,String Ensemble 2 _ 3
74.72173518749997,0.37499962500001516,76,100,Viola,41820,210,String Ensemble 2 _ 3
75.04316343749998,0.4821423749999951,73,100,Viola,42000,270,String Ensemble 2 _ 3
75.47173443749998,0.40178531250001015,76,100,Viola,42240,225,String Ensemble 2 _ 3
75.90030543749998,0.4962962500000003,78,100,Viola,42480,270,String Ensemble 2 _ 3
76.33890943749998,0.5379803750000178,73,100,Viola,42720,270,String Ensemble 2 _ 3
76.8143898125,0.48240253124998844,78,100,Viola,42960,225,String Ensemble 2 _ 3
77.33088324999999,0.27106906250000407,84,105,Viola,43200,150,String Ensemble 2 _ 3
77.54827449999999,0.26849599999999896,80,104,Viola,43320,150,String Ensemble 2 _ 3
77.76298574999998,0.26903112499999793,75,102,Viola,43440,150,String Ensemble 2 _ 3
77.97812474999998,0.2695684374999985,72,100,Viola,43560,150,String Ensemble 2 _ 3
78.19369324999998,0.27010787499999367,75,98,Viola,43680,150,String Ensemble 2 _ 3
78.40969299999998,0.1623243749999972,80,96,Viola,43800,90,String Ensemble 2 _ 3
78.62612549999997,0.2711931875000033,80,94,Viola,43920,150,String Ensemble 2 _ 3
78.84299274999998,0.27173918750000325,75,92,Viola,44040,150,String Ensemble 2 _ 3
79.06029649999998,0.27228718749999814,72,90,Viola,44160,150,String Ensemble 2 _ 3
79.27803824999998,0.2728374999999943,68,89,Viola,44280,150,String Ensemble 2 _ 3
79.49621999999998,0.273389624999993,72,87,Viola,44400,150,String Ensemble 2 _ 3
79.71484299999997,0.16429987499999754,75,85,Viola,44520,90,String Ensemble 2 _ 3
79.93390949999997,0.2745014999999995,75,83,Viola,44640,150,String Ensemble 2 _ 3
80.15342124999997,0.275061000000008,72,81,Viola,44760,150,String Ensemble 2 _ 3
80.37338024999997,0.27562268750000385,68,79,Viola,44880,150,String Ensemble 2 _ 3
80.59378824999997,0.2761865625000013,63,77,Viola,45000,150,String Ensemble 2 _ 3
80.81464699999998,0.27675268749999304,68,75,Viola,45120,150,String Ensemble 2 _ 3
81.03595824999998,0.16632431249999513,72,74,Viola,45240,90,String Ensemble 2 _ 3
81.25772399999998,0.27789200000000847,72,72,Viola,45360,150,String Ensemble 2 _ 3
81.47994599999998,0.2784649999999971,68,70,Viola,45480,150,String Ensemble 2 _ 3
81.70262599999998,0.27904056250000053,63,68,Viola,45600,150,String Ensemble 2 _ 3
81.92576599999998,0.27961874999999736,60,66,Viola,45720,150,String Ensemble 2 _ 3
82.14936824999998,0.2801989999999961,63,64,Viola,45840,150,String Ensemble 2 _ 3
82.37343424999997,0.16839899999999375,68,62,Viola,45960,90,String Ensemble 2 _ 3
88.09912349999996,0.28846125000001166,84,90,Viola,48960,150,String Ensemble 2 _ 3
88.32989249999997,0.28846124999999745,80,86,Viola,49080,150,String Ensemble 2 _ 3
88.56066149999997,0.28846124999999745,75,82,Viola,49200,150,String Ensemble 2 _ 3
88.79143049999996,0.28846125000001166,72,78,Viola,49320,150,String Ensemble 2 _ 3
89.02219949999997,0.28846124999999745,75,74,Viola,49440,150,String Ensemble 2 _ 3
89.25296849999997,0.23076899999999512,80,70,Viola,49560,120,String Ensemble 2 _ 3
89.94527549999997,0.5192302500000068,76,78,Viola,49920,270,String Ensemble 2 _ 3
90.86835149999997,0.28846124999999745,84,90,Viola,50400,150,String Ensemble 2 _ 3
91.09912049999997,0.28846124999999745,80,88,Viola,50520,150,String Ensemble 2 _ 3
91.32988949999996,0.28846124999999745,75,85,Viola,50640,150,String Ensemble 2 _ 3
91.56065849999997,0.28846124999999745,72,83,Viola,50760,150,String Ensemble 2 _ 3
91.79142749999997,0.28846124999999745,75,80,Viola,50880,150,String Ensemble 2 _ 3
92.02219649999996,0.23076900000000933,80,78,Viola,51000,120,String Ensemble 2 _ 3
92.71450349999996,0.5192302500000068,76,70,Viola,51360,270,String Ensemble 2 _ 3
93.63757949999997,0.28846124999999745,63,74,Viola,51840,150,String Ensemble 2 _ 3
93.86834849999997,0.28846124999999745,60,75,Viola,51960,150,String Ensemble 2 _ 3
94.09911749999996,0.28846125000001166,56,76,Viola,52080,150,String Ensemble 2 _ 3
94.32988649999997,0.28846124999999745,60,77,Viola,52200,150,String Ensemble 2 _ 3
94.56065549999997,0.28846124999999745,63,78,Viola,52320,150,String Ensemble 2 _ 3
94.79142449999996,0.173076750000007,68,79,Viola,52440,90,String Ensemble 2 _ 3
95.02219349999997,0.28846124999999745,68,80,Viola,52560,150,String Ensemble 2 _ 3
95.25296249999997,0.28846124999999745,63,81,Viola,52680,150,String Ensemble 2 _ 3
95.48373149999998,0.28846124999999745,60,82,Viola,52800,150,String Ensemble 2 _ 3
95.71450049999997,0.28846124999999745,63,83,Viola,52920,150,String Ensemble 2 _ 3
95.94526949999997,0.28846124999999745,68,85,Viola,53040,150,String Ensemble 2 _ 3
96.17603849999998,0.17307674999999278,72,86,Viola,53160,90,String Ensemble 2 _ 3
96.40680749999997,0.28846124999999745,72,87,Viola,53280,150,String Ensemble 2 _ 3
96.63757649999997,0.28846124999999745,68,88,Viola,53400,150,String Ensemble 2 _ 3
96.86834549999998,0.28846124999999745,63,89,Viola,53520,150,String Ensemble 2 _ 3
97.09911449999997,0.28846124999999745,68,90,Viola,53640,150,String Ensemble 2 _ 3
97.32988349999997,0.28846124999999745,72,91,Viola,53760,150,String Ensemble 2 _ 3
97.56065249999997,0.17307674999999278,75,92,Viola,53880,90,String Ensemble 2 _ 3
97.79142149999997,0.28846124999999745,76,93,Viola,54000,150,String Ensemble 2 _ 3
98.02219049999997,0.28846124999999745,72,94,Viola,54120,150,String Ensemble 2 _ 3
98.25295949999997,0.28846124999999745,67,95,Viola,54240,150,String Ensemble 2 _ 3
98.48372849999997,0.28846124999999745,72,96,Viola,54360,150,String Ensemble 2 _ 3
98.71449749999996,0.28846125000001166,76,97,Viola,54480,150,String Ensemble 2 _ 3
98.94526649999997,0.17307674999999278,79,98,Viola,54600,90,String Ensemble 2 _ 3
99.17603549999997,0.28846124999999745,81,100,Viola,54720,150,String Ensemble 2 _ 3
99.40680449999996,0.28846125000001166,77,99,Viola,54840,150,String Ensemble 2 _ 3
99.63757349999997,0.28846124999999745,72,97,Viola,54960,150,String Ensemble 2 _ 3
99.86834249999997,0.28846124999999745,69,95,Viola,55080,150,String Ensemble 2 _ 3
100.09911149999996,0.28846125000001166,72,94,Viola,55200,150,String Ensemble 2 _ 3
100.32988049999997,0.17307674999999278,77,92,Viola,55320,90,String Ensemble 2 _ 3
100.56064949999997,0.28846124999999745,77,90,Viola,55440,150,String Ensemble 2 _ 3
100.79141849999996,0.28846125000001166,72,89,Viola,55560,150,String Ensemble 2 _ 3
101.02218749999997,0.28846124999999745,69,87,Viola,55680,150,String Ensemble 2 _ 3
101.25295649999997,0.28846124999999745,65,85,Viola,55800,150,String Ensemble 2 _ 3
101.48372549999996,0.28846125000001166,69,84,Viola,55920,150,String Ensemble 2 _ 3
101.71449449999997,0.17307674999999278,72,82,Viola,56040,90,String Ensemble 2 _ 3
101.94526349999997,0.28846124999999745,72,80,Viola,56160,150,String Ensemble 2 _ 3
102.17603249999996,0.28846125000001166,69,79,Viola,56280,150,String Ensemble 2 _ 3
102.40680149999997,0.28846124999999745,65,77,Viola,56400,150,String Ensemble 2 _ 3
102.63757049999997,0.28846124999999745,60,75,Viola,56520,150,String Ensemble 2 _ 3
102.86833949999996,0.28846125000001166,65,74,Viola,56640,150,String Ensemble 2 _ 3
103.09910849999997,0.17307674999999278,69,72,Viola,56760,90,String Ensemble 2 _ 3
103.32987749999997,0.28846124999999745,69,70,Viola,56880,150,String Ensemble 2 _ 3
103.56064649999996,0.28846125000001166,65,69,Viola,57000,150,String Ensemble 2 _ 3
103.79141549999997,0.28846124999999745,60,67,Viola,57120,150,String Ensemble 2 _ 3
104.02218449999997,0.28846124999999745,57,65,Viola,57240,150,String Ensemble 2 _ 3
104.25295349999996,0.28846125000001166,60,64,Viola,57360,150,String Ensemble 2 _ 3
104.48372249999997,0.17307674999999278,65,62,Viola,57480,90,String Ensemble 2 _ 3
110.25294749999998,0.28846124999999745,81,100,Viola,60480,150,String Ensemble 2 _ 3
110.48371649999997,0.28846124999999745,77,94,Viola,60600,150,String Ensemble 2 _ 3
110.71448549999997,0.28846124999999745,72,87,Viola,60720,150,String Ensemble 2 _ 3
110.94525449999998,0.28846124999999745,69,80,Viola,60840,150,String Ensemble 2 _ 3
111.17602349999997,0.28846124999999745,72,74,Viola,60960,150,String Ensemble 2 _ 3
111.40679249999997,0.173076750000007,77,67,Viola,61080,90,String Ensemble 2 _ 3
112.09909949999997,0.5192302500000068,73,73,Viola,61440,270,String Ensemble 2 _ 3
113.02217549999997,0.28846124999999745,81,100,Viola,61920,150,String Ensemble 2 _ 3
113.25294449999997,0.28846124999999745,77,94,Viola,62040,150,String Ensemble 2 _ 3
113.48371349999996,0.28846125000001166,72,87,Viola,62160,150,String Ensemble 2 _ 3
113.71448249999997,0.28846124999999745,69,80,Viola,62280,150,String Ensemble 2 _ 3
113.94525149999997,0.28846124999999745,72,74,Viola,62400,150,String Ensemble 2 _ 3
114.17602049999996,0.173076750000007,77,67,Viola,62520,90,String Ensemble 2 _ 3
114.86832749999996,0.5192302500000068,73,63,Viola,62880,270,String Ensemble 2 _ 3
115.79140349999997,0.28846124999999745,60,71,Viola,63360,150,String Ensemble 2 _ 3
116.02217249999997,0.28846124999999745,57,72,Viola,63480,150,String Ensemble 2 _ 3
116.25294149999996,0.28846125000001166,53,74,Viola,63600,150,String Ensemble 2 _ 3
116.48371049999997,0.28846124999999745,57,76,Viola,63720,150,String Ensemble 2 _ 3
116.71447949999997,0.28846124999999745,60,78,Viola,63840,150,String Ensemble 2 _ 3
116.94524849999996,0.173076750000007,65,80,Viola,63960,90,String Ensemble 2 _ 3
117.17601749999997,0.28846124999999745,65,82,Viola,64080,150,String Ensemble 2 _ 3
117.40678649999997,0.28846124999999745,60,83,Viola,64200,150,String Ensemble 2 _ 3
117.63755549999996,0.28846125000001166,57,85,Viola,64320,150,String Ensemble 2 _ 3
117.86832449999997,0.28846124999999745,60,87,Viola,64440,150,String Ensemble 2 _ 3
118.09909349999997,0.28846124999999745,65,89,Viola,64560,150,String Ensemble 2 _ 3
118.32986249999996,0.173076750000007,69,91,Viola,64680,90,String Ensemble 2 _ 3
118.56063149999997,0.28846124999999745,69,93,Viola,64800,150,String Ensemble 2 _ 3
118.79140049999997,0.28846124999999745,65,94,Viola,64920,150,String Ensemble 2 _ 3
119.02216949999996,0.28846125000001166,60,96,Viola,65040,150,String Ensemble 2 _ 3
119.25293849999997,0.28846124999999745,65,98,Viola,65160,150,String Ensemble 2 _ 3
119.48370749999997,0.28846124999999745,69,100,Viola,65280,150,String Ensemble 2 _ 3
119.71447649999996,0.173076750000007,72,102,Viola,65400,90,String Ensemble 2 _ 3
119.94524549999997,0.28846124999999745,73,104,Viola,65520,150,String Ensemble 2 _ 3
120.17601449999997,0.28846124999999745,69,105,Viola,65640,150,String Ensemble 2 _ 3
120.40678349999996,0.28846125000001166,64,107,Viola,65760,150,String Ensemble 2 _ 3
120.63755249999997,0.28846124999999745,69,109,Viola,65880,150,String Ensemble 2 _ 3
120.86832149999998,0.28846124999998324,73,111,Viola,66000,150,String Ensemble 2 _ 3
121.09909049999996,0.173076750000007,76,113,Viola,66120,90,String Ensemble 2 _ 3
121.32985949999997,0.28846124999999745,78,115,Viola,66240,150,String Ensemble 2 _ 3
121.56062849999998,0.28846124999998324,74,114,Viola,66360,150,String Ensemble 2 _ 3
121.79139749999996,0.28846125000001166,69,113,Viola,66480,150,String Ensemble 2 _ 3
122.02216649999997,0.28846124999999745,66,111,Viola,66600,150,String Ensemble 2 _ 3
122.25293549999998,0.28846124999998324,69,110,Viola,66720,150,String Ensemble 2 _ 3
122.48370449999996,0.173076750000007,74,109,Viola,66840,90,String Ensemble 2 _ 3
122.71447349999997,0.28846124999999745,78,107,Viola,66960,150,String Ensemble 2 _ 3
122.94524249999998,0.28846124999998324,74,106,Viola,67080,150,String Ensemble 2 _ 3
123.17601149999996,0.28846125000001166,69,105,Viola,67200,150,String Ensemble 2 _ 3
123.40678049999997,0.28846124999999745,66,103,Viola,67320,150,String Ensemble 2 _ 3
123.63754949999998,0.28846124999998324,69,102,Viola,67440,150,String Ensemble 2 _ 3
123.86831849999996,0.173076750000007,74,101,Viola,67560,90,String Ensemble 2 _ 3
124.09908749999997,0.28846125000001166,78,99,Viola,67680,150,String Ensemble 2 _ 3
124.32985649999998,0.28846124999998324,74,98,Viola,67800,150,String Ensemble 2 _ 3
124.56062549999997,0.28846124999999745,69,97,Viola,67920,150,String Ensemble 2 _ 3
124.79139449999997,0.28846125000001166,66,95,Viola,68040,150,String Ensemble 2 _ 3
125.02216349999998,0.28846124999998324,69,94,Viola,68160,150,String Ensemble 2 _ 3
125.25293249999997,0.17307674999999278,74,92,Viola,68280,90,String Ensemble 2 _ 3
125.48370149999997,0.28846125000001166,78,91,Viola,68400,150,String Ensemble 2 _ 3
125.71447049999998,0.28846124999998324,74,90,Viola,68520,150,String Ensemble 2 _ 3
125.94523949999999,0.28846124999998324,69,88,Viola,68640,150,String Ensemble 2 _ 3
126.17600849999997,0.28846125000001166,66,87,Viola,68760,150,String Ensemble 2 _ 3
126.40677749999998,0.28846124999998324,69,86,Viola,68880,150,String Ensemble 2 _ 3
126.63754649999996,0.173076750000007,74,84,Viola,69000,90,String Ensemble 2 _ 3
126.86831549999997,0.28846125000001166,78,83,Viola,69120,150,String Ensemble 2 _ 3
127.09908449999998,0.28846124999998324,74,82,Viola,69240,150,String Ensemble 2 _ 3
127.32985349999998,0.28846124999998324,69,80,Viola,69360,150,String Ensemble 2 _ 3
127.56062249999997,0.28846125000001166,66,79,Viola,69480,150,String Ensemble 2 _ 3
127.79139149999997,0.28846124999998324,69,78,Viola,69600,150,String Ensemble 2 _ 3
128.02216049999996,0.28846125000001166,74,76,Viola,69720,150,String Ensemble 2 _ 3
128.25292949999996,0.28846125000001166,78,75,Viola,69840,150,String Ensemble 2 _ 3
128.48369849999997,0.28846125000001166,74,74,Viola,69960,150,String Ensemble 2 _ 3
128.71446749999998,0.28846124999998324,69,72,Viola,70080,150,String Ensemble 2 _ 3
128.94523649999996,0.28846125000001166,66,71,Viola,70200,150,String Ensemble 2 _ 3
129.17600549999997,0.28846124999998324,69,69,Viola,70320,150,String Ensemble 2 _ 3
129.40677449999995,0.28846125000001166,74,68,Viola,70440,150,String Ensemble 2 _ 3
129.63754349999996,0.28846125000001166,77,67,Viola,70560,150,String Ensemble 2 _ 3
129.86831249999997,0.28846125000001166,73,65,Viola,70680,150,String Ensemble 2 _ 3
130.09908149999998,0.28846124999998324,69,64,Viola,70800,150,String Ensemble 2 _ 3
130.32985049999996,0.28846125000001166,65,63,Viola,70920,150,String Ensemble 2 _ 3
130.56061949999997,0.28846124999998324,69,61,Viola,71040,150,String Ensemble 2 _ 3
130.79138849999995,0.28846125000001166,73,60,Viola,71160,150,String Ensemble 2 _ 3
131.02215749999996,0.28846125000001166,77,59,Viola,71280,150,String Ensemble 2 _ 3
131.25292649999997,0.28846125000001166,73,57,Viola,71400,150,String Ensemble 2 _ 3
131.48369549999998,0.28846124999998324,69,56,Viola,71520,150,String Ensemble 2 _ 3
131.71446449999996,0.28846125000001166,65,55,Viola,71640,150,String Ensemble 2 _ 3
131.94523349999997,0.28846124999998324,69,53,Viola,71760,150,String Ensemble 2 _ 3
132.17600249999995,0.173076750000007,73,52,Viola,71880,90,String Ensemble 2 _ 3
132.86830949999998,0.4038457499999879,60,40,Viola,72240,210,String Ensemble 2 _ 3
133.32984749999997,0.4038457499999879,65,40,Viola,72480,210,String Ensemble 2 _ 3
134.25292349999998,0.4038457499999879,60,40,Viola,72960,210,String Ensemble 2 _ 3
134.71446149999997,0.4038457499999879,65,40,Viola,73200,210,String Ensemble 2 _ 3
135.63753749999998,0.4038457499999879,60,40,Viola,73680,210,String Ensemble 2 _ 3
136.09907549999997,0.4038457499999879,65,40,Viola,73920,210,String Ensemble 2 _ 3
137.02215149999998,0.4038457499999879,60,40,Viola,74400,210,String Ensemble 2 _ 3
137.48368949999997,0.4038457499999879,65,40,Viola,74640,210,String Ensemble 2 _ 3
138.40676549999998,0.4038457499999879,60,40,Viola,75120,210,String Ensemble 2 _ 3
138.86830349999997,0.4038457499999879,65,40,Viola,75360,210,String Ensemble 2 _ 3
139.79137949999998,0.4038457499999879,62,40,Viola,75840,210,String Ensemble 2 _ 3
140.25291749999997,0.4038457499999879,65,40,Viola,76080,210,String Ensemble 2 _ 3
141.17599349999998,0.4038457499999879,60,40,Viola,76560,210,String Ensemble 2 _ 3
141.63753149999997,0.4038457499999879,65,40,Viola,76800,210,String Ensemble 2 _ 3
143.48368349999996,2.8269202500000006,65,50,Viola,77760,1470,String Ensemble 2 _ 3
143.48368349999996,2.8269202500000006,77,50,Viola,77760,1470,String Ensemble 2 _ 3
146.25291149999995,2.7115357500000243,64,50,Viola,79200,1410,String Ensemble 2 _ 3
146.25291149999995,2.7115357500000243,76,50,Viola,79200,1410,String Ensemble 2 _ 3
149.02213949999995,0.28846125000001166,76,50,Viola,80640,150,String Ensemble 2 _ 3
149.25290849999996,0.28846125000001166,71,50,Viola,80760,150,String Ensemble 2 _ 3
149.48367749999997,0.28846125000001166,68,50,Viola,80880,150,String Ensemble 2 _ 3
149.71444649999998,0.28846124999998324,64,50,Viola,81000,150,String Ensemble 2 _ 3
149.9452155,0.28846124999998324,68,50,Viola,81120,150,String Ensemble 2 _ 3
150.17598449999997,0.28846124999998324,71,50,Viola,81240,150,String Ensemble 2 _ 3
150.40675349999995,0.28846125000001166,76,50,Viola,81360,150,String Ensemble 2 _ 3
150.63752249999996,0.28846125000001166,71,50,Viola,81480,150,String Ensemble 2 _ 3
150.86829149999997,0.28846125000001166,68,50,Viola,81600,150,String Ensemble 2 _ 3
151.09906049999998,0.28846124999998324,64,50,Viola,81720,150,String Ensemble 2 _ 3
151.3298295,0.28846124999998324,68,50,Viola,81840,150,String Ensemble 2 _ 3
151.56059849999997,0.28846124999998324,71,50,Viola,81960,150,String Ensemble 2 _ 3
151.79136749999995,0.28846125000001166,76,50,Viola,82080,150,String Ensemble 2 _ 3
152.02213649999996,0.28846125000001166,71,50,Viola,82200,150,String Ensemble 2 _ 3
152.25290549999997,0.28846125000001166,68,50,Viola,82320,150,String Ensemble 2 _ 3
152.48367449999998,0.28846125000001166,64,50,Viola,82440,150,String Ensemble 2 _ 3
152.7144435,0.28846124999998324,68,50,Viola,82560,150,String Ensemble 2 _ 3
152.94521249999997,0.28846124999998324,71,50,Viola,82680,150,String Ensemble 2 _ 3
153.17598149999995,0.28846125000001166,76,50,Viola,82800,150,String Ensemble 2 _ 3
153.40675049999996,0.28846125000001166,71,50,Viola,82920,150,String Ensemble 2 _ 3
153.63751949999997,0.28846125000001166,68,50,Viola,83040,150,String Ensemble 2 _ 3
153.86828849999998,0.28846125000001166,64,50,Viola,83160,150,String Ensemble 2 _ 3
154.0990575,0.28846124999998324,68,50,Viola,83280,150,String Ensemble 2 _ 3
154.32982649999997,0.173076750000007,71,50,Viola,83400,90,String Ensemble 2 _ 3
154.56059549999995,0.28846125000001166,76,50,Viola,83520,150,String Ensemble 2 _ 3
154.79136449999996,0.28846125000001166,71,51,Viola,83640,150,String Ensemble 2 _ 3
155.02213349999997,0.28846125000001166,68,53,Viola,83760,150,String Ensemble 2 _ 3
155.25290249999998,0.28846125000001166,64,55,Viola,83880,150,String Ensemble 2 _ 3
155.48367149999999,0.28846124999998324,68,56,Viola,84000,150,String Ensemble 2 _ 3
155.71444049999997,0.28846124999998324,71,58,Viola,84120,150,String Ensemble 2 _ 3
155.94520949999995,0.28846125000001166,76,60,Viola,84240,150,String Ensemble 2 _ 3
156.17597849999996,0.28846125000001166,73,59,Viola,84360,150,String Ensemble 2 _ 3
156.40674749999997,0.28846125000001166,68,57,Viola,84480,150,String Ensemble 2 _ 3
156.63751649999998,0.28846125000001166,64,55,Viola,84600,150,String Ensemble 2 _ 3
156.86828549999998,0.28846124999998324,68,54,Viola,84720,150,String Ensemble 2 _ 3
157.09905449999997,0.173076750000007,73,52,Viola,84840,90,String Ensemble 2 _ 3
157.32982349999997,0.28846124999998324,76,50,Viola,84960,150,String Ensemble 2 _ 3
157.56059249999996,0.28846125000001166,71,50,Viola,85080,150,String Ensemble 2 _ 3
157.79136149999997,0.28846125000001166,68,50,Viola,85200,150,String Ensemble 2 _ 3
158.02213049999997,0.28846125000001166,64,50,Viola,85320,150,String Ensemble 2 _ 3
158.25289949999998,0.28846124999998324,68,50,Viola,85440,150,String Ensemble 2 _ 3
158.48366849999996,0.28846124999998324,71,50,Viola,85560,150,String Ensemble 2 _ 3
158.71443749999997,0.28846124999998324,76,50,Viola,85680,150,String Ensemble 2 _ 3
158.94520649999995,0.28846125000001166,71,50,Viola,85800,150,String Ensemble 2 _ 3
159.17597549999996,0.28846125000001166,68,50,Viola,85920,150,String Ensemble 2 _ 3
159.40674449999997,0.28846125000001166,64,50,Viola,86040,150,String Ensemble 2 _ 3
159.63751349999998,0.28846124999998324,68,50,Viola,86160,150,String Ensemble 2 _ 3
159.86828249999996,0.28846125000001166,71,50,Viola,86280,150,String Ensemble 2 _ 3
160.09905149999997,0.28858474999998407,76,50,Viola,86400,150,String Ensemble 2 _ 3
160.32982049999995,0.2892028125000081,73,50,Viola,86520,150,String Ensemble 2 _ 3
160.56108349999997,0.28982368750001797,68,50,Viola,86640,150,String Ensemble 2 _ 3
160.79284274999998,0.29044731249999245,64,50,Viola,86760,150,String Ensemble 2 _ 3
161.02510049999998,0.2910734999999818,68,50,Viola,86880,150,String Ensemble 2 _ 3
161.25785874999997,0.2917024999999853,73,50,Viola,87000,150,String Ensemble 2 _ 3
161.49111974999997,0.29233425000001034,76,50,Viola,87120,150,String Ensemble 2 _ 3
161.72488574999997,0.2929686250000145,71,50,Viola,87240,150,String Ensemble 2 _ 3
161.95915874999997,0.2936059999999827,68,50,Viola,87360,150,String Ensemble 2 _ 3
162.19394124999997,0.29424587500000143,64,50,Viola,87480,150,String Ensemble 2 _ 3
162.42923524999998,0.2948883749999993,68,50,Viola,87600,150,String Ensemble 2 _ 3
162.66504274999997,0.177242624999991,71,50,Viola,87720,90,String Ensemble 2 _ 3
162.90136624999997,0.29618231250000804,76,50,Viola,87840,150,String Ensemble 2 _ 3
163.13820799999996,0.2968335624999838,73,50,Viola,87960,150,String Ensemble 2 _ 3
163.37557024999995,0.2974878125000089,68,50,Viola,88080,150,String Ensemble 2 _ 3
163.61345549999996,0.2981446874999847,64,50,Viola,88200,150,String Ensemble 2 _ 3
163.85186574999994,0.2988046874999952,68,50,Viola,88320,150,String Ensemble 2 _ 3
164.09080349999994,0.29946774999999093,73,50,Viola,88440,150,String Ensemble 2 _ 3
164.33027124999992,0.3001335000000154,76,50,Viola,88560,150,String Ensemble 2 _ 3
164.57027124999993,0.3008017500000051,71,50,Viola,88680,150,String Ensemble 2 _ 3
164.81080524999993,0.3014735625000071,68,50,Viola,88800,150,String Ensemble 2 _ 3
165.05187624999994,0.3021482500000161,64,50,Viola,88920,150,String Ensemble 2 _ 3
165.29348649999994,0.302826062500003,68,50,Viola,89040,150,String Ensemble 2 _ 3
165.53563849999995,0.3035069999999962,71,50,Viola,89160,150,String Ensemble 2 _ 3
165.77833474999994,0.304191000000003,76,50,Viola,89280,150,String Ensemble 2 _ 3
166.02157774999995,0.30487793750000947,73,50,Viola,89400,150,String Ensemble 2 _ 3
166.26536974999996,0.3055681875000005,68,50,Viola,89520,150,String Ensemble 2 _ 3
166.50971349999998,0.3062612500000057,64,50,Viola,89640,150,String Ensemble 2 _ 3
166.75461124999998,0.30695731250000335,68,50,Viola,89760,150,String Ensemble 2 _ 3
167.00006524999998,0.30765700000000606,73,50,Viola,89880,150,String Ensemble 2 _ 3
167.24607849999998,0.3083598125000151,76,50,Viola,90000,150,String Ensemble 2 _ 3
167.4926535,0.309065750000002,73,50,Viola,90120,150,String Ensemble 2 _ 3
167.73979275,0.309774874999988,68,50,Viola,90240,150,String Ensemble 2 _ 3
167.98749875,0.31048743750000085,64,50,Viola,90360,150,String Ensemble 2 _ 3
168.23577425,0.31134775000001014,68,50,Viola,90480,150,String Ensemble 2 _ 3
168.484622,0.1875,73,50,Viola,90600,90,String Ensemble 2 _ 3
171.734622,1.5625,56,50,Viola,92160,750,String Ensemble 2 _ 3
174.734622,1.5625,56,50,Viola,93600,750,String Ensemble 2 _ 3
176.234622,1.4375,57,50,Viola,94320,690,String Ensemble 2 _ 3
177.734622,6.941302250000007,59,50,Viola,95040,3120,String Ensemble 2 _ 3
190.67592375,7.090908499999983,59,50,Viola,100800,3120,String Ensemble 2 _ 3
200.49410475,3.8181815000000086,59,50,Viola,105120,1680,String Ensemble 2 _ 3
205.40319524999998,2.181818000000021,59,50,Viola,107280,960,String Ensemble 2 _ 3
208.67592224999999,1.9943180625000139,59,50,Viola,108720,720,String Ensemble 2 _ 3
219.4130923125,6.666660000000007,52,50,Viola,113760,3360,String Ensemble 2 _ 3
219.4130923125,6.666660000000007,56,50,Viola,113760,3360,String Ensemble 2 _ 3
230.8416523125,2.7976162500000044,64,45,Viola,119520,1410,String Ensemble 2 _ 3
230.8416523125,2.7976162500000044,68,45,Viola,119520,1410,String Ensemble 2 _ 3
233.6987923125,3.0387908749999895,64,40,Viola,120960,1410,String Ensemble 2 _ 3
233.6987923125,3.0387908749999895,68,40,Viola,120960,1410,String Ensemble 2 _ 3
236.80223831249998,10.20689200000001,68,40,Viola,122400,3360,String Ensemble 2 _ 3
236.80223831249998,10.20689200000001,71,40,Viola,122400,3360,String Ensemble 2 _ 3
10.746264,5.317161875,40,40,Cello,7200,2850,String Ensemble 2 _ 1
10.746264,5.317161875,47,40,Cello,7200,2850,String Ensemble 2 _ 1
16.119396,1.3992531250000013,40,40,Cello,10080,750,String Ensemble 2 _ 1
16.119396,1.3992531250000013,47,40,Cello,10080,750,String Ensemble 2 _ 1
17.462678999999998,1.2873128750000014,37,40,Cello,10800,690,String Ensemble 2 _ 1
17.462678999999998,1.2873128750000014,49,40,Cello,10800,690,String Ensemble 2 _ 1
18.805961999999997,3.1343270000000025,44,45,Cello,11520,1680,String Ensemble 2 _ 1
18.805961999999997,3.1343270000000025,51,45,Cello,11520,1680,String Ensemble 2 _ 1
32.238792,5.317161875000004,44,40,Cello,18720,2850,String Ensemble 2 _ 1
32.238792,5.317161875000004,51,40,Cello,18720,2850,String Ensemble 2 _ 1
37.611923999999995,1.3992531250000013,44,40,Cello,21600,750,String Ensemble 2 _ 1
37.611923999999995,1.3992531250000013,51,40,Cello,21600,750,String Ensemble 2 _ 1
38.955206999999994,1.287312875000005,49,40,Cello,22320,690,String Ensemble 2 _ 1
40.298489999999994,3.134327000000006,47,45,Cello,23040,1680,String Ensemble 2 _ 1
40.298489999999994,3.134327000000006,54,45,Cello,23040,1680,String Ensemble 2 _ 1
45.671622,3.134326999999999,47,40,Cello,25920,1680,String Ensemble 2 _ 1
45.671622,3.134326999999999,54,40,Cello,25920,1680,String Ensemble 2 _ 1
49.701471,1.2873128749999978,47,52,Cello,28080,690,String Ensemble 2 _ 1
49.701471,1.2873128749999978,54,52,Cello,28080,690,String Ensemble 2 _ 1
51.044754,1.2873128749999978,47,65,Cello,28800,690,String Ensemble 2 _ 1
51.044754,1.2873128749999978,57,65,Cello,28800,690,String Ensemble 2 _ 1
52.388037,1.484692937499986,47,77,Cello,29520,690,String Ensemble 2 _ 1
52.388037,1.484692937499986,57,77,Cello,29520,690,String Ensemble 2 _ 1
54.04318443749998,0.48214237500000223,59,100,Cello,30240,270,String Ensemble 2 _ 1
54.47175543749998,0.48214237500000223,56,100,Cello,30480,270,String Ensemble 2 _ 1
54.900326437499984,0.4821423749999951,54,100,Cello,30720,270,String Ensemble 2 _ 1
55.32889743749998,0.48214237500000223,52,100,Cello,30960,270,String Ensemble 2 _ 1
55.75746843749998,0.48214237500000223,54,100,Cello,31200,270,String Ensemble 2 _ 1
56.18603943749998,0.37499962500000095,56,100,Cello,31440,210,String Ensemble 2 _ 1
56.614610437499984,0.37499962499999384,59,100,Cello,31680,210,String Ensemble 2 _ 1
56.98961006249998,0.10714275000000129,56,100,Cello,31890,60,String Ensemble 2 _ 1
57.04318143749998,0.10714275000000129,57,100,Cello,31920,60,String Ensemble 2 _ 1
57.15032418749998,0.37499962500000095,56,100,Cello,31980,210,String Ensemble 2 _ 1
57.47175243749998,0.48214237500000223,54,100,Cello,32160,270,String Ensemble 2 _ 1
57.90032343749998,0.48214237500000223,52,100,Cello,32400,270,String Ensemble 2 _ 1
58.32889443749998,0.26785687499999966,54,100,Cello,32640,150,String Ensemble 2 _ 1
58.54317993749998,0.26785687499999966,56,100,Cello,32760,150,String Ensemble 2 _ 1
58.75746543749998,0.26785687499999966,54,100,Cello,32880,150,String Ensemble 2 _ 1
58.97175093749998,0.18749981250000047,56,100,Cello,33000,105,String Ensemble 2 _ 1
59.18603643749998,0.10714275000000129,56,100,Cello,33120,60,String Ensemble 2 _ 1
59.23960781249998,0.10714274999999418,57,100,Cello,33150,60,String Ensemble 2 _ 1
59.29317918749998,0.37499962500000095,59,100,Cello,33180,210,String Ensemble 2 _ 1
59.614607437499984,0.4821423749999951,56,100,Cello,33360,270,String Ensemble 2 _ 1
60.04317843749998,0.37499962500000095,59,100,Cello,33600,210,String Ensemble 2 _ 1
60.47174943749998,0.48214237500000223,61,100,Cello,33840,270,String Ensemble 2 _ 1
60.90032043749998,0.48214237500000223,56,100,Cello,34080,270,String Ensemble 2 _ 1
61.328891437499976,0.40178531250001015,61,100,Cello,34320,225,String Ensemble 2 _ 1
61.75746243749998,0.4821423749999951,61,100,Cello,34560,270,String Ensemble 2 _ 1
62.18603343749999,0.4821423749999951,57,100,Cello,34800,270,String Ensemble 2 _ 1
62.61460443749998,0.48214237500000934,56,100,Cello,35040,270,String Ensemble 2 _ 1
63.04317543749998,0.6964278749999977,54,100,Cello,35280,390,String Ensemble 2 _ 1
64.32888843749998,0.4821423749999951,61,100,Cello,36000,270,String Ensemble 2 _ 1
64.75745943749999,0.4821423749999951,57,100,Cello,36240,270,String Ensemble 2 _ 1
65.18603043749998,0.48214237500000934,56,100,Cello,36480,270,String Ensemble 2 _ 1
65.61460143749999,0.4821423749999951,54,100,Cello,36720,270,String Ensemble 2 _ 1
66.04317243749998,0.48214237500000934,56,100,Cello,36960,270,String Ensemble 2 _ 1
66.47174343749998,0.37499962500000095,57,100,Cello,37200,210,String Ensemble 2 _ 1
66.90031443749999,0.37499962500000095,61,100,Cello,37440,210,String Ensemble 2 _ 1
67.27531406249999,0.10714274999999418,57,100,Cello,37650,60,String Ensemble 2 _ 1
67.32888543749998,0.10714275000000839,59,100,Cello,37680,60,String Ensemble 2 _ 1
67.43602818749999,0.37499962500000095,57,100,Cello,37740,210,String Ensemble 2 _ 1
67.75745643749998,0.4821423749999951,56,100,Cello,37920,270,String Ensemble 2 _ 1
68.18602743749999,0.4821423749999951,54,100,Cello,38160,270,String Ensemble 2 _ 1
68.61459843749998,0.26785687500000677,56,100,Cello,38400,150,String Ensemble 2 _ 1
68.82888393749998,0.26785687499999256,57,100,Cello,38520,150,String Ensemble 2 _ 1
69.04316943749998,0.26785687499999256,56,100,Cello,38640,150,String Ensemble 2 _ 1
69.25745493749999,0.18749981249999337,57,100,Cello,38760,105,String Ensemble 2 _ 1
69.47174043749999,0.10714274999999418,57,100,Cello,38880,60,String Ensemble 2 _ 1
69.52531181249998,0.10714275000000839,59,100,Cello,38910,60,String Ensemble 2 _ 1
69.57888318749998,0.37499962500000095,61,100,Cello,38940,210,String Ensemble 2 _ 1
69.90031143749998,0.48214237500000934,57,100,Cello,39120,270,String Ensemble 2 _ 1
70.32888243749998,0.40178531249999594,61,100,Cello,39360,225,String Ensemble 2 _ 1
70.75745343749998,0.48214237500000934,63,100,Cello,39600,270,String Ensemble 2 _ 1
71.18602443749998,0.4821423749999951,57,100,Cello,39840,270,String Ensemble 2 _ 1
71.61459543749999,0.40178531249999594,63,100,Cello,40080,225,String Ensemble 2 _ 1
72.04316643749998,0.09821418750000532,63,100,Cello,40320,55,String Ensemble 2 _ 1
72.09673781249998,0.09821418750000532,64,100,Cello,40350,55,String Ensemble 2 _ 1
72.15030918749999,0.37499962500000095,63,100,Cello,40380,210,String Ensemble 2 _ 1
72.47173743749998,0.4821423749999951,59,100,Cello,40560,270,String Ensemble 2 _ 1
72.90030843749997,0.40178531250001015,63,100,Cello,40800,225,String Ensemble 2 _ 1
73.32887943749998,0.4821423749999951,64,100,Cello,41040,270,String Ensemble 2 _ 1
73.75745043749998,0.4821423749999951,59,100,Cello,41280,270,String Ensemble 2 _ 1
74.18602143749999,0.40178531249999594,64,100,Cello,41520,225,String Ensemble 2 _ 1
74.61459243749998,0.09821418750000532,64,100,Cello,41760,55,String Ensemble 2 _ 1
74.66816381249998,0.09821418749999111,66,100,Cello,41790,55,String Ensemble 2 _ 1
74.72173518749997,0.37499962500001516,64,100,Cello,41820,210,String Ensemble 2 _ 1
75.04316343749998,0.4821423749999951,61,100,Cello,42000,270,String Ensemble 2 _ 1
75.47173443749998,0.40178531250001015,64,100,Cello,42240,225,String Ensemble 2 _ 1
75.90030543749998,0.4962962500000003,66,100,Cello,42480,270,String Ensemble 2 _ 1
76.33890943749998,0.5379803750000178,61,100,Cello,42720,270,String Ensemble 2 _ 1
76.8143898125,0.48240253124998844,66,100,Cello,42960,225,String Ensemble 2 _ 1
77.33088324999999,4.8184849999999955,68,97,Cello,43200,2640,String Ensemble 2 _ 1
82.59796624999997,1.414045687500007,68,92,Cello,46080,750,String Ensemble 2 _ 1
83.95504999999997,1.4325377499999945,66,92,Cello,46800,750,String Ensemble 2 _ 1
85.32989549999996,1.4423062500000015,64,92,Cello,47520,750,String Ensemble 2 _ 1
86.71450949999996,1.326921750000011,66,92,Cello,48240,690,String Ensemble 2 _ 1
88.09912349999996,1.326921750000011,68,97,Cello,48960,690,String Ensemble 2 _ 1
89.48373749999996,0.9807682500000112,64,67,Cello,49680,510,String Ensemble 2 _ 1
90.40681349999997,0.4038457500000021,66,93,Cello,50160,210,String Ensemble 2 _ 1
90.86835149999997,1.3269217499999968,68,97,Cello,50400,690,String Ensemble 2 _ 1
92.25296549999997,0.980768249999997,64,67,Cello,51120,510,String Ensemble 2 _ 1
93.17604149999997,0.4038457500000021,66,93,Cello,51600,210,String Ensemble 2 _ 1
93.63757949999997,4.21153425,68,67,Cello,51840,2190,String Ensemble 2 _ 1
97.79142149999997,1.3269217499999968,60,83,Cello,54000,690,String Ensemble 2 _ 1
99.17603549999997,5.076917999999992,65,97,Cello,54720,2640,String Ensemble 2 _ 1
104.71449149999997,1.4423062500000015,65,57,Cello,57600,750,String Ensemble 2 _ 1
106.09910549999996,1.4423062500000015,63,67,Cello,58320,750,String Ensemble 2 _ 1
107.48371949999996,1.4423062500000015,61,77,Cello,59040,750,String Ensemble 2 _ 1
108.86833349999998,1.3269217499999968,63,87,Cello,59760,690,String Ensemble 2 _ 1
110.25294749999998,1.3269217499999968,65,97,Cello,60480,690,String Ensemble 2 _ 1
111.63756149999998,0.980768249999997,61,57,Cello,61200,510,String Ensemble 2 _ 1
112.56063749999997,0.4038457500000021,63,83,Cello,61680,210,String Ensemble 2 _ 1
113.02217549999997,1.4423062500000015,65,97,Cello,61920,750,String Ensemble 2 _ 1
114.40678949999997,0.980768249999997,61,97,Cello,62640,510,String Ensemble 2 _ 1
115.32986549999997,0.4038457500000021,63,97,Cello,63120,210,String Ensemble 2 _ 1
115.79140349999997,4.21153425,65,77,Cello,63360,2190,String Ensemble 2 _ 1
119.94524549999997,1.3269217499999968,57,87,Cello,65520,690,String Ensemble 2 _ 1
121.32985949999997,6.461532000000005,62,100,Cello,66240,3360,String Ensemble 2 _ 1
132.40677149999996,5.480763749999994,48,50,Cello,72000,2850,String Ensemble 2 _ 1
137.94522749999996,1.4423062500000015,48,50,Cello,74880,750,String Ensemble 2 _ 1
139.32984149999996,1.3269217499999968,45,50,Cello,75600,690,String Ensemble 2 _ 1
140.71445549999996,3.230766000000017,48,50,Cello,76320,1680,String Ensemble 2 _ 1
149.02213949999995,0.519230250000021,59,60,Cello,80640,270,String Ensemble 2 _ 1
149.48367749999997,0.5192302499999926,56,60,Cello,80880,270,String Ensemble 2 _ 1
149.9452155,0.5192302499999641,54,60,Cello,81120,270,String Ensemble 2 _ 1
150.40675349999995,0.519230250000021,52,60,Cello,81360,270,String Ensemble 2 _ 1
150.86829149999997,0.5192302499999926,54,60,Cello,81600,270,String Ensemble 2 _ 1
151.3298295,0.4038457499999595,56,60,Cello,81840,210,String Ensemble 2 _ 1
151.79136749999995,0.519230250000021,59,60,Cello,82080,270,String Ensemble 2 _ 1
152.25290549999997,0.519230250000021,56,60,Cello,82320,270,String Ensemble 2 _ 1
152.7144435,0.5192302499999641,54,60,Cello,82560,270,String Ensemble 2 _ 1
153.17598149999995,0.519230250000021,52,60,Cello,82800,270,String Ensemble 2 _ 1
153.63751949999997,0.28846125000001166,54,60,Cello,83040,150,String Ensemble 2 _ 1
153.86828849999998,0.28846125000001166,56,60,Cello,83160,150,String Ensemble 2 _ 1
154.0990575,0.28846124999998324,54,60,Cello,83280,150,String Ensemble 2 _ 1
154.32982649999997,0.173076750000007,56,60,Cello,83400,90,String Ensemble 2 _ 1
154.56059549999995,0.519230250000021,59,60,Cello,83520,270,String Ensemble 2 _ 1
155.02213349999997,0.519230250000021,56,65,Cello,83760,270,String Ensemble 2 _ 1
155.48367149999999,0.5192302499999641,59,70,Cello,84000,270,String Ensemble 2 _ 1
155.94520949999995,0.519230250000021,61,75,Cello,84240,270,String Ensemble 2 _ 1
156.40674749999997,0.519230250000021,56,70,Cello,84480,270,String Ensemble 2 _ 1
156.86828549999998,0.5192302499999641,61,65,Cello,84720,270,String Ensemble 2 _ 1
157.32982349999997,2.307690000000008,59,60,Cello,84960,1200,String Ensemble 2 _ 1
160.09905149999997,0.519971812499989,61,60,Cello,86400,270,String Ensemble 2 _ 1
160.56108349999997,0.5222065625000027,56,60,Cello,86640,270,String Ensemble 2 _ 1
161.02510049999998,0.5244607499999745,61,60,Cello,86880,270,String Ensemble 2 _ 1
161.49111974999997,1.351165624999993,59,60,Cello,87120,690,String Ensemble 2 _ 1
162.90136624999997,0.5336753124999802,61,60,Cello,87840,270,String Ensemble 2 _ 1
163.37557024999995,0.5360299374999897,56,60,Cello,88080,270,String Ensemble 2 _ 1
163.85186574999994,0.5384054999999819,61,60,Cello,88320,270,String Ensemble 2 _ 1
164.33027124999992,1.387389437500019,59,60,Cello,88560,690,String Ensemble 2 _ 1
165.77833474999994,2.4574395000000493,44,60,Cello,89280,1200,String Ensemble 2 _ 1
171.734622,1.5625,47,60,Cello,92160,750,String Ensemble 2 _ 1
173.234622,1.5625,49,60,Cello,92880,750,String Ensemble 2 _ 1
174.734622,1.5625,47,60,Cello,93600,750,String Ensemble 2 _ 1
176.234622,1.4375,45,60,Cello,94320,690,String Ensemble 2 _ 1
171.734622,5.9375,52,60,Cello,92160,2850,String Ensemble 2 _ 1
177.734622,1.59193987499998,44,60,Cello,95040,750,String Ensemble 2 _ 1
179.26134449999998,1.664580062500022,43,60,Cello,95760,750,String Ensemble 2 _ 1
180.85774275,3.340908812500004,42,60,Cello,96480,1470,String Ensemble 2 _ 1
184.13046975,0.5454545000000053,40,60,Cello,97920,240,String Ensemble 2 _ 1
177.734622,6.941302250000007,47,60,Cello,95040,3120,String Ensemble 2 _ 1
190.67592375,1.704545312499988,44,60,Cello,100800,750,String Ensemble 2 _ 1
192.31228725,1.704545312499988,43,60,Cello,101520,750,String Ensemble 2 _ 1
193.94865074999998,3.340908812500004,42,60,Cello,102240,1470,String Ensemble 2 _ 1
197.22137775,0.5454545000000053,40,60,Cello,103680,240,String Ensemble 2 _ 1
190.67592375,7.090908499999983,47,60,Cello,100800,3120,String Ensemble 2 _ 1
200.49410475,3.340908812500004,42,60,Cello,105120,1470,String Ensemble 2 _ 1
203.76683175,0.5454545000000053,40,60,Cello,106560,240,String Ensemble 2 _ 1
200.49410475,3.8181815000000086,47,60,Cello,105120,1680,String Ensemble 2 _ 1
205.40319524999998,1.7045453125000165,42,60,Cello,107280,750,String Ensemble 2 _ 1
207.03955875,0.5454545000000053,40,60,Cello,108000,240,String Ensemble 2 _ 1
205.40319524999998,2.181818000000021,47,60,Cello,107280,960,String Ensemble 2 _ 1
208.67592224999999,1.9943180625000139,42,60,Cello,108720,720,String Ensemble 2 _ 1
208.67592224999999,1.9943180625000139,47,60,Cello,108720,720,String Ensemble 2 _ 1
213.2416663125,0.8571420000000103,47,60,Cello,110880,480,String Ensemble 2 _ 1
215.8130923125,1.1999999999999886,47,80,Cello,112320,480,String Ensemble 2 _ 1
217.61309231250002,1.1999999999999886,47,100,Cello,113040,480,String Ensemble 2 _ 1
219.4130923125,1.4880937499999902,47,50,Cello,113760,750,String Ensemble 2 _ 1
220.8416623125,1.4880937499999902,49,50,Cello,114480,750,String Ensemble 2 _ 1
222.27023231249999,1.4880937500000186,47,50,Cello,115200,750,String Ensemble 2 _ 1
223.6988023125,1.4880937500000186,49,50,Cello,115920,750,String Ensemble 2 _ 1
219.4130923125,6.666660000000007,40,50,Cello,113760,3360,String Ensemble 2 _ 1
225.1273723125,0.9523800000000051,47,50,Cello,116640,480,String Ensemble 2 _ 1
230.8416523125,2.7976162500000044,59,45,Cello,119520,1410,String Ensemble 2 _ 1
233.6987923125,3.0387908749999895,61,40,Cello,120960,1410,String Ensemble 2 _ 1
236.80223831249998,10.20689200000001,64,40,Cello,122400,3360,String Ensemble 2 _ 1
53.87272993749998,2.6883091249999964,28,38,Contrabass,30210,1440,String Ensemble 2 _ 2
56.614610437499984,2.5714259999999953,28,38,Contrabass,31680,1440,String Ensemble 2 _ 2
59.18603643749998,1.2321416250000041,40,38,Contrabass,33120,690,String Ensemble 2 _ 2
60.47174943749998,1.232141624999997,40,38,Contrabass,33840,690,String Ensemble 2 _ 2
61.75746243749998,1.232141624999997,42,38,Contrabass,34560,690,String Ensemble 2 _ 2
63.04317543749998,0.4821423749999951,37,78,Contrabass,35280,270,String Ensemble 2 _ 2
63.471746437499974,0.48214237500000934,33,78,Contrabass,35520,270,String Ensemble 2 _ 2
63.90031743749998,0.42857100000000514,32,78,Contrabass,35760,240,String Ensemble 2 _ 2
64.32888843749998,2.5178546249999982,30,78,Contrabass,36000,1410,String Ensemble 2 _ 2
66.90031443749999,2.5178546249999982,30,38,Contrabass,37440,1410,String Ensemble 2 _ 2
69.47174043749999,1.232141624999997,42,38,Contrabass,38880,690,String Ensemble 2 _ 2
70.75745343749998,1.232141624999997,42,38,Contrabass,39600,690,String Ensemble 2 _ 2
72.04316643749998,1.2321416250000112,44,38,Contrabass,40320,690,String Ensemble 2 _ 2
73.32887943749998,1.232141624999997,44,38,Contrabass,41040,690,String Ensemble 2 _ 2
74.61459243749998,1.232141624999997,45,38,Contrabass,41760,690,String Ensemble 2 _ 2
75.90030543749998,1.362396000000004,45,38,Contrabass,42480,690,String Ensemble 2 _ 2
77.33088324999999,4.8184849999999955,44,68,Contrabass,43200,2640,String Ensemble 2 _ 2
88.09912349999996,1.3846139999999991,44,48,Contrabass,48960,720,String Ensemble 2 _ 2
90.86835149999997,1.3846139999999991,44,48,Contrabass,50400,720,String Ensemble 2 _ 2
93.63757949999997,0.9230759999999947,44,58,Contrabass,51840,480,String Ensemble 2 _ 2
97.79142149999997,1.3269217499999968,43,48,Contrabass,54000,690,String Ensemble 2 _ 2
99.17603549999997,5.076917999999992,41,68,Contrabass,54720,2640,String Ensemble 2 _ 2
110.25294749999998,1.3269217499999968,41,68,Contrabass,60480,690,String Ensemble 2 _ 2
113.02217549999997,1.4423062500000015,41,68,Contrabass,61920,750,String Ensemble 2 _ 2
115.79140349999997,0.9230759999999947,41,58,Contrabass,63360,480,String Ensemble 2 _ 2
119.94524549999997,1.3269217499999968,40,68,Contrabass,65520,690,String Ensemble 2 _ 2
121.32985949999997,6.461532000000005,38,68,Contrabass,66240,3360,String Ensemble 2 _ 2
132.40677149999996,5.480763749999994,36,38,Contrabass,72000,2850,String Ensemble 2 _ 2
137.94522749999996,1.4423062500000015,36,38,Contrabass,74880,750,String Ensemble 2 _ 2
139.32984149999996,1.3269217499999968,33,38,Contrabass,75600,690,String Ensemble 2 _ 2
140.71445549999996,3.230766000000017,36,38,Contrabass,76320,1680,String Ensemble 2 _ 2
149.02213949999995,0.9230760000000373,35,38,Contrabass,80640,480,String Ensemble 2 _ 2
151.79136749999995,0.9230760000000373,35,38,Contrabass,82080,480,String Ensemble 2 _ 2
154.56059549999995,1.4423062500000015,35,38,Contrabass,83520,750,String Ensemble 2 _ 2
155.94520949999995,1.4423062500000015,32,38,Contrabass,84240,750,String Ensemble 2 _ 2
157.32982349999997,2.307690000000008,35,38,Contrabass,84960,1200,String Ensemble 2 _ 2
160.09905149999997,1.4505097499999806,32,38,Contrabass,86400,750,String Ensemble 2 _ 2
161.49111974999997,0.9381155000000092,35,38,Contrabass,87120,480,String Ensemble 2 _ 2
162.90136624999997,1.48890499999996,32,38,Contrabass,87840,750,String Ensemble 2 _ 2
164.33027124999992,0.9632152500000188,35,38,Contrabass,88560,480,String Ensemble 2 _ 2
165.77833474999994,2.4574395000000493,32,38,Contrabass,89280,1200,String Ensemble 2 _ 2
171.734622,1.5625,35,38,Contrabass,92160,750,String Ensemble 2 _ 2
173.234622,1.5625,37,38,Contrabass,92880,750,String Ensemble 2 _ 2
174.734622,1.5625,35,38,Contrabass,93600,750,String Ensemble 2 _ 2
176.234622,1.4375,33,38,Contrabass,94320,690,String Ensemble 2 _ 2
177.734622,1.59193987499998,32,38,Contrabass,95040,750,String Ensemble 2 _ 2
179.26134449999998,1.664580062500022,31,38,Contrabass,95760,750,String Ensemble 2 _ 2
180.85774275,3.340908812500004,30,38,Contrabass,96480,1470,String Ensemble 2 _ 2
184.13046975,0.5454545000000053,28,38,Contrabass,97920,240,String Ensemble 2 _ 2
190.67592375,1.704545312499988,32,38,Contrabass,100800,750,String Ensemble 2 _ 2
192.31228725,1.704545312499988,31,38,Contrabass,101520,750,String Ensemble 2 _ 2
193.94865074999998,3.340908812500004,30,38,Contrabass,102240,1470,String Ensemble 2 _ 2
197.22137775,0.5454545000000053,28,38,Contrabass,103680,240,String Ensemble 2 _ 2
200.49410475,3.340908812500004,30,38,Contrabass,105120,1470,String Ensemble 2 _ 2
203.76683175,0.5454545000000053,28,38,Contrabass,106560,240,String Ensemble 2 _ 2
205.40319524999998,1.7045453125000165,30,38,Contrabass,107280,750,String Ensemble 2 _ 2
207.03955875,0.5454545000000053,28,38,Contrabass,108000,240,String Ensemble 2 _ 2
208.67592224999999,1.9943180625000139,30,38,Contrabass,108720,720,String Ensemble 2 _ 2
213.2416663125,0.8571420000000103,35,38,Contrabass,110880,480,String Ensemble 2 _ 2
215.8130923125,1.1999999999999886,35,58,Contrabass,112320,480,String Ensemble 2 _ 2
217.61309231250002,1.1999999999999886,35,78,Contrabass,113040,480,String Ensemble 2 _ 2
219.4130923125,1.4285700000000077,28,38,Contrabass,113760,720,String Ensemble 2 _ 2
236.80223831249998,10.20689200000001,28,38,Contrabass,122400,3360,String Ensemble 2 _ 2
