time_start_sec,duration_sec,pitch,velocity,track,time_start_tick,duration_tick,instrument
0.32966999999999996,0.037774687500000015,63,127,Strings,480,55,Lead 3 (calliope) _ 1
0.32966999999999996,0.037774687500000015,67,127,Strings,480,55,Lead 3 (calliope) _ 1
0.32966999999999996,0.04601643750000001,58,127,Strings,480,67,Lead 3 (calliope) _ 1
0.6593399999999999,0.05494500000000002,63,127,Strings,960,80,Lead 3 (calliope) _ 1
0.6593399999999999,0.05494500000000002,67,127,Strings,960,80,Lead 3 (calliope) _ 1
0.6593399999999999,0.05494500000000002,58,127,Strings,960,80,Lead 3 (calliope) _ 1
1.3186799999999999,0.052884562500000065,63,127,Strings,1920,77,Lead 3 (calliope) _ 1
1.3186799999999999,0.052884562500000065,67,127,Strings,1920,77,Lead 3 (calliope) _ 1
1.3186799999999999,0.052884562500000065,58,127,Strings,1920,77,Lead 3 (calliope) _ 1
1.6483499999999998,0.04601643750000006,63,127,Strings,2400,67,Lead 3 (calliope) _ 1
1.6483499999999998,0.04601643750000006,67,127,Strings,2400,67,Lead 3 (calliope) _ 1
1.6483499999999998,0.04601643750000006,58,127,Strings,2400,67,Lead 3 (calliope) _ 1
2.3076899999999996,0.05975268750000007,67,127,Strings,3360,87,Lead 3 (calliope) _ 1
2.3076899999999996,0.06868125000000003,58,127,Strings,3360,100,Lead 3 (calliope) _ 1
2.3076899999999996,0.06868125000000003,63,127,Strings,3360,100,Lead 3 (calliope) _ 1
2.6373599999999997,0.061813125000000024,63,127,Strings,3840,90,Lead 3 (calliope) _ 1
2.6373599999999997,0.06868125000000003,58,127,Strings,3840,100,Lead 3 (calliope) _ 1
2.6373599999999997,0.06868125000000003,67,127,Strings,3840,100,Lead 3 (calliope) _ 1
3.2966999999999995,0.061813125000000024,67,127,Strings,4800,90,Lead 3 (calliope) _ 1
3.2966999999999995,0.061813125000000024,63,127,Strings,4800,90,Lead 3 (calliope) _ 1
3.2966999999999995,0.061813125000000024,58,127,Strings,4800,90,Lead 3 (calliope) _ 1
3.6263699999999996,0.052884562500000065,67,127,Strings,5280,77,Lead 3 (calliope) _ 1
3.6263699999999996,0.052884562500000065,58,127,Strings,5280,77,Lead 3 (calliope) _ 1
3.6263699999999996,0.052884562500000065,63,127,Strings,5280,77,Lead 3 (calliope) _ 1
4.28571,0.06868125000000003,67,127,Strings,6240,100,Lead 3 (calliope) _ 1
4.28571,0.06868125000000003,63,127,Strings,6240,100,Lead 3 (calliope) _ 1
4.28571,0.08379112499999941,58,127,Strings,6240,122,Lead 3 (calliope) _ 1
4.615379999999999,0.07554937500000047,67,127,Strings,6720,110,Lead 3 (calliope) _ 1
4.615379999999999,0.0837911250000003,63,127,Strings,6720,122,Lead 3 (calliope) _ 1
4.615379999999999,0.0837911250000003,58,127,Strings,6720,122,Lead 3 (calliope) _ 1
5.274719999999999,0.052884562500000065,62,127,Strings,7680,77,Lead 3 (calliope) _ 1
5.274719999999999,0.052884562500000065,65,127,Strings,7680,77,Lead 3 (calliope) _ 1
5.274719999999999,0.06868125000000003,59,127,Strings,7680,100,Lead 3 (calliope) _ 1
5.6043899999999995,0.06868125000000003,62,127,Strings,8160,100,Lead 3 (calliope) _ 1
5.6043899999999995,0.06868125000000003,59,127,Strings,8160,100,Lead 3 (calliope) _ 1
5.6043899999999995,0.08379112499999941,65,127,Strings,8160,122,Lead 3 (calliope) _ 1
6.263729999999999,0.06181312500000047,58,127,Strings,9120,90,Lead 3 (calliope) _ 1
6.263729999999999,0.07692300000000074,67,127,Strings,9120,112,Lead 3 (calliope) _ 1
6.263729999999999,0.07692300000000074,63,127,Strings,9120,112,Lead 3 (calliope) _ 1
6.593399999999999,0.06868125000000003,63,127,Strings,9600,100,Lead 3 (calliope) _ 1
6.593399999999999,0.06868125000000003,58,127,Strings,9600,100,Lead 3 (calliope) _ 1
6.593399999999999,0.06868125000000003,67,127,Strings,9600,100,Lead 3 (calliope) _ 1
7.252739999999999,0.06181312499999958,63,127,Strings,10560,90,Lead 3 (calliope) _ 1
7.252739999999999,0.06181312499999958,58,127,Strings,10560,90,Lead 3 (calliope) _ 1
7.252739999999999,0.06181312499999958,67,127,Strings,10560,90,Lead 3 (calliope) _ 1
7.582409999999999,0.04464281249999935,58,125,Strings,11040,65,Lead 3 (calliope) _ 1
7.582409999999999,0.059752687499999624,63,127,Strings,11040,87,Lead 3 (calliope) _ 1
7.582409999999999,0.06868125000000003,67,127,Strings,11040,100,Lead 3 (calliope) _ 1
8.24175,0.06181312499999869,63,127,Strings,12000,90,Lead 3 (calliope) _ 1
8.24175,0.06181312499999869,58,127,Strings,12000,90,Lead 3 (calliope) _ 1
8.24175,0.07692299999999896,67,127,Strings,12000,112,Lead 3 (calliope) _ 1
8.57142,0.059752687499999624,63,127,Strings,12480,87,Lead 3 (calliope) _ 1
8.57142,0.07554937499999959,58,127,Strings,12480,110,Lead 3 (calliope) _ 1
8.57142,0.07554937499999959,67,127,Strings,12480,110,Lead 3 (calliope) _ 1
7.91208,0.7383234375000001,51,127,Strings,11520,1075,Lead 3 (calliope) _ 1
9.230759999999998,0.05288456250000095,62,127,Strings,13440,77,Lead 3 (calliope) _ 1
9.230759999999998,0.06868125000000092,59,127,Strings,13440,100,Lead 3 (calliope) _ 1
9.230759999999998,0.06868125000000092,65,127,Strings,13440,100,Lead 3 (calliope) _ 1
9.560429999999998,0.05288456250000095,62,127,Strings,13920,77,Lead 3 (calliope) _ 1
9.560429999999998,0.06868125000000092,59,127,Strings,13920,100,Lead 3 (calliope) _ 1
9.560429999999998,0.07692300000000074,65,127,Strings,13920,112,Lead 3 (calliope) _ 1
8.901089999999998,0.8152464375000008,50,127,Strings,12960,1187,Lead 3 (calliope) _ 1
10.219769999999999,0.06181312500000047,58,127,Strings,14880,90,Lead 3 (calliope) _ 1
10.219769999999999,0.0700548750000003,67,127,Strings,14880,102,Lead 3 (calliope) _ 1
10.219769999999999,0.0700548750000003,63,127,Strings,14880,102,Lead 3 (calliope) _ 1
10.549439999999999,0.0700548750000003,58,127,Strings,15360,102,Lead 3 (calliope) _ 1
10.549439999999999,0.07692300000000074,67,127,Strings,15360,112,Lead 3 (calliope) _ 1
10.549439999999999,0.07692300000000074,63,127,Strings,15360,112,Lead 3 (calliope) _ 1
9.890099999999999,0.7760981250000007,51,127,Strings,14400,1130,Lead 3 (calliope) _ 1
11.208779999999999,0.030906562500000234,67,118,Strings,16320,45,Lead 3 (calliope) _ 1
11.208779999999999,0.03914831250000006,63,127,Strings,16320,57,Lead 3 (calliope) _ 1
11.208779999999999,0.04601643750000051,58,127,Strings,16320,67,Lead 3 (calliope) _ 1
11.53845,0.06868124999999914,63,127,Strings,16800,100,Lead 3 (calliope) _ 1
11.53845,0.06868124999999914,58,127,Strings,16800,100,Lead 3 (calliope) _ 1
11.53845,0.0700548750000003,67,127,Strings,16800,102,Lead 3 (calliope) _ 1
12.19779,0.04601643749999873,62,127,Strings,17760,67,Lead 3 (calliope) _ 1
12.19779,0.05494500000000002,58,127,Strings,17760,80,Lead 3 (calliope) _ 1
12.19779,0.05494500000000002,65,127,Strings,17760,80,Lead 3 (calliope) _ 1
12.527459999999998,0.06181312500000047,65,127,Strings,18240,90,Lead 3 (calliope) _ 1
12.527459999999998,0.06181312500000047,58,127,Strings,18240,90,Lead 3 (calliope) _ 1
12.527459999999998,0.06181312500000047,62,127,Strings,18240,90,Lead 3 (calliope) _ 1
13.186799999999998,0.05494500000000002,65,127,Strings,19200,80,Lead 3 (calliope) _ 1
13.186799999999998,0.05494500000000002,61,127,Strings,19200,80,Lead 3 (calliope) _ 1
13.186799999999998,0.05494500000000002,58,127,Strings,19200,80,Lead 3 (calliope) _ 1
13.516469999999998,0.05494500000000002,65,127,Strings,19680,80,Lead 3 (calliope) _ 1
13.516469999999998,0.05494500000000002,61,127,Strings,19680,80,Lead 3 (calliope) _ 1
13.516469999999998,0.05494500000000002,58,127,Strings,19680,80,Lead 3 (calliope) _ 1
12.857129999999998,0.8997243749999999,49,127,Strings,18720,1310,Lead 3 (calliope) _ 1
14.175809999999998,0.0700548750000003,60,127,Strings,20640,102,Lead 3 (calliope) _ 1
14.175809999999998,0.07692300000000074,65,127,Strings,20640,112,Lead 3 (calliope) _ 1
14.175809999999998,0.07692300000000074,68,124,Strings,20640,112,Lead 3 (calliope) _ 1
14.505479999999999,0.06868124999999914,60,127,Strings,21120,100,Lead 3 (calliope) _ 1
14.505479999999999,0.07692299999999896,68,127,Strings,21120,112,Lead 3 (calliope) _ 1
14.505479999999999,0.07692299999999896,65,127,Strings,21120,112,Lead 3 (calliope) _ 1
15.164819999999999,0.05288456249999918,60,127,Strings,22080,77,Lead 3 (calliope) _ 1
15.164819999999999,0.06181312499999869,68,108,Strings,22080,90,Lead 3 (calliope) _ 1
15.164819999999999,0.0700548750000003,65,127,Strings,22080,102,Lead 3 (calliope) _ 1
15.494489999999999,0.06181312499999869,68,121,Strings,22560,90,Lead 3 (calliope) _ 1
15.494489999999999,0.06181312499999869,60,127,Strings,22560,90,Lead 3 (calliope) _ 1
15.494489999999999,0.06181312499999869,65,127,Strings,22560,90,Lead 3 (calliope) _ 1
16.15383,0.05975268749999785,60,127,Strings,23520,87,Lead 3 (calliope) _ 1
16.15383,0.06868124999999736,65,127,Strings,23520,100,Lead 3 (calliope) _ 1
16.15383,0.07554937499999781,68,113,Strings,23520,110,Lead 3 (calliope) _ 1
16.4835,0.06181312500000047,60,127,Strings,24000,90,Lead 3 (calliope) _ 1
16.4835,0.06868124999999736,65,127,Strings,24000,100,Lead 3 (calliope) _ 1
16.4835,0.07692299999999719,68,126,Strings,24000,112,Lead 3 (calliope) _ 1
16.81317,0.22321406249999853,60,127,Strings,24480,325,Lead 3 (calliope) _ 1
16.81317,0.2383239374999988,56,127,Strings,24480,347,Lead 3 (calliope) _ 1
17.14284,0.05975268749999785,60,127,Strings,24960,87,Lead 3 (calliope) _ 1
17.14284,0.06868124999999736,68,115,Strings,24960,100,Lead 3 (calliope) _ 1
17.14284,0.07554937499999781,65,127,Strings,24960,110,Lead 3 (calliope) _ 1
17.47251,0.03777468749999713,68,95,Strings,25440,55,Lead 3 (calliope) _ 1
17.47251,0.05494500000000002,65,127,Strings,25440,80,Lead 3 (calliope) _ 1
17.47251,0.061813124999996916,60,127,Strings,25440,90,Lead 3 (calliope) _ 1
17.802179999999996,0.37774687500000326,58,126,Strings,25920,550,Lead 3 (calliope) _ 1
18.131849999999996,0.05288456250000095,67,127,Strings,26400,77,Lead 3 (calliope) _ 1
17.802179999999996,0.38461500000000015,62,127,Strings,25920,560,Lead 3 (calliope) _ 1
18.461519999999997,0.04601643750000051,62,127,Strings,26880,67,Lead 3 (calliope) _ 1
18.461519999999997,0.05494500000000002,58,122,Strings,26880,80,Lead 3 (calliope) _ 1
18.791189999999997,0.2541206250000023,56,114,Strings,27360,370,Lead 3 (calliope) _ 1
18.791189999999997,0.2541206250000023,62,127,Strings,27360,370,Lead 3 (calliope) _ 1
18.791189999999997,0.2541206250000023,65,116,Strings,27360,370,Lead 3 (calliope) _ 1
20.109869999999997,0.04601643750000051,63,127,Strings,29280,67,Lead 3 (calliope) _ 1
20.109869999999997,0.05288456250000095,58,127,Strings,29280,77,Lead 3 (calliope) _ 1
20.109869999999997,0.05494500000000002,67,116,Strings,29280,80,Lead 3 (calliope) _ 1
20.439539999999997,0.05288456250000095,63,127,Strings,29760,77,Lead 3 (calliope) _ 1
20.439539999999997,0.05288456250000095,67,127,Strings,29760,77,Lead 3 (calliope) _ 1
20.439539999999997,0.05288456250000095,58,127,Strings,29760,77,Lead 3 (calliope) _ 1
19.780199999999997,0.8770595625000013,51,127,Strings,28800,1277,Lead 3 (calliope) _ 1
21.098879999999998,0.04601643750000051,62,127,Strings,30720,67,Lead 3 (calliope) _ 1
21.098879999999998,0.06181312500000047,68,127,Strings,30720,90,Lead 3 (calliope) _ 1
21.098879999999998,0.06868125000000092,65,127,Strings,30720,100,Lead 3 (calliope) _ 1
21.428549999999998,0.06868125000000092,68,115,Strings,31200,100,Lead 3 (calliope) _ 1
21.428549999999998,0.06868125000000092,62,127,Strings,31200,100,Lead 3 (calliope) _ 1
21.428549999999998,0.06868125000000092,65,127,Strings,31200,100,Lead 3 (calliope) _ 1
20.769209999999998,0.8770595625000013,50,127,Strings,30240,1277,Lead 3 (calliope) _ 1
22.087889999999998,0.05494500000000002,63,127,Strings,32160,80,Lead 3 (calliope) _ 1
22.087889999999998,0.05494500000000002,58,127,Strings,32160,80,Lead 3 (calliope) _ 1
22.087889999999998,0.0700548750000003,67,127,Strings,32160,102,Lead 3 (calliope) _ 1
22.417559999999998,0.05975268749999785,58,127,Strings,32640,87,Lead 3 (calliope) _ 1
22.417559999999998,0.06868125000000092,63,127,Strings,32640,100,Lead 3 (calliope) _ 1
22.417559999999998,0.08379112499999763,67,127,Strings,32640,122,Lead 3 (calliope) _ 1
21.758219999999998,0.7623618749999999,51,127,Strings,31680,1110,Lead 3 (calliope) _ 1
23.0769,0.0528845624999974,63,127,Strings,33600,77,Lead 3 (calliope) _ 1
23.0769,0.0528845624999974,58,127,Strings,33600,77,Lead 3 (calliope) _ 1
23.0769,0.07692300000000074,67,126,Strings,33600,112,Lead 3 (calliope) _ 1
23.40657,0.0528845624999974,63,127,Strings,34080,77,Lead 3 (calliope) _ 1
23.40657,0.0528845624999974,58,127,Strings,34080,77,Lead 3 (calliope) _ 1
23.40657,0.07554937499999781,67,127,Strings,34080,110,Lead 3 (calliope) _ 1
24.06591,0.0528845624999974,63,127,Strings,35040,77,Lead 3 (calliope) _ 1
24.06591,0.0528845624999974,58,126,Strings,35040,77,Lead 3 (calliope) _ 1
24.06591,0.06868124999999736,67,127,Strings,35040,100,Lead 3 (calliope) _ 1
24.39558,0.061813124999996916,58,124,Strings,35520,90,Lead 3 (calliope) _ 1
24.39558,0.061813124999996916,67,127,Strings,35520,90,Lead 3 (calliope) _ 1
24.39558,0.08379112499999763,63,127,Strings,35520,122,Lead 3 (calliope) _ 1
23.73624,0.8619496874999975,51,127,Strings,34560,1255,Lead 3 (calliope) _ 1
25.054919999999996,0.04601643750000051,59,125,Strings,36480,67,Lead 3 (calliope) _ 1
25.054919999999996,0.04601643750000051,62,127,Strings,36480,67,Lead 3 (calliope) _ 1
25.054919999999996,0.06181312500000047,65,127,Strings,36480,90,Lead 3 (calliope) _ 1
25.384589999999996,0.05494500000000002,62,127,Strings,36960,80,Lead 3 (calliope) _ 1
25.384589999999996,0.06181312500000047,59,127,Strings,36960,90,Lead 3 (calliope) _ 1
25.384589999999996,0.07692300000000074,65,127,Strings,36960,112,Lead 3 (calliope) _ 1
24.725249999999996,0.8241750000000003,50,127,Strings,36000,1200,Lead 3 (calliope) _ 1
26.043929999999996,0.05494500000000002,63,127,Strings,37920,80,Lead 3 (calliope) _ 1
26.043929999999996,0.05494500000000002,58,127,Strings,37920,80,Lead 3 (calliope) _ 1
26.043929999999996,0.0700548750000003,67,127,Strings,37920,102,Lead 3 (calliope) _ 1
26.373599999999996,0.06181312500000047,58,127,Strings,38400,90,Lead 3 (calliope) _ 1
26.373599999999996,0.0700548750000003,67,127,Strings,38400,102,Lead 3 (calliope) _ 1
26.373599999999996,0.0700548750000003,63,127,Strings,38400,102,Lead 3 (calliope) _ 1
25.714259999999996,0.9546693750000017,51,127,Strings,37440,1390,Lead 3 (calliope) _ 1
27.032939999999996,0.06181312500000047,61,127,Strings,39360,90,Lead 3 (calliope) _ 1
27.032939999999996,0.06181312500000047,58,127,Strings,39360,90,Lead 3 (calliope) _ 1
27.032939999999996,0.07692300000000074,65,127,Strings,39360,112,Lead 3 (calliope) _ 1
27.362609999999997,0.05288456250000095,58,127,Strings,39840,77,Lead 3 (calliope) _ 1
27.362609999999997,0.05288456250000095,61,127,Strings,39840,77,Lead 3 (calliope) _ 1
27.362609999999997,0.06868125000000092,65,127,Strings,39840,100,Lead 3 (calliope) _ 1
28.021949999999997,0.06181312500000047,62,127,Strings,40800,90,Lead 3 (calliope) _ 1
28.021949999999997,0.06868125000000092,58,127,Strings,40800,100,Lead 3 (calliope) _ 1
28.021949999999997,0.08379112500000119,67,127,Strings,40800,122,Lead 3 (calliope) _ 1
28.351619999999997,0.04601643750000051,62,127,Strings,41280,67,Lead 3 (calliope) _ 1
28.351619999999997,0.05494500000000002,58,127,Strings,41280,80,Lead 3 (calliope) _ 1
28.351619999999997,0.06181312500000047,67,107,Strings,41280,90,Lead 3 (calliope) _ 1
29.010959999999997,0.06868125000000092,62,127,Strings,42240,100,Lead 3 (calliope) _ 1
29.010959999999997,0.06868125000000092,66,127,Strings,42240,100,Lead 3 (calliope) _ 1
29.010959999999997,0.06868125000000092,60,127,Strings,42240,100,Lead 3 (calliope) _ 1
29.340629999999997,0.06181312500000047,60,127,Strings,42720,90,Lead 3 (calliope) _ 1
29.340629999999997,0.06181312500000047,62,127,Strings,42720,90,Lead 3 (calliope) _ 1
29.340629999999997,0.06181312500000047,66,127,Strings,42720,90,Lead 3 (calliope) _ 1
28.681289999999997,0.8530211249999979,50,127,Strings,41760,1242,Lead 3 (calliope) _ 1
29.999969999999998,0.04601643750000051,62,127,Strings,43680,67,Lead 3 (calliope) _ 1
29.999969999999998,0.0528845624999974,67,127,Strings,43680,77,Lead 3 (calliope) _ 1
29.999969999999998,0.06868124999999736,58,127,Strings,43680,100,Lead 3 (calliope) _ 1
30.329639999999998,0.04601643750000051,62,127,Strings,44160,67,Lead 3 (calliope) _ 1
30.329639999999998,0.06181312500000047,67,127,Strings,44160,90,Lead 3 (calliope) _ 1
30.329639999999998,0.06181312500000047,58,127,Strings,44160,90,Lead 3 (calliope) _ 1
30.988979999999998,0.046016437499996954,62,127,Strings,45120,67,Lead 3 (calliope) _ 1
30.988979999999998,0.046016437499996954,60,127,Strings,45120,67,Lead 3 (calliope) _ 1
30.988979999999998,0.061813124999996916,66,127,Strings,45120,90,Lead 3 (calliope) _ 1
31.318649999999998,0.061813124999996916,60,127,Strings,45600,90,Lead 3 (calliope) _ 1
31.318649999999998,0.061813124999996916,62,127,Strings,45600,90,Lead 3 (calliope) _ 1
31.318649999999998,0.061813124999996916,66,127,Strings,45600,90,Lead 3 (calliope) _ 1
30.659309999999998,0.8756859374999983,50,127,Strings,44640,1275,Lead 3 (calliope) _ 1
31.64832,0.10645593749999804,58,124,Strings,46080,155,Lead 3 (calliope) _ 1
31.64832,0.10645593749999804,62,127,Strings,46080,155,Lead 3 (calliope) _ 1
31.64832,0.12156581249999832,67,127,Strings,46080,177,Lead 3 (calliope) _ 1
31.977989999999995,0.0700548750000003,58,127,Strings,46560,102,Lead 3 (calliope) _ 1
31.977989999999995,0.08585156250000026,62,127,Strings,46560,125,Lead 3 (calliope) _ 1
31.977989999999995,0.09958781250000115,67,127,Strings,46560,145,Lead 3 (calliope) _ 1
32.30766,0.06868124999999736,58,127,Strings,47040,100,Lead 3 (calliope) _ 1
32.30766,0.06868124999999736,62,127,Strings,47040,100,Lead 3 (calliope) _ 1
32.30766,0.06868124999999736,66,127,Strings,47040,100,Lead 3 (calliope) _ 1
32.63733,0.09065924999999453,62,127,Strings,47520,132,Lead 3 (calliope) _ 1
32.63733,0.10645593749999449,67,127,Strings,47520,155,Lead 3 (calliope) _ 1
32.63733,0.10645593749999449,58,127,Strings,47520,155,Lead 3 (calliope) _ 1
32.967,0.0927196875000007,66,127,Strings,48000,135,Lead 3 (calliope) _ 1
32.967,0.10645593749999449,62,127,Strings,48000,155,Lead 3 (calliope) _ 1
32.967,0.12156581249999476,58,127,Strings,48000,177,Lead 3 (calliope) _ 1
33.29667,0.07692300000000074,62,127,Strings,48480,112,Lead 3 (calliope) _ 1
33.29667,0.0927196875000007,58,125,Strings,48480,135,Lead 3 (calliope) _ 1
33.29667,0.10096143749999698,67,127,Strings,48480,147,Lead 3 (calliope) _ 1
33.62634,0.0927196875000007,62,127,Strings,48960,135,Lead 3 (calliope) _ 1
33.62634,0.10782956249999387,67,126,Strings,48960,157,Lead 3 (calliope) _ 1
33.62634,0.10782956249999387,58,116,Strings,48960,157,Lead 3 (calliope) _ 1
33.95601,0.08379112499999763,62,127,Strings,49440,122,Lead 3 (calliope) _ 1
33.95601,0.0995878124999976,58,127,Strings,49440,145,Lead 3 (calliope) _ 1
33.95601,0.0995878124999976,67,126,Strings,49440,145,Lead 3 (calliope) _ 1
34.28568,0.07692299999999364,60,127,Strings,49920,112,Lead 3 (calliope) _ 1
34.28568,0.0927196874999936,66,127,Strings,49920,135,Lead 3 (calliope) _ 1
34.28568,0.0927196874999936,62,127,Strings,49920,135,Lead 3 (calliope) _ 1
34.61535,0.0927196874999936,67,127,Strings,50400,135,Lead 3 (calliope) _ 1
34.61535,0.11675812499999694,58,127,Strings,50400,170,Lead 3 (calliope) _ 1
34.61535,0.11675812499999694,62,127,Strings,50400,170,Lead 3 (calliope) _ 1
35.93402999999999,0.052884562500004506,63,127,Strings,52320,77,Lead 3 (calliope) _ 1
35.93402999999999,0.052884562500004506,58,127,Strings,52320,77,Lead 3 (calliope) _ 1
35.93402999999999,0.07554937500000136,67,127,Strings,52320,110,Lead 3 (calliope) _ 1
36.26369999999999,0.06181312500000047,63,127,Strings,52800,90,Lead 3 (calliope) _ 1
36.26369999999999,0.06181312500000047,58,127,Strings,52800,90,Lead 3 (calliope) _ 1
36.26369999999999,0.07692300000000074,67,127,Strings,52800,112,Lead 3 (calliope) _ 1
36.92303999999999,0.037774687500004234,63,127,Strings,53760,55,Lead 3 (calliope) _ 1
36.92303999999999,0.052884562500004506,58,127,Strings,53760,77,Lead 3 (calliope) _ 1
36.92303999999999,0.07554937500000136,67,127,Strings,53760,110,Lead 3 (calliope) _ 1
37.25270999999999,0.06181312500000047,63,127,Strings,54240,90,Lead 3 (calliope) _ 1
37.25270999999999,0.06181312500000047,58,126,Strings,54240,90,Lead 3 (calliope) _ 1
37.25270999999999,0.06181312500000047,67,127,Strings,54240,90,Lead 3 (calliope) _ 1
37.912049999999994,0.06868125000000447,60,127,Strings,55200,100,Lead 3 (calliope) _ 1
37.912049999999994,0.07692300000000074,56,111,Strings,55200,112,Lead 3 (calliope) _ 1
37.912049999999994,0.07692300000000074,65,127,Strings,55200,112,Lead 3 (calliope) _ 1
38.241719999999994,0.04601643750000051,60,127,Strings,55680,67,Lead 3 (calliope) _ 1
38.241719999999994,0.054945000000003574,56,120,Strings,55680,80,Lead 3 (calliope) _ 1
38.241719999999994,0.06181312500000047,65,127,Strings,55680,90,Lead 3 (calliope) _ 1
38.901059999999994,0.052884562500004506,65,127,Strings,56640,77,Lead 3 (calliope) _ 1
38.901059999999994,0.052884562500004506,62,127,Strings,56640,77,Lead 3 (calliope) _ 1
38.901059999999994,0.06868125000000447,58,120,Strings,56640,100,Lead 3 (calliope) _ 1
39.230729999999994,0.06181312500000047,65,127,Strings,57120,90,Lead 3 (calliope) _ 1
39.230729999999994,0.06181312500000047,62,127,Strings,57120,90,Lead 3 (calliope) _ 1
39.230729999999994,0.06181312500000047,58,127,Strings,57120,90,Lead 3 (calliope) _ 1
39.890069999999994,0.06868125000000447,56,116,Strings,58080,100,Lead 3 (calliope) _ 1
39.890069999999994,0.06868125000000447,60,127,Strings,58080,100,Lead 3 (calliope) _ 1
39.890069999999994,0.06868125000000447,65,127,Strings,58080,100,Lead 3 (calliope) _ 1
40.219739999999994,0.052884562500004506,65,127,Strings,58560,77,Lead 3 (calliope) _ 1
40.219739999999994,0.06181312500000047,60,127,Strings,58560,90,Lead 3 (calliope) _ 1
40.219739999999994,0.06181312500000047,56,125,Strings,58560,90,Lead 3 (calliope) _ 1
40.879079999999995,0.07692300000000074,62,127,Strings,59520,112,Lead 3 (calliope) _ 1
40.879079999999995,0.08379112499999763,65,127,Strings,59520,122,Lead 3 (calliope) _ 1
40.879079999999995,0.0995878124999976,56,108,Strings,59520,145,Lead 3 (calliope) _ 1
41.208749999999995,0.06868124999999736,62,127,Strings,60000,100,Lead 3 (calliope) _ 1
41.208749999999995,0.08379112499999763,65,127,Strings,60000,122,Lead 3 (calliope) _ 1
41.208749999999995,0.08379112499999763,56,120,Strings,60000,122,Lead 3 (calliope) _ 1
41.868089999999995,0.054945000000003574,63,127,Strings,60960,80,Lead 3 (calliope) _ 1
41.868089999999995,0.06181312500000047,58,127,Strings,60960,90,Lead 3 (calliope) _ 1
41.868089999999995,0.07005487499999674,67,118,Strings,60960,102,Lead 3 (calliope) _ 1
42.197759999999995,0.0528845624999974,63,127,Strings,61440,77,Lead 3 (calliope) _ 1
42.197759999999995,0.06181312500000047,67,127,Strings,61440,90,Lead 3 (calliope) _ 1
42.197759999999995,0.06181312500000047,58,127,Strings,61440,90,Lead 3 (calliope) _ 1
42.857099999999996,0.06181312500000047,63,127,Strings,62400,90,Lead 3 (calliope) _ 1
42.857099999999996,0.06181312500000047,58,124,Strings,62400,90,Lead 3 (calliope) _ 1
42.857099999999996,0.0858515624999967,67,127,Strings,62400,125,Lead 3 (calliope) _ 1
43.186769999999996,0.0597526875000014,63,127,Strings,62880,87,Lead 3 (calliope) _ 1
43.186769999999996,0.0597526875000014,67,127,Strings,62880,87,Lead 3 (calliope) _ 1
43.186769999999996,0.0597526875000014,58,127,Strings,62880,87,Lead 3 (calliope) _ 1
43.846109999999996,0.06181312500000047,63,127,Strings,63840,90,Lead 3 (calliope) _ 1
43.846109999999996,0.06181312500000047,58,127,Strings,63840,90,Lead 3 (calliope) _ 1
43.846109999999996,0.06868124999999736,67,127,Strings,63840,100,Lead 3 (calliope) _ 1
44.175779999999996,0.0597526875000014,63,127,Strings,64320,87,Lead 3 (calliope) _ 1
44.175779999999996,0.0597526875000014,67,127,Strings,64320,87,Lead 3 (calliope) _ 1
44.175779999999996,0.07554937500000136,58,127,Strings,64320,110,Lead 3 (calliope) _ 1
44.835119999999996,0.06181312500000047,62,127,Strings,65280,90,Lead 3 (calliope) _ 1
44.835119999999996,0.07005487499999674,58,124,Strings,65280,102,Lead 3 (calliope) _ 1
44.835119999999996,0.07005487499999674,65,127,Strings,65280,102,Lead 3 (calliope) _ 1
45.164789999999996,0.03914831249999651,62,127,Strings,65760,57,Lead 3 (calliope) _ 1
45.164789999999996,0.03914831249999651,65,127,Strings,65760,57,Lead 3 (calliope) _ 1
45.164789999999996,0.06181312500000047,58,127,Strings,65760,90,Lead 3 (calliope) _ 1
45.82413,0.05494499999999647,60,127,Strings,66720,80,Lead 3 (calliope) _ 1
45.82413,0.07005487499999674,65,127,Strings,66720,102,Lead 3 (calliope) _ 1
45.82413,0.07692300000000074,56,121,Strings,66720,112,Lead 3 (calliope) _ 1
46.1538,0.06868124999999736,60,127,Strings,67200,100,Lead 3 (calliope) _ 1
46.1538,0.06868124999999736,65,127,Strings,67200,100,Lead 3 (calliope) _ 1
46.1538,0.07692300000000074,56,113,Strings,67200,112,Lead 3 (calliope) _ 1
46.81314,0.08379112499999763,58,127,Strings,68160,122,Lead 3 (calliope) _ 1
46.81314,0.08379112499999763,62,127,Strings,68160,122,Lead 3 (calliope) _ 1
46.81314,0.0995878124999976,56,117,Strings,68160,145,Lead 3 (calliope) _ 1
47.14281,0.07005487499999674,62,127,Strings,68640,102,Lead 3 (calliope) _ 1
47.14281,0.07005487499999674,58,127,Strings,68640,102,Lead 3 (calliope) _ 1
47.14281,0.0858515624999967,56,114,Strings,68640,125,Lead 3 (calliope) _ 1
47.47248,0.32967000000000013,59,127,Strings,69120,480,Lead 3 (calliope) _ 1
47.47248,0.554257687499998,56,121,Strings,69120,807,Lead 3 (calliope) _ 1
47.80215,0.41552156249999683,59,99,Strings,69600,605,Lead 3 (calliope) _ 1
47.47248,0.8001365625000005,63,127,Strings,69120,1165,Lead 3 (calliope) _ 1
48.46149,0.13049437499999783,58,127,Strings,70560,190,Lead 3 (calliope) _ 1
48.46149,0.5920323749999952,56,126,Strings,70560,862,Lead 3 (calliope) _ 1
48.626324999999994,0.576922500000002,58,95,Strings,70800,840,Lead 3 (calliope) _ 1
48.46149,0.7760981249999972,64,127,Strings,70560,1130,Lead 3 (calliope) _ 1
48.46149,0.7912079999999975,61,127,Strings,70560,1152,Lead 3 (calliope) _ 1
49.12083,0.16964268749999434,56,95,Strings,71520,247,Lead 3 (calliope) _ 1
49.45049999999999,0.7156586250000032,65,127,Strings,72000,1042,Lead 3 (calliope) _ 1
49.45049999999999,0.7396970625000066,58,127,Strings,72000,1077,Lead 3 (calliope) _ 1
49.45049999999999,0.7396970625000066,61,127,Strings,72000,1077,Lead 3 (calliope) _ 1
50.43950999999999,0.11675812500000404,58,127,Strings,73440,170,Lead 3 (calliope) _ 1
50.43950999999999,0.11675812500000404,62,127,Strings,73440,170,Lead 3 (calliope) _ 1
50.43950999999999,0.11675812500000404,56,127,Strings,73440,170,Lead 3 (calliope) _ 1
51.75818999999999,0.04601643750000051,63,121,Strings,75360,67,Lead 3 (calliope) _ 1
51.75818999999999,0.04601643750000051,67,118,Strings,75360,67,Lead 3 (calliope) _ 1
51.75818999999999,0.06181312500000047,58,125,Strings,75360,90,Lead 3 (calliope) _ 1
52.08785999999999,0.03914831250000361,67,125,Strings,75840,57,Lead 3 (calliope) _ 1
52.08785999999999,0.07005487500000385,58,127,Strings,75840,102,Lead 3 (calliope) _ 1
52.08785999999999,0.07692300000000074,63,127,Strings,75840,112,Lead 3 (calliope) _ 1
52.74719999999999,0.04464281250000113,67,120,Strings,76800,65,Lead 3 (calliope) _ 1
52.74719999999999,0.052884562500004506,58,124,Strings,76800,77,Lead 3 (calliope) _ 1
52.74719999999999,0.06868125000000447,63,127,Strings,76800,100,Lead 3 (calliope) _ 1
53.07686999999999,0.04601643750000051,67,109,Strings,77280,67,Lead 3 (calliope) _ 1
53.07686999999999,0.06181312500000047,63,127,Strings,77280,90,Lead 3 (calliope) _ 1
53.07686999999999,0.07005487500000385,58,127,Strings,77280,102,Lead 3 (calliope) _ 1
53.73620999999999,0.06181312500000047,60,127,Strings,78240,90,Lead 3 (calliope) _ 1
53.73620999999999,0.07692300000000074,65,124,Strings,78240,112,Lead 3 (calliope) _ 1
53.73620999999999,0.07692300000000074,56,117,Strings,78240,112,Lead 3 (calliope) _ 1
54.06587999999999,0.052884562500004506,60,127,Strings,78720,77,Lead 3 (calliope) _ 1
54.06587999999999,0.052884562500004506,65,119,Strings,78720,77,Lead 3 (calliope) _ 1
54.06587999999999,0.06868125000000447,56,114,Strings,78720,100,Lead 3 (calliope) _ 1
54.72521999999999,0.07005487500000385,56,112,Strings,79680,102,Lead 3 (calliope) _ 1
54.72521999999999,0.07005487500000385,62,127,Strings,79680,102,Lead 3 (calliope) _ 1
54.72521999999999,0.07005487500000385,58,127,Strings,79680,102,Lead 3 (calliope) _ 1
55.05488999999999,0.07692300000000074,56,124,Strings,80160,112,Lead 3 (calliope) _ 1
55.05488999999999,0.07692300000000074,62,127,Strings,80160,112,Lead 3 (calliope) _ 1
55.05488999999999,0.07692300000000074,58,127,Strings,80160,112,Lead 3 (calliope) _ 1
55.71422999999999,0.06181312500000047,60,127,Strings,81120,90,Lead 3 (calliope) _ 1
55.71422999999999,0.07005487499999674,56,116,Strings,81120,102,Lead 3 (calliope) _ 1
55.71422999999999,0.07005487499999674,65,126,Strings,81120,102,Lead 3 (calliope) _ 1
56.043899999999994,0.04464281250000113,60,127,Strings,81600,65,Lead 3 (calliope) _ 1
56.043899999999994,0.0528845624999974,56,124,Strings,81600,77,Lead 3 (calliope) _ 1
56.043899999999994,0.0528845624999974,65,120,Strings,81600,77,Lead 3 (calliope) _ 1
56.703239999999994,0.07692300000000074,56,113,Strings,82560,112,Lead 3 (calliope) _ 1
56.703239999999994,0.07692300000000074,62,127,Strings,82560,112,Lead 3 (calliope) _ 1
56.703239999999994,0.07692300000000074,58,127,Strings,82560,112,Lead 3 (calliope) _ 1
57.032909999999994,0.0597526875000014,58,127,Strings,83040,87,Lead 3 (calliope) _ 1
57.032909999999994,0.07692300000000074,62,127,Strings,83040,112,Lead 3 (calliope) _ 1
57.032909999999994,0.08379112499999763,56,114,Strings,83040,122,Lead 3 (calliope) _ 1
57.692249999999994,0.07005487499999674,58,122,Strings,84000,102,Lead 3 (calliope) _ 1
57.692249999999994,0.07692300000000074,55,127,Strings,84000,112,Lead 3 (calliope) _ 1
57.692249999999994,0.07692300000000074,63,107,Strings,84000,112,Lead 3 (calliope) _ 1
58.021919999999994,0.06868124999999736,58,127,Strings,84480,100,Lead 3 (calliope) _ 1
58.021919999999994,0.07692300000000074,55,127,Strings,84480,112,Lead 3 (calliope) _ 1
58.021919999999994,0.08379112499999763,63,124,Strings,84480,122,Lead 3 (calliope) _ 1
58.681259999999995,0.05494499999999647,58,127,Strings,85440,80,Lead 3 (calliope) _ 1
58.681259999999995,0.07005487499999674,63,116,Strings,85440,102,Lead 3 (calliope) _ 1
58.681259999999995,0.07692300000000074,55,111,Strings,85440,112,Lead 3 (calliope) _ 1
59.010929999999995,0.06868124999999736,55,122,Strings,85920,100,Lead 3 (calliope) _ 1
59.010929999999995,0.06868124999999736,58,126,Strings,85920,100,Lead 3 (calliope) _ 1
59.010929999999995,0.08379112499999763,63,116,Strings,85920,122,Lead 3 (calliope) _ 1
59.670269999999995,0.0528845624999974,62,127,Strings,86880,77,Lead 3 (calliope) _ 1
59.670269999999995,0.0528845624999974,58,127,Strings,86880,77,Lead 3 (calliope) _ 1
59.670269999999995,0.0528845624999974,55,124,Strings,86880,77,Lead 3 (calliope) _ 1
59.999939999999995,0.06181312500000047,58,127,Strings,87360,90,Lead 3 (calliope) _ 1
59.999939999999995,0.07005487499999674,62,127,Strings,87360,102,Lead 3 (calliope) _ 1
59.999939999999995,0.07005487499999674,55,127,Strings,87360,102,Lead 3 (calliope) _ 1
60.659279999999995,0.06868124999999736,58,127,Strings,88320,100,Lead 3 (calliope) _ 1
60.659279999999995,0.06868124999999736,55,124,Strings,88320,100,Lead 3 (calliope) _ 1
60.659279999999995,0.07692300000000074,62,127,Strings,88320,112,Lead 3 (calliope) _ 1
60.988949999999996,0.07692300000000074,55,127,Strings,88800,112,Lead 3 (calliope) _ 1
60.988949999999996,0.07692300000000074,58,126,Strings,88800,112,Lead 3 (calliope) _ 1
60.988949999999996,0.07692300000000074,63,127,Strings,88800,112,Lead 3 (calliope) _ 1
61.648289999999996,0.07005487499999674,60,127,Strings,89760,102,Lead 3 (calliope) _ 1
61.648289999999996,0.07005487499999674,63,127,Strings,89760,102,Lead 3 (calliope) _ 1
61.648289999999996,0.07005487499999674,56,127,Strings,89760,102,Lead 3 (calliope) _ 1
61.977959999999996,0.05494499999999647,60,127,Strings,90240,80,Lead 3 (calliope) _ 1
61.977959999999996,0.07005487499999674,56,117,Strings,90240,102,Lead 3 (calliope) _ 1
61.977959999999996,0.07005487499999674,63,122,Strings,90240,102,Lead 3 (calliope) _ 1
62.637299999999996,0.06868124999999736,62,127,Strings,91200,100,Lead 3 (calliope) _ 1
62.637299999999996,0.06868124999999736,58,127,Strings,91200,100,Lead 3 (calliope) _ 1
62.637299999999996,0.08379112499999763,56,121,Strings,91200,122,Lead 3 (calliope) _ 1
62.966969999999996,0.05494499999999647,62,127,Strings,91680,80,Lead 3 (calliope) _ 1
62.966969999999996,0.05494499999999647,58,120,Strings,91680,80,Lead 3 (calliope) _ 1
62.966969999999996,0.07692299999999364,56,116,Strings,91680,112,Lead 3 (calliope) _ 1
63.29664,0.729394874999997,63,127,Strings,92160,1062,Lead 3 (calliope) _ 1
63.29664,0.729394874999997,55,127,Strings,92160,1062,Lead 3 (calliope) _ 1
63.29664,0.7465651874999963,58,127,Strings,92160,1087,Lead 3 (calliope) _ 1
64.28564999999999,0.17651081249999834,55,120,Strings,93600,257,Lead 3 (calliope) _ 1
64.28564999999999,0.6524718750000034,64,124,Strings,93600,950,Lead 3 (calliope) _ 1
64.28564999999999,0.6675817499999965,58,127,Strings,93600,972,Lead 3 (calliope) _ 1
64.28564999999999,0.6675817499999965,61,127,Strings,93600,972,Lead 3 (calliope) _ 1
65.27466,0.04601643750000051,56,127,Strings,95040,67,Lead 3 (calliope) _ 1
65.27466,0.04601643750000051,58,127,Strings,95040,67,Lead 3 (calliope) _ 1
65.27466,0.06181312500000047,62,127,Strings,95040,90,Lead 3 (calliope) _ 1
65.27466,0.07692299999999364,65,127,Strings,95040,112,Lead 3 (calliope) _ 1
65.934,0.05494499999998936,65,127,Strings,96000,80,Lead 3 (calliope) _ 1
65.934,0.06181312500000047,56,127,Strings,96000,90,Lead 3 (calliope) _ 1
65.934,0.06181312500000047,62,127,Strings,96000,90,Lead 3 (calliope) _ 1
65.934,0.06181312500000047,58,127,Strings,96000,90,Lead 3 (calliope) _ 1
66.26366999999999,0.07005487499999674,67,127,Strings,96480,102,Lead 3 (calliope) _ 1
66.26366999999999,0.07692300000000785,63,127,Strings,96480,112,Lead 3 (calliope) _ 1
66.26366999999999,0.07692300000000785,58,127,Strings,96480,112,Lead 3 (calliope) _ 1
3.95604,0.2850271874999999,58,81,Strings Low,5760,415,Lead 3 (calliope) _ 2
4.28571,0.26923049999999993,63,81,Strings Low,6240,392,Lead 3 (calliope) _ 2
4.615379999999999,0.19917562500000052,67,81,Strings Low,6720,290,Lead 3 (calliope) _ 2
4.945049999999999,0.8070046875000001,68,81,Strings Low,7200,1175,Lead 3 (calliope) _ 2
5.769225,0.09065924999999986,67,81,Strings Low,8400,132,Lead 3 (calliope) _ 2
5.93406,1.6428554999999996,67,81,Strings Low,8640,2392,Lead 3 (calliope) _ 2
7.91208,0.2520601874999997,58,81,Strings Low,11520,367,Lead 3 (calliope) _ 2
8.24175,0.19917562499999875,63,81,Strings Low,12000,290,Lead 3 (calliope) _ 2
8.57142,0.19230750000000008,67,81,Strings Low,12480,280,Lead 3 (calliope) _ 2
8.901089999999998,0.26785687500000144,68,81,Strings Low,12960,390,Lead 3 (calliope) _ 2
9.230759999999998,0.4993126874999998,67,81,Strings Low,13440,727,Lead 3 (calliope) _ 2
9.725264999999998,0.08379112500000119,65,81,Strings Low,14160,122,Lead 3 (calliope) _ 2
9.890099999999999,0.6456037500000011,70,81,Strings Low,14400,940,Lead 3 (calliope) _ 2
10.549439999999999,0.38461500000000015,63,81,Strings Low,15360,560,Lead 3 (calliope) _ 2
11.208779999999999,0.16964268749999967,58,81,Strings Low,16320,247,Lead 3 (calliope) _ 2
11.373615,0.15247237500000033,60,81,Strings Low,16560,222,Lead 3 (calliope) _ 2
11.53845,0.1765108125000001,62,81,Strings Low,16800,257,Lead 3 (calliope) _ 2
11.703285,0.16964268749999967,63,81,Strings Low,17040,247,Lead 3 (calliope) _ 2
11.86812,0.19230750000000008,64,81,Strings Low,17280,280,Lead 3 (calliope) _ 2
12.032955,0.1765108125000001,67,81,Strings Low,17520,257,Lead 3 (calliope) _ 2
12.19779,0.16964268749999967,64,81,Strings Low,17760,247,Lead 3 (calliope) _ 2
12.362624999999998,0.1854393750000014,67,81,Strings Low,18000,270,Lead 3 (calliope) _ 2
12.527459999999998,0.3537084374999999,65,81,Strings Low,18240,515,Lead 3 (calliope) _ 2
13.186799999999998,0.1682690625000003,61,81,Strings Low,19200,245,Lead 3 (calliope) _ 2
13.351634999999998,0.1387361250000012,63,81,Strings Low,19440,202,Lead 3 (calliope) _ 2
13.516469999999998,0.1765108125000001,64,81,Strings Low,19680,257,Lead 3 (calliope) _ 2
13.681304999999998,0.20741737500000035,65,81,Strings Low,19920,302,Lead 3 (calliope) _ 2
13.846139999999998,0.16140093749999984,67,81,Strings Low,20160,235,Lead 3 (calliope) _ 2
14.010974999999998,0.16964268749999967,70,81,Strings Low,20400,247,Lead 3 (calliope) _ 2
14.175809999999998,0.16140093749999984,67,81,Strings Low,20640,235,Lead 3 (calliope) _ 2
14.340644999999999,0.19917562500000052,70,81,Strings Low,20880,290,Lead 3 (calliope) _ 2
14.505479999999999,0.285027187499999,68,81,Strings Low,21120,415,Lead 3 (calliope) _ 2
15.164819999999999,0.1765108125000001,65,81,Strings Low,22080,257,Lead 3 (calliope) _ 2
15.329654999999999,0.1765108125000001,67,81,Strings Low,22320,257,Lead 3 (calliope) _ 2
15.494489999999999,0.21634593749999986,68,81,Strings Low,22560,315,Lead 3 (calliope) _ 2
15.659324999999999,0.14560424999999988,70,81,Strings Low,22800,212,Lead 3 (calliope) _ 2
15.82416,0.20054924999999812,71,81,Strings Low,23040,292,Lead 3 (calliope) _ 2
15.988994999999997,0.2142855000000008,74,81,Strings Low,23280,312,Lead 3 (calliope) _ 2
16.15383,0.1785712499999974,72,81,Strings Low,23520,260,Lead 3 (calliope) _ 2
16.318665,0.1682690624999985,71,81,Strings Low,23760,245,Lead 3 (calliope) _ 2
16.4835,0.15247237499999855,72,81,Strings Low,24000,222,Lead 3 (calliope) _ 2
16.648335,0.17651081249999834,74,81,Strings Low,24240,257,Lead 3 (calliope) _ 2
16.81317,0.20741737499999857,77,81,Strings Low,24480,302,Lead 3 (calliope) _ 2
16.978005,0.1456042499999981,75,81,Strings Low,24720,212,Lead 3 (calliope) _ 2
17.14284,0.13873612499999766,74,81,Strings Low,24960,202,Lead 3 (calliope) _ 2
17.307675,0.2163459374999981,75,81,Strings Low,25200,315,Lead 3 (calliope) _ 2
17.47251,0.16140093749999807,72,81,Strings Low,25440,235,Lead 3 (calliope) _ 2
17.637344999999996,0.2232140625000021,68,81,Strings Low,25680,325,Lead 3 (calliope) _ 2
17.802179999999996,0.6387356250000025,67,81,Strings Low,25920,930,Lead 3 (calliope) _ 2
18.461519999999997,0.4601643750000015,65,81,Strings Low,26880,670,Lead 3 (calliope) _ 2
18.956024999999997,0.14560425000000166,64,81,Strings Low,27600,212,Lead 3 (calliope) _ 2
19.120859999999997,0.15453281250000117,63,81,Strings Low,27840,225,Lead 3 (calliope) _ 2
19.285694999999997,0.16140093750000162,62,81,Strings Low,28080,235,Lead 3 (calliope) _ 2
19.450529999999997,0.0013736249999993788,61,81,Strings Low,28320,2,Lead 3 (calliope) _ 2
19.450529999999997,0.13736250000000183,60,81,Strings Low,28320,200,Lead 3 (calliope) _ 2
19.615364999999997,0.18337893750000234,59,81,Strings Low,28560,267,Lead 3 (calliope) _ 2
19.780199999999997,0.33791174999999996,58,81,Strings Low,28800,492,Lead 3 (calliope) _ 2
20.109869999999997,0.3090656249999988,63,81,Strings Low,29280,450,Lead 3 (calliope) _ 2
20.439539999999997,0.3310436249999995,67,81,Strings Low,29760,482,Lead 3 (calliope) _ 2
20.769209999999998,0.7603014375000008,68,81,Strings Low,30240,1107,Lead 3 (calliope) _ 2
21.593384999999998,0.0927196875000007,67,81,Strings Low,31440,135,Lead 3 (calliope) _ 2
21.758219999999998,1.6874983125000007,67,81,Strings Low,31680,2457,Lead 3 (calliope) _ 2
23.73624,0.2987634374999999,58,81,Strings Low,34560,435,Lead 3 (calliope) _ 2
24.06591,0.2987634374999999,63,81,Strings Low,35040,435,Lead 3 (calliope) _ 2
24.39558,0.3228018749999997,67,81,Strings Low,35520,470,Lead 3 (calliope) _ 2
24.725249999999996,0.291895312500003,68,81,Strings Low,36000,425,Lead 3 (calliope) _ 2
25.054919999999996,0.5082412500000011,67,81,Strings Low,36480,740,Lead 3 (calliope) _ 2
25.549424999999996,0.13186800000000076,65,81,Strings Low,37200,192,Lead 3 (calliope) _ 2
25.714259999999996,0.6298070624999994,70,81,Strings Low,37440,917,Lead 3 (calliope) _ 2
26.373599999999996,0.3997248750000004,63,81,Strings Low,38400,582,Lead 3 (calliope) _ 2
27.032939999999996,0.1765108125000019,63,81,Strings Low,39360,257,Lead 3 (calliope) _ 2
27.197774999999996,0.19917562499999875,65,81,Strings Low,39600,290,Lead 3 (calliope) _ 2
27.362609999999997,0.19917562499999875,67,81,Strings Low,39840,290,Lead 3 (calliope) _ 2
27.527444999999997,0.16140093750000162,69,81,Strings Low,40080,235,Lead 3 (calliope) _ 2
27.692279999999997,0.1854393750000014,70,81,Strings Low,40320,270,Lead 3 (calliope) _ 2
27.857114999999997,0.15453281250000117,72,81,Strings Low,40560,225,Lead 3 (calliope) _ 2
28.021949999999997,0.17651081249999834,69,81,Strings Low,40800,257,Lead 3 (calliope) _ 2
28.186784999999997,0.1682690624999985,72,81,Strings Low,41040,245,Lead 3 (calliope) _ 2
28.351619999999997,0.3228018749999997,70,81,Strings Low,41280,470,Lead 3 (calliope) _ 2
29.010959999999997,0.19917562499999875,68,81,Strings Low,42240,290,Lead 3 (calliope) _ 2
29.175794999999997,0.15247237499999855,69,81,Strings Low,42480,222,Lead 3 (calliope) _ 2
29.340629999999997,0.16140093749999807,70,81,Strings Low,42720,235,Lead 3 (calliope) _ 2
29.505464999999997,0.1682690624999985,72,81,Strings Low,42960,245,Lead 3 (calliope) _ 2
29.670299999999997,0.20054924999999812,74,81,Strings Low,43200,292,Lead 3 (calliope) _ 2
29.835134999999998,0.17651081249999834,75,81,Strings Low,43440,257,Lead 3 (calliope) _ 2
29.999969999999998,0.15453281249999762,73,81,Strings Low,43680,225,Lead 3 (calliope) _ 2
30.164804999999998,0.16140093749999807,75,81,Strings Low,43920,235,Lead 3 (calliope) _ 2
30.329639999999998,0.3310436249999995,74,81,Strings Low,44160,482,Lead 3 (calliope) _ 2
30.988979999999998,0.15453281249999762,61,81,Strings Low,45120,225,Lead 3 (calliope) _ 2
31.153814999999998,0.15247237499999855,62,81,Strings Low,45360,222,Lead 3 (calliope) _ 2
31.318649999999998,0.1696426874999979,64,81,Strings Low,45600,247,Lead 3 (calliope) _ 2
31.483484999999998,0.15247237499999855,66,81,Strings Low,45840,222,Lead 3 (calliope) _ 2
31.64832,0.18543937499999785,67,81,Strings Low,46080,270,Lead 3 (calliope) _ 2
31.813154999999995,0.2383239374999988,69,81,Strings Low,46320,347,Lead 3 (calliope) _ 2
31.977989999999995,0.169642687500005,70,81,Strings Low,46560,247,Lead 3 (calliope) _ 2
32.142824999999995,0.18337893750000234,66,81,Strings Low,46800,267,Lead 3 (calliope) _ 2
32.30766,0.16826906249999496,69,81,Strings Low,47040,245,Lead 3 (calliope) _ 2
32.472494999999995,0.17651081249999834,67,81,Strings Low,47280,257,Lead 3 (calliope) _ 2
32.63733,0.17651081249999834,70,81,Strings Low,47520,257,Lead 3 (calliope) _ 2
32.802164999999995,0.18337893750000234,66,81,Strings Low,47760,267,Lead 3 (calliope) _ 2
32.967,0.1923074999999983,69,81,Strings Low,48000,280,Lead 3 (calliope) _ 2
33.131834999999995,0.16140093749999807,67,81,Strings Low,48240,235,Lead 3 (calliope) _ 2
33.29667,0.16826906249999496,70,81,Strings Low,48480,245,Lead 3 (calliope) _ 2
33.461504999999995,0.1456042499999981,67,81,Strings Low,48720,212,Lead 3 (calliope) _ 2
33.62634,0.16826906249999496,70,81,Strings Low,48960,245,Lead 3 (calliope) _ 2
33.791174999999996,0.20741737499999857,67,81,Strings Low,49200,302,Lead 3 (calliope) _ 2
33.95601,0.16140093749999807,70,81,Strings Low,49440,235,Lead 3 (calliope) _ 2
34.120844999999996,0.16483500000000362,67,81,Strings Low,49680,240,Lead 3 (calliope) _ 2
34.28568,0.20054924999999457,70,81,Strings Low,49920,292,Lead 3 (calliope) _ 2
34.450514999999996,0.1456042499999981,66,81,Strings Low,50160,212,Lead 3 (calliope) _ 2
34.61535,0.12156581249999476,67,81,Strings Low,50400,177,Lead 3 (calliope) _ 2
34.780184999999996,0.12362625000000094,58,81,Strings Low,50640,180,Lead 3 (calliope) _ 2
34.94502,0.16964268749999434,60,81,Strings Low,50880,247,Lead 3 (calliope) _ 2
35.109854999999996,0.16140093749999807,62,81,Strings Low,51120,235,Lead 3 (calliope) _ 2
35.27468999999999,0.11469768750000497,63,81,Strings Low,51360,167,Lead 3 (calliope) _ 2
35.439524999999996,0.16140093749999807,65,81,Strings Low,51600,235,Lead 3 (calliope) _ 2
35.60435999999999,0.6229389375000025,67,81,Strings Low,51840,907,Lead 3 (calliope) _ 2
36.26369999999999,0.3447798750000004,62,81,Strings Low,52800,502,Lead 3 (calliope) _ 2
36.59336999999999,0.6229389375000025,65,81,Strings Low,53280,907,Lead 3 (calliope) _ 2
37.25270999999999,0.32280187500000324,60,81,Strings Low,54240,470,Lead 3 (calliope) _ 2
37.58237999999999,0.6696421875000027,63,81,Strings Low,54720,975,Lead 3 (calliope) _ 2
38.241719999999994,0.25412062499999877,56,81,Strings Low,55680,370,Lead 3 (calliope) _ 2
39.560399999999994,0.6366751875000034,68,81,Strings Low,57600,927,Lead 3 (calliope) _ 2
40.219739999999994,0.3070051875000033,63,81,Strings Low,58560,447,Lead 3 (calliope) _ 2
40.549409999999995,0.6160708124999985,67,81,Strings Low,59040,897,Lead 3 (calliope) _ 2
41.208749999999995,0.2781590625000021,62,81,Strings Low,60000,405,Lead 3 (calliope) _ 2
41.538419999999995,0.6627740624999987,65,81,Strings Low,60480,965,Lead 3 (calliope) _ 2
42.197759999999995,0.22321406249999853,58,81,Strings Low,61440,325,Lead 3 (calliope) _ 2
43.516439999999996,0.6160708124999985,67,81,Strings Low,63360,897,Lead 3 (calliope) _ 2
44.175779999999996,0.28296674999999993,62,81,Strings Low,64320,412,Lead 3 (calliope) _ 2
44.505449999999996,0.6160708124999985,65,81,Strings Low,64800,897,Lead 3 (calliope) _ 2
45.164789999999996,0.31387331250000017,60,81,Strings Low,65760,457,Lead 3 (calliope) _ 2
45.49446,0.7005487499999958,63,81,Strings Low,66240,1020,Lead 3 (calliope) _ 2
46.1538,0.20054924999999457,56,81,Strings Low,67200,292,Lead 3 (calliope) _ 2
47.47248,0.6229389374999954,68,81,Strings Low,69120,907,Lead 3 (calliope) _ 2
48.13182,0.32280187499999613,63,81,Strings Low,70080,470,Lead 3 (calliope) _ 2
48.46149,0.6607136249999996,68,81,Strings Low,70560,962,Lead 3 (calliope) _ 2
49.12083,0.32280187499999613,64,81,Strings Low,71520,470,Lead 3 (calliope) _ 2
49.45049999999999,0.6538455000000027,68,81,Strings Low,72000,952,Lead 3 (calliope) _ 2
50.10983999999999,0.3310436250000066,65,81,Strings Low,72960,482,Lead 3 (calliope) _ 2
50.43950999999999,0.16140093750000517,70,81,Strings Low,73440,235,Lead 3 (calliope) _ 2
50.604344999999995,0.16140093749999807,58,81,Strings Low,73680,235,Lead 3 (calliope) _ 2
50.76917999999999,0.11469768750000497,60,81,Strings Low,73920,167,Lead 3 (calliope) _ 2
50.934014999999995,0.13049437499999783,62,81,Strings Low,74160,190,Lead 3 (calliope) _ 2
51.09884999999999,0.14766468750000428,63,81,Strings Low,74400,215,Lead 3 (calliope) _ 2
51.263684999999995,0.10782956250000097,65,81,Strings Low,74640,157,Lead 3 (calliope) _ 2
51.42851999999999,0.6229389375000025,67,81,Strings Low,74880,907,Lead 3 (calliope) _ 2
52.08785999999999,0.3241755000000026,62,81,Strings Low,75840,472,Lead 3 (calliope) _ 2
52.41752999999999,0.6765103124999996,65,81,Strings Low,76320,985,Lead 3 (calliope) _ 2
53.07686999999999,0.3001370624999993,60,81,Strings Low,77280,437,Lead 3 (calliope) _ 2
53.40653999999999,0.7225267500000001,63,81,Strings Low,77760,1052,Lead 3 (calliope) _ 2
54.06587999999999,0.26098875000000277,56,81,Strings Low,78720,380,Lead 3 (calliope) _ 2
55.38455999999999,0.6607136249999996,68,81,Strings Low,80640,962,Lead 3 (calliope) _ 2
56.043899999999994,0.35370843750000347,63,81,Strings Low,81600,515,Lead 3 (calliope) _ 2
56.373569999999994,0.6538455000000027,67,81,Strings Low,82080,952,Lead 3 (calliope) _ 2
57.032909999999994,0.30700518749999617,62,81,Strings Low,83040,447,Lead 3 (calliope) _ 2
57.362579999999994,0.6538455000000027,65,81,Strings Low,83520,952,Lead 3 (calliope) _ 2
58.021919999999994,0.26236237500000215,58,81,Strings Low,84480,382,Lead 3 (calliope) _ 2
59.340599999999995,0.6298070624999994,67,81,Strings Low,86400,917,Lead 3 (calliope) _ 2
59.999939999999995,0.32280187499999613,62,81,Strings Low,87360,470,Lead 3 (calliope) _ 2
60.348153937499994,0.6545323125000024,65,81,Strings Low,87867,953,Lead 3 (calliope) _ 2
60.988949999999996,0.32280187499999613,60,81,Strings Low,88800,470,Lead 3 (calliope) _ 2
61.318619999999996,0.7005487499999958,63,81,Strings Low,89280,1020,Lead 3 (calliope) _ 2
61.977959999999996,0.23008218749999543,56,81,Strings Low,90240,335,Lead 3 (calliope) _ 2
63.29664,0.6607136249999996,72,81,Strings Low,92160,962,Lead 3 (calliope) _ 2
63.95597999999999,0.3001370625000064,70,81,Strings Low,93120,437,Lead 3 (calliope) _ 2
64.28564999999999,0.6627740625000058,72,81,Strings Low,93600,965,Lead 3 (calliope) _ 2
64.94498999999999,0.3138733125000073,70,81,Strings Low,94560,457,Lead 3 (calliope) _ 2
65.27466,0.2314558125000019,74,81,Strings Low,95040,337,Lead 3 (calliope) _ 2
65.60432999999999,0.22321406250000564,70,81,Strings Low,95520,325,Lead 3 (calliope) _ 2
65.76916499999999,0.15453281250000828,71,81,Strings Low,95760,225,Lead 3 (calliope) _ 2
65.934,0.145604249999991,72,81,Strings Low,96000,212,Lead 3 (calliope) _ 2
66.098835,0.16140093750000517,74,81,Strings Low,96240,235,Lead 3 (calliope) _ 2
66.26366999999999,0.16964268750000144,75,81,Strings Low,96480,247,Lead 3 (calliope) _ 2
0.32966999999999996,0.037774687500000015,63,91,Strings Chords,480,55,String Ensemble 1 _ 3
0.32966999999999996,0.037774687500000015,67,92,Strings Chords,480,55,String Ensemble 1 _ 3
0.32966999999999996,0.04601643750000001,58,89,Strings Chords,480,67,String Ensemble 1 _ 3
0.6593399999999999,0.05494500000000002,63,101,Strings Chords,960,80,String Ensemble 1 _ 3
0.6593399999999999,0.05494500000000002,67,100,Strings Chords,960,80,String Ensemble 1 _ 3
0.6593399999999999,0.05494500000000002,58,105,Strings Chords,960,80,String Ensemble 1 _ 3
1.3186799999999999,0.052884562500000065,63,97,Strings Chords,1920,77,String Ensemble 1 _ 3
1.3186799999999999,0.052884562500000065,67,97,Strings Chords,1920,77,String Ensemble 1 _ 3
1.3186799999999999,0.052884562500000065,58,102,Strings Chords,1920,77,String Ensemble 1 _ 3
1.6483499999999998,0.04601643750000006,63,99,Strings Chords,2400,67,String Ensemble 1 _ 3
1.6483499999999998,0.04601643750000006,67,100,Strings Chords,2400,67,String Ensemble 1 _ 3
1.6483499999999998,0.04601643750000006,58,106,Strings Chords,2400,67,String Ensemble 1 _ 3
2.3076899999999996,0.05975268750000007,67,101,Strings Chords,3360,87,String Ensemble 1 _ 3
2.3076899999999996,0.06868125000000003,58,101,Strings Chords,3360,100,String Ensemble 1 _ 3
2.3076899999999996,0.06868125000000003,63,99,Strings Chords,3360,100,String Ensemble 1 _ 3
2.6373599999999997,0.061813125000000024,63,101,Strings Chords,3840,90,String Ensemble 1 _ 3
2.6373599999999997,0.06868125000000003,58,102,Strings Chords,3840,100,String Ensemble 1 _ 3
2.6373599999999997,0.06868125000000003,67,105,Strings Chords,3840,100,String Ensemble 1 _ 3
3.2966999999999995,0.061813125000000024,67,107,Strings Chords,4800,90,String Ensemble 1 _ 3
3.2966999999999995,0.061813125000000024,63,95,Strings Chords,4800,90,String Ensemble 1 _ 3
3.2966999999999995,0.061813125000000024,58,94,Strings Chords,4800,90,String Ensemble 1 _ 3
3.6263699999999996,0.052884562500000065,67,102,Strings Chords,5280,77,String Ensemble 1 _ 3
3.6263699999999996,0.052884562500000065,58,91,Strings Chords,5280,77,String Ensemble 1 _ 3
3.6263699999999996,0.052884562500000065,63,99,Strings Chords,5280,77,String Ensemble 1 _ 3
4.28571,0.06868125000000003,67,97,Strings Chords,6240,100,String Ensemble 1 _ 3
4.28571,0.06868125000000003,63,95,Strings Chords,6240,100,String Ensemble 1 _ 3
4.28571,0.08379112499999941,58,92,Strings Chords,6240,122,String Ensemble 1 _ 3
4.615379999999999,0.07554937500000047,67,101,Strings Chords,6720,110,String Ensemble 1 _ 3
4.615379999999999,0.0837911250000003,63,95,Strings Chords,6720,122,String Ensemble 1 _ 3
4.615379999999999,0.0837911250000003,58,100,Strings Chords,6720,122,String Ensemble 1 _ 3
5.274719999999999,0.052884562500000065,62,107,Strings Chords,7680,77,String Ensemble 1 _ 3
5.274719999999999,0.052884562500000065,65,99,Strings Chords,7680,77,String Ensemble 1 _ 3
5.274719999999999,0.06868125000000003,59,91,Strings Chords,7680,100,String Ensemble 1 _ 3
5.6043899999999995,0.06868125000000003,62,107,Strings Chords,8160,100,String Ensemble 1 _ 3
5.6043899999999995,0.06868125000000003,59,104,Strings Chords,8160,100,String Ensemble 1 _ 3
5.6043899999999995,0.08379112499999941,65,107,Strings Chords,8160,122,String Ensemble 1 _ 3
6.263729999999999,0.06181312500000047,58,95,Strings Chords,9120,90,String Ensemble 1 _ 3
6.263729999999999,0.07692300000000074,67,96,Strings Chords,9120,112,String Ensemble 1 _ 3
6.263729999999999,0.07692300000000074,63,90,Strings Chords,9120,112,String Ensemble 1 _ 3
6.593399999999999,0.06868125000000003,63,99,Strings Chords,9600,100,String Ensemble 1 _ 3
6.593399999999999,0.06868125000000003,58,91,Strings Chords,9600,100,String Ensemble 1 _ 3
6.593399999999999,0.06868125000000003,67,99,Strings Chords,9600,100,String Ensemble 1 _ 3
7.252739999999999,0.06181312499999958,63,97,Strings Chords,10560,90,String Ensemble 1 _ 3
7.252739999999999,0.06181312499999958,58,95,Strings Chords,10560,90,String Ensemble 1 _ 3
7.252739999999999,0.06181312499999958,67,101,Strings Chords,10560,90,String Ensemble 1 _ 3
7.582409999999999,0.04464281249999935,58,85,Strings Chords,11040,65,String Ensemble 1 _ 3
7.582409999999999,0.059752687499999624,63,95,Strings Chords,11040,87,String Ensemble 1 _ 3
7.582409999999999,0.06868125000000003,67,94,Strings Chords,11040,100,String Ensemble 1 _ 3
8.24175,0.06181312499999869,63,94,Strings Chords,12000,90,String Ensemble 1 _ 3
8.24175,0.06181312499999869,58,102,Strings Chords,12000,90,String Ensemble 1 _ 3
8.24175,0.07692299999999896,67,102,Strings Chords,12000,112,String Ensemble 1 _ 3
8.57142,0.059752687499999624,63,95,Strings Chords,12480,87,String Ensemble 1 _ 3
8.57142,0.07554937499999959,58,91,Strings Chords,12480,110,String Ensemble 1 _ 3
8.57142,0.07554937499999959,67,99,Strings Chords,12480,110,String Ensemble 1 _ 3
9.230759999999998,0.05288456250000095,62,107,Strings Chords,13440,77,String Ensemble 1 _ 3
9.230759999999998,0.06868125000000092,59,97,Strings Chords,13440,100,String Ensemble 1 _ 3
9.230759999999998,0.06868125000000092,65,105,Strings Chords,13440,100,String Ensemble 1 _ 3
9.560429999999998,0.05288456250000095,62,107,Strings Chords,13920,77,String Ensemble 1 _ 3
9.560429999999998,0.06868125000000092,59,97,Strings Chords,13920,100,String Ensemble 1 _ 3
9.560429999999998,0.07692300000000074,65,105,Strings Chords,13920,112,String Ensemble 1 _ 3
10.219769999999999,0.06181312500000047,58,101,Strings Chords,14880,90,String Ensemble 1 _ 3
10.219769999999999,0.0700548750000003,67,97,Strings Chords,14880,102,String Ensemble 1 _ 3
10.219769999999999,0.0700548750000003,63,101,Strings Chords,14880,102,String Ensemble 1 _ 3
10.549439999999999,0.0700548750000003,58,94,Strings Chords,15360,102,String Ensemble 1 _ 3
10.549439999999999,0.07692300000000074,67,92,Strings Chords,15360,112,String Ensemble 1 _ 3
10.549439999999999,0.07692300000000074,63,97,Strings Chords,15360,112,String Ensemble 1 _ 3
11.208779999999999,0.030906562500000234,67,78,Strings Chords,16320,45,String Ensemble 1 _ 3
11.208779999999999,0.03914831250000006,63,94,Strings Chords,16320,57,String Ensemble 1 _ 3
11.208779999999999,0.04601643750000051,58,97,Strings Chords,16320,67,String Ensemble 1 _ 3
11.53845,0.06868124999999914,63,96,Strings Chords,16800,100,String Ensemble 1 _ 3
11.53845,0.06868124999999914,58,102,Strings Chords,16800,100,String Ensemble 1 _ 3
11.53845,0.0700548750000003,67,97,Strings Chords,16800,102,String Ensemble 1 _ 3
12.19779,0.04601643749999873,62,105,Strings Chords,17760,67,String Ensemble 1 _ 3
12.19779,0.05494500000000002,58,102,Strings Chords,17760,80,String Ensemble 1 _ 3
12.19779,0.05494500000000002,65,104,Strings Chords,17760,80,String Ensemble 1 _ 3
12.527459999999998,0.06181312500000047,65,90,Strings Chords,18240,90,String Ensemble 1 _ 3
12.527459999999998,0.06181312500000047,58,100,Strings Chords,18240,90,String Ensemble 1 _ 3
12.527459999999998,0.06181312500000047,62,105,Strings Chords,18240,90,String Ensemble 1 _ 3
13.186799999999998,0.05494500000000002,65,107,Strings Chords,19200,80,String Ensemble 1 _ 3
13.186799999999998,0.05494500000000002,61,97,Strings Chords,19200,80,String Ensemble 1 _ 3
13.186799999999998,0.05494500000000002,58,91,Strings Chords,19200,80,String Ensemble 1 _ 3
13.516469999999998,0.05494500000000002,65,106,Strings Chords,19680,80,String Ensemble 1 _ 3
13.516469999999998,0.05494500000000002,61,101,Strings Chords,19680,80,String Ensemble 1 _ 3
13.516469999999998,0.05494500000000002,58,96,Strings Chords,19680,80,String Ensemble 1 _ 3
14.175809999999998,0.0700548750000003,60,104,Strings Chords,20640,102,String Ensemble 1 _ 3
14.175809999999998,0.07692300000000074,65,106,Strings Chords,20640,112,String Ensemble 1 _ 3
14.175809999999998,0.07692300000000074,68,84,Strings Chords,20640,112,String Ensemble 1 _ 3
14.505479999999999,0.06868124999999914,60,96,Strings Chords,21120,100,String Ensemble 1 _ 3
14.505479999999999,0.07692299999999896,68,89,Strings Chords,21120,112,String Ensemble 1 _ 3
14.505479999999999,0.07692299999999896,65,107,Strings Chords,21120,112,String Ensemble 1 _ 3
15.164819999999999,0.05288456249999918,60,94,Strings Chords,22080,77,String Ensemble 1 _ 3
15.164819999999999,0.06181312499999869,68,68,Strings Chords,22080,90,String Ensemble 1 _ 3
15.164819999999999,0.0700548750000003,65,96,Strings Chords,22080,102,String Ensemble 1 _ 3
15.494489999999999,0.06181312499999869,68,81,Strings Chords,22560,90,String Ensemble 1 _ 3
15.494489999999999,0.06181312499999869,60,96,Strings Chords,22560,90,String Ensemble 1 _ 3
15.494489999999999,0.06181312499999869,65,101,Strings Chords,22560,90,String Ensemble 1 _ 3
16.15383,0.05975268749999785,60,99,Strings Chords,23520,87,String Ensemble 1 _ 3
16.15383,0.06868124999999736,65,89,Strings Chords,23520,100,String Ensemble 1 _ 3
16.15383,0.07554937499999781,68,73,Strings Chords,23520,110,String Ensemble 1 _ 3
16.4835,0.06181312500000047,60,99,Strings Chords,24000,90,String Ensemble 1 _ 3
16.4835,0.06868124999999736,65,99,Strings Chords,24000,100,String Ensemble 1 _ 3
16.4835,0.07692299999999719,68,86,Strings Chords,24000,112,String Ensemble 1 _ 3
16.81317,0.22321406249999853,60,106,Strings Chords,24480,325,String Ensemble 1 _ 3
16.81317,0.2383239374999988,56,94,Strings Chords,24480,347,String Ensemble 1 _ 3
17.14284,0.05975268749999785,60,102,Strings Chords,24960,87,String Ensemble 1 _ 3
17.14284,0.06868124999999736,68,75,Strings Chords,24960,100,String Ensemble 1 _ 3
17.14284,0.07554937499999781,65,102,Strings Chords,24960,110,String Ensemble 1 _ 3
17.47251,0.03777468749999713,68,55,Strings Chords,25440,55,String Ensemble 1 _ 3
17.47251,0.05494500000000002,65,94,Strings Chords,25440,80,String Ensemble 1 _ 3
17.47251,0.061813124999996916,60,102,Strings Chords,25440,90,String Ensemble 1 _ 3
17.802179999999996,0.37774687500000326,58,86,Strings Chords,25920,550,String Ensemble 1 _ 3
18.131849999999996,0.05288456250000095,67,107,Strings Chords,26400,77,String Ensemble 1 _ 3
17.802179999999996,0.38461500000000015,62,102,Strings Chords,25920,560,String Ensemble 1 _ 3
18.461519999999997,0.04601643750000051,62,107,Strings Chords,26880,67,String Ensemble 1 _ 3
18.461519999999997,0.05494500000000002,58,82,Strings Chords,26880,80,String Ensemble 1 _ 3
18.791189999999997,0.2541206250000023,56,74,Strings Chords,27360,370,String Ensemble 1 _ 3
18.791189999999997,0.2541206250000023,62,106,Strings Chords,27360,370,String Ensemble 1 _ 3
18.791189999999997,0.2541206250000023,65,76,Strings Chords,27360,370,String Ensemble 1 _ 3
20.109869999999997,0.04601643750000051,63,94,Strings Chords,29280,67,String Ensemble 1 _ 3
20.109869999999997,0.05288456250000095,58,94,Strings Chords,29280,77,String Ensemble 1 _ 3
20.109869999999997,0.05494500000000002,67,76,Strings Chords,29280,80,String Ensemble 1 _ 3
20.439539999999997,0.05288456250000095,63,99,Strings Chords,29760,77,String Ensemble 1 _ 3
20.439539999999997,0.05288456250000095,67,94,Strings Chords,29760,77,String Ensemble 1 _ 3
20.439539999999997,0.05288456250000095,58,95,Strings Chords,29760,77,String Ensemble 1 _ 3
21.098879999999998,0.04601643750000051,62,102,Strings Chords,30720,67,String Ensemble 1 _ 3
21.098879999999998,0.06181312500000047,68,91,Strings Chords,30720,90,String Ensemble 1 _ 3
21.098879999999998,0.06868125000000092,65,105,Strings Chords,30720,100,String Ensemble 1 _ 3
21.428549999999998,0.06868125000000092,68,75,Strings Chords,31200,100,String Ensemble 1 _ 3
21.428549999999998,0.06868125000000092,62,105,Strings Chords,31200,100,String Ensemble 1 _ 3
21.428549999999998,0.06868125000000092,65,100,Strings Chords,31200,100,String Ensemble 1 _ 3
22.087889999999998,0.05494500000000002,63,100,Strings Chords,32160,80,String Ensemble 1 _ 3
22.087889999999998,0.05494500000000002,58,102,Strings Chords,32160,80,String Ensemble 1 _ 3
22.087889999999998,0.0700548750000003,67,96,Strings Chords,32160,102,String Ensemble 1 _ 3
22.417559999999998,0.05975268749999785,58,94,Strings Chords,32640,87,String Ensemble 1 _ 3
22.417559999999998,0.06868125000000092,63,97,Strings Chords,32640,100,String Ensemble 1 _ 3
22.417559999999998,0.08379112499999763,67,97,Strings Chords,32640,122,String Ensemble 1 _ 3
23.0769,0.0528845624999974,63,94,Strings Chords,33600,77,String Ensemble 1 _ 3
23.0769,0.0528845624999974,58,101,Strings Chords,33600,77,String Ensemble 1 _ 3
23.0769,0.07692300000000074,67,86,Strings Chords,33600,112,String Ensemble 1 _ 3
23.40657,0.0528845624999974,63,97,Strings Chords,34080,77,String Ensemble 1 _ 3
23.40657,0.0528845624999974,58,102,Strings Chords,34080,77,String Ensemble 1 _ 3
23.40657,0.07554937499999781,67,99,Strings Chords,34080,110,String Ensemble 1 _ 3
24.06591,0.0528845624999974,63,87,Strings Chords,35040,77,String Ensemble 1 _ 3
24.06591,0.0528845624999974,58,86,Strings Chords,35040,77,String Ensemble 1 _ 3
24.06591,0.06868124999999736,67,89,Strings Chords,35040,100,String Ensemble 1 _ 3
24.39558,0.061813124999996916,58,84,Strings Chords,35520,90,String Ensemble 1 _ 3
24.39558,0.061813124999996916,67,87,Strings Chords,35520,90,String Ensemble 1 _ 3
24.39558,0.08379112499999763,63,95,Strings Chords,35520,122,String Ensemble 1 _ 3
25.054919999999996,0.04601643750000051,59,85,Strings Chords,36480,67,String Ensemble 1 _ 3
25.054919999999996,0.04601643750000051,62,104,Strings Chords,36480,67,String Ensemble 1 _ 3
25.054919999999996,0.06181312500000047,65,105,Strings Chords,36480,90,String Ensemble 1 _ 3
25.384589999999996,0.05494500000000002,62,96,Strings Chords,36960,80,String Ensemble 1 _ 3
25.384589999999996,0.06181312500000047,59,92,Strings Chords,36960,90,String Ensemble 1 _ 3
25.384589999999996,0.07692300000000074,65,96,Strings Chords,36960,112,String Ensemble 1 _ 3
26.043929999999996,0.05494500000000002,63,94,Strings Chords,37920,80,String Ensemble 1 _ 3
26.043929999999996,0.05494500000000002,58,102,Strings Chords,37920,80,String Ensemble 1 _ 3
26.043929999999996,0.0700548750000003,67,97,Strings Chords,37920,102,String Ensemble 1 _ 3
26.373599999999996,0.06181312500000047,58,97,Strings Chords,38400,90,String Ensemble 1 _ 3
26.373599999999996,0.0700548750000003,67,101,Strings Chords,38400,102,String Ensemble 1 _ 3
26.373599999999996,0.0700548750000003,63,96,Strings Chords,38400,102,String Ensemble 1 _ 3
27.032939999999996,0.06181312500000047,61,99,Strings Chords,39360,90,String Ensemble 1 _ 3
27.032939999999996,0.06181312500000047,58,90,Strings Chords,39360,90,String Ensemble 1 _ 3
27.032939999999996,0.07692300000000074,65,105,Strings Chords,39360,112,String Ensemble 1 _ 3
27.362609999999997,0.05288456250000095,58,92,Strings Chords,39840,77,String Ensemble 1 _ 3
27.362609999999997,0.05288456250000095,61,101,Strings Chords,39840,77,String Ensemble 1 _ 3
27.362609999999997,0.06868125000000092,65,104,Strings Chords,39840,100,String Ensemble 1 _ 3
28.021949999999997,0.06181312500000047,62,107,Strings Chords,40800,90,String Ensemble 1 _ 3
28.021949999999997,0.06868125000000092,58,102,Strings Chords,40800,100,String Ensemble 1 _ 3
28.021949999999997,0.08379112500000119,67,107,Strings Chords,40800,122,String Ensemble 1 _ 3
28.351619999999997,0.04601643750000051,62,107,Strings Chords,41280,67,String Ensemble 1 _ 3
28.351619999999997,0.05494500000000002,58,94,Strings Chords,41280,80,String Ensemble 1 _ 3
28.351619999999997,0.06181312500000047,67,67,Strings Chords,41280,90,String Ensemble 1 _ 3
29.010959999999997,0.06868125000000092,62,107,Strings Chords,42240,100,String Ensemble 1 _ 3
29.010959999999997,0.06868125000000092,66,97,Strings Chords,42240,100,String Ensemble 1 _ 3
29.010959999999997,0.06868125000000092,60,101,Strings Chords,42240,100,String Ensemble 1 _ 3
29.340629999999997,0.06181312500000047,60,104,Strings Chords,42720,90,String Ensemble 1 _ 3
29.340629999999997,0.06181312500000047,62,107,Strings Chords,42720,90,String Ensemble 1 _ 3
29.340629999999997,0.06181312500000047,66,99,Strings Chords,42720,90,String Ensemble 1 _ 3
29.999969999999998,0.04601643750000051,62,107,Strings Chords,43680,67,String Ensemble 1 _ 3
29.999969999999998,0.0528845624999974,67,97,Strings Chords,43680,77,String Ensemble 1 _ 3
29.999969999999998,0.06868124999999736,58,107,Strings Chords,43680,100,String Ensemble 1 _ 3
30.329639999999998,0.04601643750000051,62,107,Strings Chords,44160,67,String Ensemble 1 _ 3
30.329639999999998,0.06181312500000047,67,107,Strings Chords,44160,90,String Ensemble 1 _ 3
30.329639999999998,0.06181312500000047,58,107,Strings Chords,44160,90,String Ensemble 1 _ 3
30.988979999999998,0.046016437499996954,62,107,Strings Chords,45120,67,String Ensemble 1 _ 3
30.988979999999998,0.046016437499996954,60,100,Strings Chords,45120,67,String Ensemble 1 _ 3
30.988979999999998,0.061813124999996916,66,101,Strings Chords,45120,90,String Ensemble 1 _ 3
31.318649999999998,0.061813124999996916,60,105,Strings Chords,45600,90,String Ensemble 1 _ 3
31.318649999999998,0.061813124999996916,62,101,Strings Chords,45600,90,String Ensemble 1 _ 3
31.318649999999998,0.061813124999996916,66,91,Strings Chords,45600,90,String Ensemble 1 _ 3
31.64832,0.10645593749999804,58,84,Strings Chords,46080,155,String Ensemble 1 _ 3
31.64832,0.10645593749999804,62,102,Strings Chords,46080,155,String Ensemble 1 _ 3
31.64832,0.12156581249999832,67,101,Strings Chords,46080,177,String Ensemble 1 _ 3
31.977989999999995,0.0700548750000003,58,94,Strings Chords,46560,102,String Ensemble 1 _ 3
31.977989999999995,0.08585156250000026,62,106,Strings Chords,46560,125,String Ensemble 1 _ 3
31.977989999999995,0.09958781250000115,67,107,Strings Chords,46560,145,String Ensemble 1 _ 3
32.30766,0.06868124999999736,58,94,Strings Chords,47040,100,String Ensemble 1 _ 3
32.30766,0.06868124999999736,62,107,Strings Chords,47040,100,String Ensemble 1 _ 3
32.30766,0.06868124999999736,66,90,Strings Chords,47040,100,String Ensemble 1 _ 3
32.63733,0.09065924999999453,62,99,Strings Chords,47520,132,String Ensemble 1 _ 3
32.63733,0.10645593749999449,67,99,Strings Chords,47520,155,String Ensemble 1 _ 3
32.63733,0.10645593749999449,58,91,Strings Chords,47520,155,String Ensemble 1 _ 3
32.967,0.0927196875000007,66,91,Strings Chords,48000,135,String Ensemble 1 _ 3
32.967,0.10645593749999449,62,96,Strings Chords,48000,155,String Ensemble 1 _ 3
32.967,0.12156581249999476,58,91,Strings Chords,48000,177,String Ensemble 1 _ 3
33.29667,0.07692300000000074,62,99,Strings Chords,48480,112,String Ensemble 1 _ 3
33.29667,0.0927196875000007,58,85,Strings Chords,48480,135,String Ensemble 1 _ 3
33.29667,0.10096143749999698,67,101,Strings Chords,48480,147,String Ensemble 1 _ 3
33.62634,0.0927196875000007,62,92,Strings Chords,48960,135,String Ensemble 1 _ 3
33.62634,0.10782956249999387,67,86,Strings Chords,48960,157,String Ensemble 1 _ 3
33.62634,0.10782956249999387,58,76,Strings Chords,48960,157,String Ensemble 1 _ 3
33.95601,0.08379112499999763,62,106,Strings Chords,49440,122,String Ensemble 1 _ 3
33.95601,0.0995878124999976,58,92,Strings Chords,49440,145,String Ensemble 1 _ 3
33.95601,0.0995878124999976,67,86,Strings Chords,49440,145,String Ensemble 1 _ 3
34.28568,0.07692299999999364,60,97,Strings Chords,49920,112,String Ensemble 1 _ 3
34.28568,0.0927196874999936,66,94,Strings Chords,49920,135,String Ensemble 1 _ 3
34.28568,0.0927196874999936,62,106,Strings Chords,49920,135,String Ensemble 1 _ 3
34.61535,0.0927196874999936,67,101,Strings Chords,50400,135,String Ensemble 1 _ 3
34.61535,0.11675812499999694,58,96,Strings Chords,50400,170,String Ensemble 1 _ 3
34.61535,0.11675812499999694,62,107,Strings Chords,50400,170,String Ensemble 1 _ 3
35.93402999999999,0.052884562500004506,63,94,Strings Chords,52320,77,String Ensemble 1 _ 3
35.93402999999999,0.052884562500004506,58,87,Strings Chords,52320,77,String Ensemble 1 _ 3
35.93402999999999,0.07554937500000136,67,102,Strings Chords,52320,110,String Ensemble 1 _ 3
36.26369999999999,0.06181312500000047,63,104,Strings Chords,52800,90,String Ensemble 1 _ 3
36.26369999999999,0.06181312500000047,58,95,Strings Chords,52800,90,String Ensemble 1 _ 3
36.26369999999999,0.07692300000000074,67,104,Strings Chords,52800,112,String Ensemble 1 _ 3
36.92303999999999,0.037774687500004234,63,94,Strings Chords,53760,55,String Ensemble 1 _ 3
36.92303999999999,0.052884562500004506,58,92,Strings Chords,53760,77,String Ensemble 1 _ 3
36.92303999999999,0.07554937500000136,67,100,Strings Chords,53760,110,String Ensemble 1 _ 3
37.25270999999999,0.06181312500000047,63,97,Strings Chords,54240,90,String Ensemble 1 _ 3
37.25270999999999,0.06181312500000047,58,86,Strings Chords,54240,90,String Ensemble 1 _ 3
37.25270999999999,0.06181312500000047,67,99,Strings Chords,54240,90,String Ensemble 1 _ 3
37.912049999999994,0.06868125000000447,60,101,Strings Chords,55200,100,String Ensemble 1 _ 3
37.912049999999994,0.07692300000000074,56,71,Strings Chords,55200,112,String Ensemble 1 _ 3
37.912049999999994,0.07692300000000074,65,94,Strings Chords,55200,112,String Ensemble 1 _ 3
38.241719999999994,0.04601643750000051,60,106,Strings Chords,55680,67,String Ensemble 1 _ 3
38.241719999999994,0.054945000000003574,56,80,Strings Chords,55680,80,String Ensemble 1 _ 3
38.241719999999994,0.06181312500000047,65,96,Strings Chords,55680,90,String Ensemble 1 _ 3
38.901059999999994,0.052884562500004506,65,87,Strings Chords,56640,77,String Ensemble 1 _ 3
38.901059999999994,0.052884562500004506,62,106,Strings Chords,56640,77,String Ensemble 1 _ 3
38.901059999999994,0.06868125000000447,58,80,Strings Chords,56640,100,String Ensemble 1 _ 3
39.230729999999994,0.06181312500000047,65,95,Strings Chords,57120,90,String Ensemble 1 _ 3
39.230729999999994,0.06181312500000047,62,107,Strings Chords,57120,90,String Ensemble 1 _ 3
39.230729999999994,0.06181312500000047,58,92,Strings Chords,57120,90,String Ensemble 1 _ 3
39.890069999999994,0.06868125000000447,56,76,Strings Chords,58080,100,String Ensemble 1 _ 3
39.890069999999994,0.06868125000000447,60,100,Strings Chords,58080,100,String Ensemble 1 _ 3
39.890069999999994,0.06868125000000447,65,101,Strings Chords,58080,100,String Ensemble 1 _ 3
40.219739999999994,0.052884562500004506,65,89,Strings Chords,58560,77,String Ensemble 1 _ 3
40.219739999999994,0.06181312500000047,60,106,Strings Chords,58560,90,String Ensemble 1 _ 3
40.219739999999994,0.06181312500000047,56,85,Strings Chords,58560,90,String Ensemble 1 _ 3
40.879079999999995,0.07692300000000074,62,97,Strings Chords,59520,112,String Ensemble 1 _ 3
40.879079999999995,0.08379112499999763,65,95,Strings Chords,59520,122,String Ensemble 1 _ 3
40.879079999999995,0.0995878124999976,56,68,Strings Chords,59520,145,String Ensemble 1 _ 3
41.208749999999995,0.06868124999999736,62,105,Strings Chords,60000,100,String Ensemble 1 _ 3
41.208749999999995,0.08379112499999763,65,91,Strings Chords,60000,122,String Ensemble 1 _ 3
41.208749999999995,0.08379112499999763,56,80,Strings Chords,60000,122,String Ensemble 1 _ 3
41.868089999999995,0.054945000000003574,63,97,Strings Chords,60960,80,String Ensemble 1 _ 3
41.868089999999995,0.06181312500000047,58,91,Strings Chords,60960,90,String Ensemble 1 _ 3
41.868089999999995,0.07005487499999674,67,78,Strings Chords,60960,102,String Ensemble 1 _ 3
42.197759999999995,0.0528845624999974,63,100,Strings Chords,61440,77,String Ensemble 1 _ 3
42.197759999999995,0.06181312500000047,67,101,Strings Chords,61440,90,String Ensemble 1 _ 3
42.197759999999995,0.06181312500000047,58,96,Strings Chords,61440,90,String Ensemble 1 _ 3
42.857099999999996,0.06181312500000047,63,91,Strings Chords,62400,90,String Ensemble 1 _ 3
42.857099999999996,0.06181312500000047,58,84,Strings Chords,62400,90,String Ensemble 1 _ 3
42.857099999999996,0.0858515624999967,67,99,Strings Chords,62400,125,String Ensemble 1 _ 3
43.186769999999996,0.0597526875000014,63,101,Strings Chords,62880,87,String Ensemble 1 _ 3
43.186769999999996,0.0597526875000014,67,89,Strings Chords,62880,87,String Ensemble 1 _ 3
43.186769999999996,0.0597526875000014,58,100,Strings Chords,62880,87,String Ensemble 1 _ 3
43.846109999999996,0.06181312500000047,63,95,Strings Chords,63840,90,String Ensemble 1 _ 3
43.846109999999996,0.06181312500000047,58,95,Strings Chords,63840,90,String Ensemble 1 _ 3
43.846109999999996,0.06868124999999736,67,89,Strings Chords,63840,100,String Ensemble 1 _ 3
44.175779999999996,0.0597526875000014,63,91,Strings Chords,64320,87,String Ensemble 1 _ 3
44.175779999999996,0.0597526875000014,67,94,Strings Chords,64320,87,String Ensemble 1 _ 3
44.175779999999996,0.07554937500000136,58,90,Strings Chords,64320,110,String Ensemble 1 _ 3
44.835119999999996,0.06181312500000047,62,104,Strings Chords,65280,90,String Ensemble 1 _ 3
44.835119999999996,0.07005487499999674,58,84,Strings Chords,65280,102,String Ensemble 1 _ 3
44.835119999999996,0.07005487499999674,65,101,Strings Chords,65280,102,String Ensemble 1 _ 3
45.164789999999996,0.03914831249999651,62,104,Strings Chords,65760,57,String Ensemble 1 _ 3
45.164789999999996,0.03914831249999651,65,97,Strings Chords,65760,57,String Ensemble 1 _ 3
45.164789999999996,0.06181312500000047,58,99,Strings Chords,65760,90,String Ensemble 1 _ 3
45.82413,0.05494499999999647,60,107,Strings Chords,66720,80,String Ensemble 1 _ 3
45.82413,0.07005487499999674,65,92,Strings Chords,66720,102,String Ensemble 1 _ 3
45.82413,0.07692300000000074,56,81,Strings Chords,66720,112,String Ensemble 1 _ 3
46.1538,0.06868124999999736,60,100,Strings Chords,67200,100,String Ensemble 1 _ 3
46.1538,0.06868124999999736,65,92,Strings Chords,67200,100,String Ensemble 1 _ 3
46.1538,0.07692300000000074,56,73,Strings Chords,67200,112,String Ensemble 1 _ 3
46.81314,0.08379112499999763,58,94,Strings Chords,68160,122,String Ensemble 1 _ 3
46.81314,0.08379112499999763,62,97,Strings Chords,68160,122,String Ensemble 1 _ 3
46.81314,0.0995878124999976,56,77,Strings Chords,68160,145,String Ensemble 1 _ 3
47.14281,0.07005487499999674,62,102,Strings Chords,68640,102,String Ensemble 1 _ 3
47.14281,0.07005487499999674,58,91,Strings Chords,68640,102,String Ensemble 1 _ 3
47.14281,0.0858515624999967,56,74,Strings Chords,68640,125,String Ensemble 1 _ 3
47.47248,0.32967000000000013,59,107,Strings Chords,69120,480,String Ensemble 1 _ 3
47.47248,0.554257687499998,56,81,Strings Chords,69120,807,String Ensemble 1 _ 3
47.80215,0.41552156249999683,59,59,Strings Chords,69600,605,String Ensemble 1 _ 3
47.47248,0.8001365625000005,63,91,Strings Chords,69120,1165,String Ensemble 1 _ 3
48.46149,0.13049437499999783,58,97,Strings Chords,70560,190,String Ensemble 1 _ 3
48.46149,0.5920323749999952,56,86,Strings Chords,70560,862,String Ensemble 1 _ 3
48.626324999999994,0.576922500000002,58,55,Strings Chords,70800,840,String Ensemble 1 _ 3
48.46149,0.7760981249999972,64,100,Strings Chords,70560,1130,String Ensemble 1 _ 3
48.46149,0.7912079999999975,61,101,Strings Chords,70560,1152,String Ensemble 1 _ 3
49.12083,0.16964268749999434,56,55,Strings Chords,71520,247,String Ensemble 1 _ 3
49.45049999999999,0.7156586250000032,65,102,Strings Chords,72000,1042,String Ensemble 1 _ 3
49.45049999999999,0.7396970625000066,58,96,Strings Chords,72000,1077,String Ensemble 1 _ 3
49.45049999999999,0.7396970625000066,61,106,Strings Chords,72000,1077,String Ensemble 1 _ 3
50.43950999999999,0.11675812500000404,58,106,Strings Chords,73440,170,String Ensemble 1 _ 3
50.43950999999999,0.11675812500000404,62,107,Strings Chords,73440,170,String Ensemble 1 _ 3
50.43950999999999,0.11675812500000404,56,100,Strings Chords,73440,170,String Ensemble 1 _ 3
51.75818999999999,0.04601643750000051,63,81,Strings Chords,75360,67,String Ensemble 1 _ 3
51.75818999999999,0.04601643750000051,67,78,Strings Chords,75360,67,String Ensemble 1 _ 3
51.75818999999999,0.06181312500000047,58,85,Strings Chords,75360,90,String Ensemble 1 _ 3
52.08785999999999,0.03914831250000361,67,85,Strings Chords,75840,57,String Ensemble 1 _ 3
52.08785999999999,0.07005487500000385,58,94,Strings Chords,75840,102,String Ensemble 1 _ 3
52.08785999999999,0.07692300000000074,63,95,Strings Chords,75840,112,String Ensemble 1 _ 3
52.74719999999999,0.04464281250000113,67,80,Strings Chords,76800,65,String Ensemble 1 _ 3
52.74719999999999,0.052884562500004506,58,84,Strings Chords,76800,77,String Ensemble 1 _ 3
52.74719999999999,0.06868125000000447,63,97,Strings Chords,76800,100,String Ensemble 1 _ 3
53.07686999999999,0.04601643750000051,67,69,Strings Chords,77280,67,String Ensemble 1 _ 3
53.07686999999999,0.06181312500000047,63,95,Strings Chords,77280,90,String Ensemble 1 _ 3
53.07686999999999,0.07005487500000385,58,94,Strings Chords,77280,102,String Ensemble 1 _ 3
53.73620999999999,0.06181312500000047,60,107,Strings Chords,78240,90,String Ensemble 1 _ 3
53.73620999999999,0.07692300000000074,65,84,Strings Chords,78240,112,String Ensemble 1 _ 3
53.73620999999999,0.07692300000000074,56,77,Strings Chords,78240,112,String Ensemble 1 _ 3
54.06587999999999,0.052884562500004506,60,94,Strings Chords,78720,77,String Ensemble 1 _ 3
54.06587999999999,0.052884562500004506,65,79,Strings Chords,78720,77,String Ensemble 1 _ 3
54.06587999999999,0.06868125000000447,56,74,Strings Chords,78720,100,String Ensemble 1 _ 3
54.72521999999999,0.07005487500000385,56,72,Strings Chords,79680,102,String Ensemble 1 _ 3
54.72521999999999,0.07005487500000385,62,97,Strings Chords,79680,102,String Ensemble 1 _ 3
54.72521999999999,0.07005487500000385,58,90,Strings Chords,79680,102,String Ensemble 1 _ 3
55.05488999999999,0.07692300000000074,56,84,Strings Chords,80160,112,String Ensemble 1 _ 3
55.05488999999999,0.07692300000000074,62,97,Strings Chords,80160,112,String Ensemble 1 _ 3
55.05488999999999,0.07692300000000074,58,90,Strings Chords,80160,112,String Ensemble 1 _ 3
55.71422999999999,0.06181312500000047,60,106,Strings Chords,81120,90,String Ensemble 1 _ 3
55.71422999999999,0.07005487499999674,56,76,Strings Chords,81120,102,String Ensemble 1 _ 3
55.71422999999999,0.07005487499999674,65,86,Strings Chords,81120,102,String Ensemble 1 _ 3
56.043899999999994,0.04464281250000113,60,104,Strings Chords,81600,65,String Ensemble 1 _ 3
56.043899999999994,0.0528845624999974,56,84,Strings Chords,81600,77,String Ensemble 1 _ 3
56.043899999999994,0.0528845624999974,65,80,Strings Chords,81600,77,String Ensemble 1 _ 3
56.703239999999994,0.07692300000000074,56,73,Strings Chords,82560,112,String Ensemble 1 _ 3
56.703239999999994,0.07692300000000074,62,91,Strings Chords,82560,112,String Ensemble 1 _ 3
56.703239999999994,0.07692300000000074,58,90,Strings Chords,82560,112,String Ensemble 1 _ 3
57.032909999999994,0.0597526875000014,58,89,Strings Chords,83040,87,String Ensemble 1 _ 3
57.032909999999994,0.07692300000000074,62,91,Strings Chords,83040,112,String Ensemble 1 _ 3
57.032909999999994,0.08379112499999763,56,74,Strings Chords,83040,122,String Ensemble 1 _ 3
57.692249999999994,0.07005487499999674,58,82,Strings Chords,84000,102,String Ensemble 1 _ 3
57.692249999999994,0.07692300000000074,55,97,Strings Chords,84000,112,String Ensemble 1 _ 3
57.692249999999994,0.07692300000000074,63,67,Strings Chords,84000,112,String Ensemble 1 _ 3
58.021919999999994,0.06868124999999736,58,94,Strings Chords,84480,100,String Ensemble 1 _ 3
58.021919999999994,0.07692300000000074,55,87,Strings Chords,84480,112,String Ensemble 1 _ 3
58.021919999999994,0.08379112499999763,63,84,Strings Chords,84480,122,String Ensemble 1 _ 3
58.681259999999995,0.05494499999999647,58,89,Strings Chords,85440,80,String Ensemble 1 _ 3
58.681259999999995,0.07005487499999674,63,76,Strings Chords,85440,102,String Ensemble 1 _ 3
58.681259999999995,0.07692300000000074,55,71,Strings Chords,85440,112,String Ensemble 1 _ 3
59.010929999999995,0.06868124999999736,55,82,Strings Chords,85920,100,String Ensemble 1 _ 3
59.010929999999995,0.06868124999999736,58,86,Strings Chords,85920,100,String Ensemble 1 _ 3
59.010929999999995,0.08379112499999763,63,76,Strings Chords,85920,122,String Ensemble 1 _ 3
59.670269999999995,0.0528845624999974,62,94,Strings Chords,86880,77,String Ensemble 1 _ 3
59.670269999999995,0.0528845624999974,58,95,Strings Chords,86880,77,String Ensemble 1 _ 3
59.670269999999995,0.0528845624999974,55,84,Strings Chords,86880,77,String Ensemble 1 _ 3
59.999939999999995,0.06181312500000047,58,91,Strings Chords,87360,90,String Ensemble 1 _ 3
59.999939999999995,0.07005487499999674,62,97,Strings Chords,87360,102,String Ensemble 1 _ 3
59.999939999999995,0.07005487499999674,55,90,Strings Chords,87360,102,String Ensemble 1 _ 3
60.659279999999995,0.06868124999999736,58,89,Strings Chords,88320,100,String Ensemble 1 _ 3
60.659279999999995,0.06868124999999736,55,84,Strings Chords,88320,100,String Ensemble 1 _ 3
60.659279999999995,0.07692300000000074,62,102,Strings Chords,88320,112,String Ensemble 1 _ 3
60.988949999999996,0.07692300000000074,55,87,Strings Chords,88800,112,String Ensemble 1 _ 3
60.988949999999996,0.07692300000000074,58,86,Strings Chords,88800,112,String Ensemble 1 _ 3
60.988949999999996,0.07692300000000074,63,95,Strings Chords,88800,112,String Ensemble 1 _ 3
61.648289999999996,0.07005487499999674,60,105,Strings Chords,89760,102,String Ensemble 1 _ 3
61.648289999999996,0.07005487499999674,63,89,Strings Chords,89760,102,String Ensemble 1 _ 3
61.648289999999996,0.07005487499999674,56,90,Strings Chords,89760,102,String Ensemble 1 _ 3
61.977959999999996,0.05494499999999647,60,105,Strings Chords,90240,80,String Ensemble 1 _ 3
61.977959999999996,0.07005487499999674,56,77,Strings Chords,90240,102,String Ensemble 1 _ 3
61.977959999999996,0.07005487499999674,63,82,Strings Chords,90240,102,String Ensemble 1 _ 3
62.637299999999996,0.06868124999999736,62,100,Strings Chords,91200,100,String Ensemble 1 _ 3
62.637299999999996,0.06868124999999736,58,92,Strings Chords,91200,100,String Ensemble 1 _ 3
62.637299999999996,0.08379112499999763,56,81,Strings Chords,91200,122,String Ensemble 1 _ 3
62.966969999999996,0.05494499999999647,62,90,Strings Chords,91680,80,String Ensemble 1 _ 3
62.966969999999996,0.05494499999999647,58,80,Strings Chords,91680,80,String Ensemble 1 _ 3
62.966969999999996,0.07692299999999364,56,76,Strings Chords,91680,112,String Ensemble 1 _ 3
63.29664,0.729394874999997,63,92,Strings Chords,92160,1062,String Ensemble 1 _ 3
63.29664,0.729394874999997,55,96,Strings Chords,92160,1062,String Ensemble 1 _ 3
63.29664,0.7465651874999963,58,97,Strings Chords,92160,1087,String Ensemble 1 _ 3
64.28564999999999,0.17651081249999834,55,80,Strings Chords,93600,257,String Ensemble 1 _ 3
64.28564999999999,0.6524718750000034,64,84,Strings Chords,93600,950,String Ensemble 1 _ 3
64.28564999999999,0.6675817499999965,58,96,Strings Chords,93600,972,String Ensemble 1 _ 3
64.28564999999999,0.6675817499999965,61,99,Strings Chords,93600,972,String Ensemble 1 _ 3
65.27466,0.04601643750000051,56,95,Strings Chords,95040,67,String Ensemble 1 _ 3
65.27466,0.04601643750000051,58,105,Strings Chords,95040,67,String Ensemble 1 _ 3
65.27466,0.06181312500000047,62,107,Strings Chords,95040,90,String Ensemble 1 _ 3
65.27466,0.07692299999999364,65,107,Strings Chords,95040,112,String Ensemble 1 _ 3
65.934,0.05494499999998936,65,106,Strings Chords,96000,80,String Ensemble 1 _ 3
65.934,0.06181312500000047,56,95,Strings Chords,96000,90,String Ensemble 1 _ 3
65.934,0.06181312500000047,62,107,Strings Chords,96000,90,String Ensemble 1 _ 3
65.934,0.06181312500000047,58,96,Strings Chords,96000,90,String Ensemble 1 _ 3
66.26366999999999,0.07005487499999674,67,97,Strings Chords,96480,102,String Ensemble 1 _ 3
66.26366999999999,0.07692300000000785,63,104,Strings Chords,96480,112,String Ensemble 1 _ 3
66.26366999999999,0.07692300000000785,58,104,Strings Chords,96480,112,String Ensemble 1 _ 3
0.0,0.44642812499999995,39,95,Strings Bass,0,650,String Ensemble 1 _ 2
0.98901,0.6229389374999998,46,105,Strings Bass,1440,907,String Ensemble 1 _ 2
1.97802,0.6318674999999998,39,100,Strings Bass,2880,920,String Ensemble 1 _ 2
2.96703,0.7692299999999999,46,100,Strings Bass,4320,1120,String Ensemble 1 _ 2
3.95604,0.8001365624999996,39,97,Strings Bass,5760,1165,String Ensemble 1 _ 2
4.945049999999999,0.8001365624999996,38,107,Strings Bass,7200,1165,String Ensemble 1 _ 2
5.93406,0.7383234374999992,39,106,Strings Bass,8640,1075,String Ensemble 1 _ 2
6.923069999999999,0.7142850000000003,46,94,Strings Bass,10080,1040,String Ensemble 1 _ 2
7.91208,0.7383234375000001,51,102,Strings Bass,11520,1075,String Ensemble 1 _ 2
8.901089999999998,0.8152464375000008,50,107,Strings Bass,12960,1187,String Ensemble 1 _ 2
9.890099999999999,0.7760981250000007,51,107,Strings Bass,14400,1130,String Ensemble 1 _ 2
10.879109999999999,0.7465651874999999,39,100,Strings Bass,15840,1087,String Ensemble 1 _ 2
11.86812,0.7843398749999988,46,100,Strings Bass,17280,1142,String Ensemble 1 _ 2
12.857129999999998,0.8997243749999999,49,105,Strings Bass,18720,1310,String Ensemble 1 _ 2
13.846139999999998,0.8152464375000008,41,105,Strings Bass,20160,1187,String Ensemble 1 _ 2
14.835149999999999,0.7534333125000003,48,100,Strings Bass,21600,1097,String Ensemble 1 _ 2
15.82416,0.8152464374999973,41,107,Strings Bass,23040,1187,String Ensemble 1 _ 2
16.81317,0.4684061249999978,48,102,Strings Bass,24480,682,String Ensemble 1 _ 2
17.47251,0.16140093749999807,44,104,Strings Bass,25440,235,String Ensemble 1 _ 2
17.802179999999996,0.8598892500000019,46,106,Strings Bass,25920,1252,String Ensemble 1 _ 2
18.791189999999997,0.7383234375000001,46,94,Strings Bass,27360,1075,String Ensemble 1 _ 2
19.780199999999997,0.8770595625000013,51,105,Strings Bass,28800,1277,String Ensemble 1 _ 2
20.769209999999998,0.8770595625000013,50,107,Strings Bass,30240,1277,String Ensemble 1 _ 2
21.758219999999998,0.7623618749999999,51,100,Strings Bass,31680,1110,String Ensemble 1 _ 2
22.74723,0.7706036249999997,46,107,Strings Bass,33120,1122,String Ensemble 1 _ 2
23.73624,0.8619496874999975,51,105,Strings Bass,34560,1255,String Ensemble 1 _ 2
24.725249999999996,0.8241750000000003,50,107,Strings Bass,36000,1200,String Ensemble 1 _ 2
25.714259999999996,0.9546693750000017,51,107,Strings Bass,37440,1390,String Ensemble 1 _ 2
26.703269999999996,0.7692300000000003,39,97,Strings Bass,38880,1120,String Ensemble 1 _ 2
27.692279999999997,0.8392848750000006,43,107,Strings Bass,40320,1222,String Ensemble 1 _ 2
28.681289999999997,0.8530211249999979,50,107,Strings Bass,41760,1242,String Ensemble 1 _ 2
29.670299999999997,0.7383234375000001,43,107,Strings Bass,43200,1075,String Ensemble 1 _ 2
30.659309999999998,0.8756859374999983,50,107,Strings Bass,44640,1275,String Ensemble 1 _ 2
31.64832,0.5528840624999987,43,107,Strings Bass,46080,805,String Ensemble 1 _ 2
32.30766,0.2383239374999988,42,106,Strings Bass,47040,347,String Ensemble 1 _ 2
32.63733,0.5370873749999987,43,107,Strings Bass,47520,782,String Ensemble 1 _ 2
33.29667,0.21428549999999547,42,100,Strings Bass,48480,312,String Ensemble 1 _ 2
33.62634,0.20054924999999457,43,100,Strings Bass,48960,292,String Ensemble 1 _ 2
33.95601,0.2383239374999988,43,100,Strings Bass,49440,347,String Ensemble 1 _ 2
34.28568,0.1923074999999983,38,89,Strings Bass,49920,280,String Ensemble 1 _ 2
34.61535,0.20054924999999457,43,107,Strings Bass,50400,292,String Ensemble 1 _ 2
35.60435999999999,0.6916201874999999,39,107,Strings Bass,51840,1007,String Ensemble 1 _ 2
36.59336999999999,0.846153000000001,46,107,Strings Bass,53280,1232,String Ensemble 1 _ 2
37.58237999999999,0.8152464375000008,41,107,Strings Bass,54720,1187,String Ensemble 1 _ 2
38.571389999999994,0.8001365625000005,46,97,Strings Bass,56160,1165,String Ensemble 1 _ 2
39.560399999999994,0.861949687500001,41,107,Strings Bass,57600,1255,String Ensemble 1 _ 2
40.549409999999995,0.7314553125000032,46,107,Strings Bass,59040,1065,String Ensemble 1 _ 2
41.538419999999995,0.6387356250000025,39,107,Strings Bass,60480,930,String Ensemble 1 _ 2
42.527429999999995,0.861949687500001,46,105,Strings Bass,61920,1255,String Ensemble 1 _ 2
43.516439999999996,0.8310431250000008,39,102,Strings Bass,63360,1210,String Ensemble 1 _ 2
44.505449999999996,0.8221145624999977,46,105,Strings Bass,64800,1197,String Ensemble 1 _ 2
45.49446,0.9148342499999984,41,107,Strings Bass,66240,1332,String Ensemble 1 _ 2
46.48347,0.8152464375000008,46,102,Strings Bass,67680,1187,String Ensemble 1 _ 2
47.47248,0.8619496874999939,41,107,Strings Bass,69120,1255,String Ensemble 1 _ 2
48.46149,0.9148342499999984,44,107,Strings Bass,70560,1332,String Ensemble 1 _ 2
49.45049999999999,0.861949687500001,37,107,Strings Bass,72000,1255,String Ensemble 1 _ 2
50.43950999999999,0.31593375000000634,46,107,Strings Bass,73440,460,String Ensemble 1 _ 2
51.42851999999999,0.7005487500000029,39,105,Strings Bass,74880,1020,String Ensemble 1 _ 2
52.41752999999999,0.7156586250000032,46,102,Strings Bass,76320,1042,String Ensemble 1 _ 2
53.40653999999999,0.8770595625000013,41,107,Strings Bass,77760,1277,String Ensemble 1 _ 2
54.39554999999999,0.7843398750000006,46,96,Strings Bass,79200,1142,String Ensemble 1 _ 2
55.38455999999999,0.8928562500000012,41,105,Strings Bass,80640,1300,String Ensemble 1 _ 2
56.373569999999994,0.7932684374999965,46,107,Strings Bass,82080,1155,String Ensemble 1 _ 2
57.362579999999994,0.7932684374999965,39,107,Strings Bass,83520,1155,String Ensemble 1 _ 2
58.351589999999995,0.7692300000000003,46,106,Strings Bass,84960,1120,String Ensemble 1 _ 2
59.340599999999995,0.7692300000000003,39,107,Strings Bass,86400,1120,String Ensemble 1 _ 2
60.329609999999995,0.8241749999999968,46,102,Strings Bass,87840,1200,String Ensemble 1 _ 2
61.318619999999996,0.8619496874999939,41,107,Strings Bass,89280,1255,String Ensemble 1 _ 2
62.307629999999996,0.8070046874999974,46,107,Strings Bass,90720,1175,String Ensemble 1 _ 2
63.29664,0.9079661250000015,39,105,Strings Bass,92160,1322,String Ensemble 1 _ 2
64.28564999999999,0.8138728125000085,36,107,Strings Bass,93600,1185,String Ensemble 1 _ 2
65.27466,0.24725250000000187,46,107,Strings Bass,95040,360,String Ensemble 1 _ 2
65.934,0.13049437499999783,46,107,Strings Bass,96000,190,String Ensemble 1 _ 2
66.26366999999999,0.20054925000000878,39,107,Strings Bass,96480,292,String Ensemble 1 _ 2
3.95604,0.2850271874999999,58,82,Strings Melody,5760,415,String Ensemble 1 _ 4
4.28571,0.26923049999999993,63,82,Strings Melody,6240,392,String Ensemble 1 _ 4
4.615379999999999,0.19917562500000052,67,87,Strings Melody,6720,290,String Ensemble 1 _ 4
4.945049999999999,0.8070046875000001,68,87,Strings Melody,7200,1175,String Ensemble 1 _ 4
5.769225,0.09065924999999986,67,87,Strings Melody,8400,132,String Ensemble 1 _ 4
5.93406,1.6428554999999996,67,87,Strings Melody,8640,2392,String Ensemble 1 _ 4
7.91208,0.2520601874999997,58,87,Strings Melody,11520,367,String Ensemble 1 _ 4
8.24175,0.19917562499999875,63,85,Strings Melody,12000,290,String Ensemble 1 _ 4
8.57142,0.19230750000000008,67,86,Strings Melody,12480,280,String Ensemble 1 _ 4
8.901089999999998,0.26785687500000144,68,82,Strings Melody,12960,390,String Ensemble 1 _ 4
9.230759999999998,0.4993126874999998,67,87,Strings Melody,13440,727,String Ensemble 1 _ 4
9.725264999999998,0.08379112500000119,65,86,Strings Melody,14160,122,String Ensemble 1 _ 4
9.890099999999999,0.6456037500000011,70,80,Strings Melody,14400,940,String Ensemble 1 _ 4
10.549439999999999,0.38461500000000015,63,87,Strings Melody,15360,560,String Ensemble 1 _ 4
11.208779999999999,0.16964268749999967,58,71,Strings Melody,16320,247,String Ensemble 1 _ 4
11.373615,0.15247237500000033,60,80,Strings Melody,16560,222,String Ensemble 1 _ 4
11.53845,0.1765108125000001,62,86,Strings Melody,16800,257,String Ensemble 1 _ 4
11.703285,0.16964268749999967,63,80,Strings Melody,17040,247,String Ensemble 1 _ 4
11.86812,0.19230750000000008,64,65,Strings Melody,17280,280,String Ensemble 1 _ 4
12.032955,0.1765108125000001,67,82,Strings Melody,17520,257,String Ensemble 1 _ 4
12.19779,0.16964268749999967,64,52,Strings Melody,17760,247,String Ensemble 1 _ 4
12.362624999999998,0.1854393750000014,67,86,Strings Melody,18000,270,String Ensemble 1 _ 4
12.527459999999998,0.3537084374999999,65,85,Strings Melody,18240,515,String Ensemble 1 _ 4
13.186799999999998,0.1682690625000003,61,71,Strings Melody,19200,245,String Ensemble 1 _ 4
13.351634999999998,0.1387361250000012,63,62,Strings Melody,19440,202,String Ensemble 1 _ 4
13.516469999999998,0.1765108125000001,64,66,Strings Melody,19680,257,String Ensemble 1 _ 4
13.681304999999998,0.20741737500000035,65,79,Strings Melody,19920,302,String Ensemble 1 _ 4
13.846139999999998,0.16140093749999984,67,80,Strings Melody,20160,235,String Ensemble 1 _ 4
14.010974999999998,0.16964268749999967,70,52,Strings Melody,20400,247,String Ensemble 1 _ 4
14.175809999999998,0.16140093749999984,67,77,Strings Melody,20640,235,String Ensemble 1 _ 4
14.340644999999999,0.19917562500000052,70,77,Strings Melody,20880,290,String Ensemble 1 _ 4
14.505479999999999,0.285027187499999,68,77,Strings Melody,21120,415,String Ensemble 1 _ 4
15.164819999999999,0.1765108125000001,65,80,Strings Melody,22080,257,String Ensemble 1 _ 4
15.329654999999999,0.1765108125000001,67,85,Strings Melody,22320,257,String Ensemble 1 _ 4
15.494489999999999,0.21634593749999986,68,69,Strings Melody,22560,315,String Ensemble 1 _ 4
15.659324999999999,0.14560424999999988,70,69,Strings Melody,22800,212,String Ensemble 1 _ 4
15.82416,0.20054924999999812,71,69,Strings Melody,23040,292,String Ensemble 1 _ 4
15.988994999999997,0.2142855000000008,74,76,Strings Melody,23280,312,String Ensemble 1 _ 4
16.15383,0.1785712499999974,72,65,Strings Melody,23520,260,String Ensemble 1 _ 4
16.318665,0.1682690624999985,71,74,Strings Melody,23760,245,String Ensemble 1 _ 4
16.4835,0.15247237499999855,72,76,Strings Melody,24000,222,String Ensemble 1 _ 4
16.648335,0.17651081249999834,74,76,Strings Melody,24240,257,String Ensemble 1 _ 4
16.81317,0.20741737499999857,77,77,Strings Melody,24480,302,String Ensemble 1 _ 4
16.978005,0.1456042499999981,75,60,Strings Melody,24720,212,String Ensemble 1 _ 4
17.14284,0.13873612499999766,74,58,Strings Melody,24960,202,String Ensemble 1 _ 4
17.307675,0.2163459374999981,75,71,Strings Melody,25200,315,String Ensemble 1 _ 4
17.47251,0.16140093749999807,72,66,Strings Melody,25440,235,String Ensemble 1 _ 4
17.637344999999996,0.2232140625000021,68,61,Strings Melody,25680,325,String Ensemble 1 _ 4
17.802179999999996,0.6387356250000025,67,82,Strings Melody,25920,930,String Ensemble 1 _ 4
18.461519999999997,0.4601643750000015,65,75,Strings Melody,26880,670,String Ensemble 1 _ 4
18.956024999999997,0.14560425000000166,64,84,Strings Melody,27600,212,String Ensemble 1 _ 4
19.120859999999997,0.15453281250000117,63,63,Strings Melody,27840,225,String Ensemble 1 _ 4
19.285694999999997,0.16140093750000162,62,84,Strings Melody,28080,235,String Ensemble 1 _ 4
19.450529999999997,0.13736250000000183,60,86,Strings Melody,28320,200,String Ensemble 1 _ 4
19.615364999999997,0.18337893750000234,59,87,Strings Melody,28560,267,String Ensemble 1 _ 4
19.780199999999997,0.33791174999999996,58,84,Strings Melody,28800,492,String Ensemble 1 _ 4
20.109869999999997,0.3090656249999988,63,53,Strings Melody,29280,450,String Ensemble 1 _ 4
20.439539999999997,0.3310436249999995,67,66,Strings Melody,29760,482,String Ensemble 1 _ 4
20.769209999999998,0.7603014375000008,68,86,Strings Melody,30240,1107,String Ensemble 1 _ 4
21.593384999999998,0.0927196875000007,67,80,Strings Melody,31440,135,String Ensemble 1 _ 4
21.758219999999998,1.6874983125000007,67,86,Strings Melody,31680,2457,String Ensemble 1 _ 4
23.73624,0.2987634374999999,58,82,Strings Melody,34560,435,String Ensemble 1 _ 4
24.06591,0.2987634374999999,63,74,Strings Melody,35040,435,String Ensemble 1 _ 4
24.39558,0.3228018749999997,67,82,Strings Melody,35520,470,String Ensemble 1 _ 4
24.725249999999996,0.291895312500003,68,69,Strings Melody,36000,425,String Ensemble 1 _ 4
25.054919999999996,0.5082412500000011,67,84,Strings Melody,36480,740,String Ensemble 1 _ 4
25.549424999999996,0.13186800000000076,65,76,Strings Melody,37200,192,String Ensemble 1 _ 4
25.714259999999996,0.6298070624999994,70,75,Strings Melody,37440,917,String Ensemble 1 _ 4
26.373599999999996,0.3997248750000004,63,82,Strings Melody,38400,582,String Ensemble 1 _ 4
27.032939999999996,0.1765108125000019,63,75,Strings Melody,39360,257,String Ensemble 1 _ 4
27.197774999999996,0.19917562499999875,65,66,Strings Melody,39600,290,String Ensemble 1 _ 4
27.362609999999997,0.19917562499999875,67,71,Strings Melody,39840,290,String Ensemble 1 _ 4
27.527444999999997,0.16140093750000162,69,58,Strings Melody,40080,235,String Ensemble 1 _ 4
27.692279999999997,0.1854393750000014,70,79,Strings Melody,40320,270,String Ensemble 1 _ 4
27.857114999999997,0.15453281250000117,72,82,Strings Melody,40560,225,String Ensemble 1 _ 4
28.021949999999997,0.17651081249999834,69,74,Strings Melody,40800,257,String Ensemble 1 _ 4
28.186784999999997,0.1682690624999985,72,53,Strings Melody,41040,245,String Ensemble 1 _ 4
28.351619999999997,0.3228018749999997,70,71,Strings Melody,41280,470,String Ensemble 1 _ 4
29.010959999999997,0.19917562499999875,68,56,Strings Melody,42240,290,String Ensemble 1 _ 4
29.175794999999997,0.15247237499999855,69,69,Strings Melody,42480,222,String Ensemble 1 _ 4
29.340629999999997,0.16140093749999807,70,54,Strings Melody,42720,235,String Ensemble 1 _ 4
29.505464999999997,0.1682690624999985,72,86,Strings Melody,42960,245,String Ensemble 1 _ 4
29.670299999999997,0.20054924999999812,74,77,Strings Melody,43200,292,String Ensemble 1 _ 4
29.835134999999998,0.17651081249999834,75,44,Strings Melody,43440,257,String Ensemble 1 _ 4
29.999969999999998,0.15453281249999762,73,64,Strings Melody,43680,225,String Ensemble 1 _ 4
30.164804999999998,0.16140093749999807,75,76,Strings Melody,43920,235,String Ensemble 1 _ 4
30.329639999999998,0.3310436249999995,74,77,Strings Melody,44160,482,String Ensemble 1 _ 4
30.988979999999998,0.15453281249999762,61,85,Strings Melody,45120,225,String Ensemble 1 _ 4
31.153814999999998,0.15247237499999855,62,85,Strings Melody,45360,222,String Ensemble 1 _ 4
31.318649999999998,0.1696426874999979,64,76,Strings Melody,45600,247,String Ensemble 1 _ 4
31.483484999999998,0.15247237499999855,66,69,Strings Melody,45840,222,String Ensemble 1 _ 4
31.64832,0.18543937499999785,67,82,Strings Melody,46080,270,String Ensemble 1 _ 4
31.813154999999995,0.2383239374999988,69,72,Strings Melody,46320,347,String Ensemble 1 _ 4
31.977989999999995,0.169642687500005,70,53,Strings Melody,46560,247,String Ensemble 1 _ 4
32.142824999999995,0.18337893750000234,66,56,Strings Melody,46800,267,String Ensemble 1 _ 4
32.30766,0.16826906249999496,69,72,Strings Melody,47040,245,String Ensemble 1 _ 4
32.472494999999995,0.17651081249999834,67,54,Strings Melody,47280,257,String Ensemble 1 _ 4
32.63733,0.17651081249999834,70,74,Strings Melody,47520,257,String Ensemble 1 _ 4
32.802164999999995,0.18337893750000234,66,65,Strings Melody,47760,267,String Ensemble 1 _ 4
32.967,0.1923074999999983,69,55,Strings Melody,48000,280,String Ensemble 1 _ 4
33.131834999999995,0.16140093749999807,67,74,Strings Melody,48240,235,String Ensemble 1 _ 4
33.29667,0.16826906249999496,70,62,Strings Melody,48480,245,String Ensemble 1 _ 4
33.461504999999995,0.1456042499999981,67,46,Strings Melody,48720,212,String Ensemble 1 _ 4
33.62634,0.16826906249999496,70,64,Strings Melody,48960,245,String Ensemble 1 _ 4
33.791174999999996,0.20741737499999857,67,60,Strings Melody,49200,302,String Ensemble 1 _ 4
33.95601,0.16140093749999807,70,67,Strings Melody,49440,235,String Ensemble 1 _ 4
34.120844999999996,0.16483500000000362,67,76,Strings Melody,49680,240,String Ensemble 1 _ 4
34.28568,0.20054924999999457,70,74,Strings Melody,49920,292,String Ensemble 1 _ 4
34.450514999999996,0.1456042499999981,66,69,Strings Melody,50160,212,String Ensemble 1 _ 4
34.61535,0.12156581249999476,67,80,Strings Melody,50400,177,String Ensemble 1 _ 4
34.780184999999996,0.12362625000000094,58,44,Strings Melody,50640,180,String Ensemble 1 _ 4
34.94502,0.16964268749999434,60,62,Strings Melody,50880,247,String Ensemble 1 _ 4
35.109854999999996,0.16140093749999807,62,80,Strings Melody,51120,235,String Ensemble 1 _ 4
35.27468999999999,0.11469768750000497,63,56,Strings Melody,51360,167,String Ensemble 1 _ 4
35.439524999999996,0.16140093749999807,65,44,Strings Melody,51600,235,String Ensemble 1 _ 4
35.60435999999999,0.6229389375000025,67,77,Strings Melody,51840,907,String Ensemble 1 _ 4
36.26369999999999,0.3447798750000004,62,77,Strings Melody,52800,502,String Ensemble 1 _ 4
36.59336999999999,0.6229389375000025,65,86,Strings Melody,53280,907,String Ensemble 1 _ 4
37.25270999999999,0.32280187500000324,60,82,Strings Melody,54240,470,String Ensemble 1 _ 4
37.58237999999999,0.6696421875000027,63,71,Strings Melody,54720,975,String Ensemble 1 _ 4
38.241719999999994,0.25412062499999877,56,74,Strings Melody,55680,370,String Ensemble 1 _ 4
39.560399999999994,0.6366751875000034,68,77,Strings Melody,57600,927,String Ensemble 1 _ 4
40.219739999999994,0.3070051875000033,63,80,Strings Melody,58560,447,String Ensemble 1 _ 4
40.549409999999995,0.6160708124999985,67,82,Strings Melody,59040,897,String Ensemble 1 _ 4
41.208749999999995,0.2781590625000021,62,79,Strings Melody,60000,405,String Ensemble 1 _ 4
41.538419999999995,0.6627740624999987,65,84,Strings Melody,60480,965,String Ensemble 1 _ 4
42.197759999999995,0.22321406249999853,58,87,Strings Melody,61440,325,String Ensemble 1 _ 4
43.516439999999996,0.6160708124999985,67,87,Strings Melody,63360,897,String Ensemble 1 _ 4
44.175779999999996,0.28296674999999993,62,82,Strings Melody,64320,412,String Ensemble 1 _ 4
44.505449999999996,0.6160708124999985,65,84,Strings Melody,64800,897,String Ensemble 1 _ 4
45.164789999999996,0.31387331250000017,60,79,Strings Melody,65760,457,String Ensemble 1 _ 4
45.49446,0.7005487499999958,63,71,Strings Melody,66240,1020,String Ensemble 1 _ 4
46.1538,0.20054924999999457,56,71,Strings Melody,67200,292,String Ensemble 1 _ 4
47.47248,0.6229389374999954,68,66,Strings Melody,69120,907,String Ensemble 1 _ 4
48.13182,0.32280187499999613,63,80,Strings Melody,70080,470,String Ensemble 1 _ 4
48.46149,0.6607136249999996,68,77,Strings Melody,70560,962,String Ensemble 1 _ 4
49.12083,0.32280187499999613,64,80,Strings Melody,71520,470,String Ensemble 1 _ 4
49.45049999999999,0.6538455000000027,68,74,Strings Melody,72000,952,String Ensemble 1 _ 4
50.10983999999999,0.3310436250000066,65,85,Strings Melody,72960,482,String Ensemble 1 _ 4
50.43950999999999,0.16140093750000517,70,87,Strings Melody,73440,235,String Ensemble 1 _ 4
50.604344999999995,0.16140093749999807,58,58,Strings Melody,73680,235,String Ensemble 1 _ 4
50.76917999999999,0.11469768750000497,60,87,Strings Melody,73920,167,String Ensemble 1 _ 4
50.934014999999995,0.13049437499999783,62,80,Strings Melody,74160,190,String Ensemble 1 _ 4
51.09884999999999,0.14766468750000428,63,77,Strings Melody,74400,215,String Ensemble 1 _ 4
51.263684999999995,0.10782956250000097,65,86,Strings Melody,74640,157,String Ensemble 1 _ 4
51.42851999999999,0.6229389375000025,67,87,Strings Melody,74880,907,String Ensemble 1 _ 4
52.08785999999999,0.3241755000000026,62,87,Strings Melody,75840,472,String Ensemble 1 _ 4
52.41752999999999,0.6765103124999996,65,87,Strings Melody,76320,985,String Ensemble 1 _ 4
53.07686999999999,0.3001370624999993,60,85,Strings Melody,77280,437,String Ensemble 1 _ 4
53.40653999999999,0.7225267500000001,63,74,Strings Melody,77760,1052,String Ensemble 1 _ 4
54.06587999999999,0.26098875000000277,56,85,Strings Melody,78720,380,String Ensemble 1 _ 4
55.38455999999999,0.6607136249999996,68,84,Strings Melody,80640,962,String Ensemble 1 _ 4
56.043899999999994,0.35370843750000347,63,87,Strings Melody,81600,515,String Ensemble 1 _ 4
56.373569999999994,0.6538455000000027,67,87,Strings Melody,82080,952,String Ensemble 1 _ 4
57.032909999999994,0.30700518749999617,62,74,Strings Melody,83040,447,String Ensemble 1 _ 4
57.362579999999994,0.6538455000000027,65,85,Strings Melody,83520,952,String Ensemble 1 _ 4
58.021919999999994,0.26236237500000215,58,87,Strings Melody,84480,382,String Ensemble 1 _ 4
59.340599999999995,0.6298070624999994,67,82,Strings Melody,86400,917,String Ensemble 1 _ 4
59.999939999999995,0.32280187499999613,62,80,Strings Melody,87360,470,String Ensemble 1 _ 4
60.329609999999995,0.6538454999999956,65,85,Strings Melody,87840,952,String Ensemble 1 _ 4
60.988949999999996,0.32280187499999613,60,80,Strings Melody,88800,470,String Ensemble 1 _ 4
61.318619999999996,0.7005487499999958,63,82,Strings Melody,89280,1020,String Ensemble 1 _ 4
61.977959999999996,0.23008218749999543,56,77,Strings Melody,90240,335,String Ensemble 1 _ 4
63.29664,0.6607136249999996,72,87,Strings Melody,92160,962,String Ensemble 1 _ 4
63.95597999999999,0.3001370625000064,70,80,Strings Melody,93120,437,String Ensemble 1 _ 4
64.28564999999999,0.6627740625000058,72,85,Strings Melody,93600,965,String Ensemble 1 _ 4
64.94498999999999,0.3138733125000073,70,65,Strings Melody,94560,457,String Ensemble 1 _ 4
65.27466,0.2314558125000019,74,84,Strings Melody,95040,337,String Ensemble 1 _ 4
65.60432999999999,0.22321406250000564,70,82,Strings Melody,95520,325,String Ensemble 1 _ 4
65.76916499999999,0.15453281250000828,71,80,Strings Melody,95760,225,String Ensemble 1 _ 4
65.934,0.145604249999991,72,80,Strings Melody,96000,212,String Ensemble 1 _ 4
66.098835,0.16140093750000517,74,62,Strings Melody,96240,235,String Ensemble 1 _ 4
66.26366999999999,0.16964268750000144,75,87,Strings Melody,96480,247,String Ensemble 1 _ 4
11.208779999999999,0.16964268749999967,70,91,Flute,16320,247,Piccolo _ 1
11.373615,0.15247237500000033,72,100,Flute,16560,222,Piccolo _ 1
11.53845,0.1765108125000001,74,106,Flute,16800,257,Piccolo _ 1
11.703285,0.16964268749999967,75,100,Flute,17040,247,Piccolo _ 1
11.86812,0.19230750000000008,76,85,Flute,17280,280,Piccolo _ 1
12.032955,0.1765108125000001,79,102,Flute,17520,257,Piccolo _ 1
12.19779,0.16964268749999967,76,72,Flute,17760,247,Piccolo _ 1
12.362624999999998,0.1854393750000014,79,106,Flute,18000,270,Piccolo _ 1
12.527459999999998,0.3537084374999999,77,105,Flute,18240,515,Piccolo _ 1
13.186799999999998,0.1682690625000003,73,91,Flute,19200,245,Piccolo _ 1
13.351634999999998,0.1387361250000012,75,82,Flute,19440,202,Piccolo _ 1
13.516469999999998,0.1765108125000001,76,86,Flute,19680,257,Piccolo _ 1
13.681304999999998,0.20741737500000035,77,99,Flute,19920,302,Piccolo _ 1
13.846139999999998,0.16140093749999984,79,100,Flute,20160,235,Piccolo _ 1
14.010974999999998,0.16964268749999967,82,72,Flute,20400,247,Piccolo _ 1
14.175809999999998,0.16140093749999984,79,97,Flute,20640,235,Piccolo _ 1
14.340644999999999,0.19917562500000052,82,97,Flute,20880,290,Piccolo _ 1
14.505479999999999,0.285027187499999,80,97,Flute,21120,415,Piccolo _ 1
15.164819999999999,0.1765108125000001,77,100,Flute,22080,257,Piccolo _ 1
15.329654999999999,0.1765108125000001,79,105,Flute,22320,257,Piccolo _ 1
15.494489999999999,0.21634593749999986,80,89,Flute,22560,315,Piccolo _ 1
15.659324999999999,0.14560424999999988,82,89,Flute,22800,212,Piccolo _ 1
15.82416,0.20054924999999812,83,89,Flute,23040,292,Piccolo _ 1
15.988994999999997,0.2142855000000008,86,96,Flute,23280,312,Piccolo _ 1
16.15383,0.1785712499999974,84,85,Flute,23520,260,Piccolo _ 1
16.318665,0.1682690624999985,83,94,Flute,23760,245,Piccolo _ 1
16.4835,0.15247237499999855,84,96,Flute,24000,222,Piccolo _ 1
16.648335,0.17651081249999834,86,96,Flute,24240,257,Piccolo _ 1
16.81317,0.20741737499999857,89,97,Flute,24480,302,Piccolo _ 1
16.978005,0.1456042499999981,87,80,Flute,24720,212,Piccolo _ 1
17.14284,0.13873612499999766,86,78,Flute,24960,202,Piccolo _ 1
17.307675,0.2163459374999981,87,91,Flute,25200,315,Piccolo _ 1
17.47251,0.16140093749999807,84,86,Flute,25440,235,Piccolo _ 1
17.637344999999996,0.16483500000000006,80,81,Flute,25680,240,Piccolo _ 1
17.802179999999996,0.6387356250000025,79,102,Flute,25920,930,Piccolo _ 1
18.461519999999997,0.32967000000000013,77,95,Flute,26880,480,Piccolo _ 1
22.417559999999998,0.24725249999999832,81,75,Flute,32640,360,Piccolo _ 1
22.5652246875,0.16483500000000006,82,97,Flute,32855,240,Piccolo _ 1
22.727999249999996,0.2664832500000003,84,107,Flute,33092,388,Piccolo _ 1
22.8948946875,0.16483500000000006,82,89,Flute,33335,240,Piccolo _ 1
23.047367062499998,0.24725249999999832,81,95,Flute,33557,360,Piccolo _ 1
23.208768,0.1648349999999965,82,91,Flute,33792,240,Piccolo _ 1
23.370168937499997,0.16483500000000006,79,97,Flute,34027,240,Piccolo _ 1
23.5404984375,0.10782956249999742,75,97,Flute,34275,157,Piccolo _ 1
23.7602784375,0.968405624999999,70,97,Flute,34595,1410,Piccolo _ 1
27.032939999999996,0.1765108125000019,75,95,Flute,39360,257,Piccolo _ 1
27.197774999999996,0.19917562499999875,77,86,Flute,39600,290,Piccolo _ 1
27.362609999999997,0.19917562499999875,79,91,Flute,39840,290,Piccolo _ 1
27.527444999999997,0.16140093750000162,81,78,Flute,40080,235,Piccolo _ 1
27.692279999999997,0.1854393750000014,82,99,Flute,40320,270,Piccolo _ 1
27.857114999999997,0.15453281250000117,84,102,Flute,40560,225,Piccolo _ 1
28.021949999999997,0.17651081249999834,81,94,Flute,40800,257,Piccolo _ 1
28.186784999999997,0.1682690624999985,84,73,Flute,41040,245,Piccolo _ 1
28.351619999999997,0.3228018749999997,82,91,Flute,41280,470,Piccolo _ 1
29.010959999999997,0.19917562499999875,80,76,Flute,42240,290,Piccolo _ 1
29.175794999999997,0.15247237499999855,81,89,Flute,42480,222,Piccolo _ 1
29.340629999999997,0.16140093749999807,82,74,Flute,42720,235,Piccolo _ 1
29.505464999999997,0.1682690624999985,84,106,Flute,42960,245,Piccolo _ 1
29.670299999999997,0.20054924999999812,86,97,Flute,43200,292,Piccolo _ 1
29.835134999999998,0.17651081249999834,87,64,Flute,43440,257,Piccolo _ 1
29.999969999999998,0.15453281249999762,85,84,Flute,43680,225,Piccolo _ 1
30.164804999999998,0.16140093749999807,87,96,Flute,43920,235,Piccolo _ 1
30.329639999999998,0.3310436249999995,86,97,Flute,44160,482,Piccolo _ 1
30.988979999999998,0.15453281249999762,73,105,Flute,45120,225,Piccolo _ 1
31.153814999999998,0.15247237499999855,74,105,Flute,45360,222,Piccolo _ 1
31.318649999999998,0.1696426874999979,76,96,Flute,45600,247,Piccolo _ 1
31.483484999999998,0.15247237499999855,78,89,Flute,45840,222,Piccolo _ 1
31.64832,0.18543937499999785,79,102,Flute,46080,270,Piccolo _ 1
31.813154999999995,0.2383239374999988,81,92,Flute,46320,347,Piccolo _ 1
31.977989999999995,0.169642687500005,82,73,Flute,46560,247,Piccolo _ 1
32.142824999999995,0.18337893750000234,78,76,Flute,46800,267,Piccolo _ 1
32.30766,0.16826906249999496,81,92,Flute,47040,245,Piccolo _ 1
32.472494999999995,0.17651081249999834,79,74,Flute,47280,257,Piccolo _ 1
32.63733,0.17651081249999834,82,94,Flute,47520,257,Piccolo _ 1
32.802164999999995,0.18337893750000234,78,85,Flute,47760,267,Piccolo _ 1
32.967,0.1923074999999983,81,75,Flute,48000,280,Piccolo _ 1
33.131834999999995,0.16140093749999807,79,94,Flute,48240,235,Piccolo _ 1
33.29667,0.16826906249999496,82,82,Flute,48480,245,Piccolo _ 1
33.461504999999995,0.1456042499999981,79,66,Flute,48720,212,Piccolo _ 1
33.62634,0.16826906249999496,82,84,Flute,48960,245,Piccolo _ 1
33.791174999999996,0.20741737499999857,79,80,Flute,49200,302,Piccolo _ 1
33.95601,0.16140093749999807,82,87,Flute,49440,235,Piccolo _ 1
34.120844999999996,0.16483500000000362,79,96,Flute,49680,240,Piccolo _ 1
34.28568,0.20054924999999457,82,94,Flute,49920,292,Piccolo _ 1
34.450514999999996,0.1456042499999981,78,89,Flute,50160,212,Piccolo _ 1
34.61535,0.20741737499999857,79,80,Flute,50400,302,Piccolo _ 1
38.537049374999995,0.13049437499999783,74,107,Flute,56110,190,Piccolo _ 1
38.648312999999995,0.12362625000000094,75,92,Flute,56272,180,Piccolo _ 1
38.725922812499995,0.1387361250000012,74,105,Flute,56385,202,Piccolo _ 1
38.849549062499996,0.12156581250000187,73,107,Flute,56565,177,Piccolo _ 1
39.194328937499996,0.20123606250000137,74,107,Flute,57067,293,Piccolo _ 1
42.515067374999994,0.12362625000000094,75,107,Flute,61902,180,Piccolo _ 1
42.620149687499996,0.13049437499999783,77,102,Flute,62055,190,Piccolo _ 1
42.7108089375,0.13049437499999783,75,102,Flute,62187,190,Piccolo _ 1
42.8193253125,0.13049437499999783,74,107,Flute,62345,190,Piccolo _ 1
43.166165625,0.32967000000000013,75,107,Flute,62850,480,Piccolo _ 1
46.47797549999999,0.11538450000000466,74,107,Flute,67672,168,Piccolo _ 1
46.58992593749999,0.13186800000000432,75,91,Flute,67835,192,Piccolo _ 1
46.66684893749999,0.12362625000000094,74,78,Flute,67947,180,Piccolo _ 1
46.79047518749999,0.12362625000000094,73,107,Flute,68127,180,Piccolo _ 1
47.113277062499996,0.31593374999999924,74,107,Flute,68597,460,Piccolo _ 1
54.38318737499999,0.0927196875000007,74,107,Flute,79182,135,Piccolo _ 1
54.4814015625,0.13736249999999472,75,90,Flute,79325,200,Piccolo _ 1
54.57206081249999,0.16346137500000424,74,94,Flute,79457,238,Piccolo _ 1
54.735522187499996,0.11469768749999787,73,105,Flute,79695,167,Piccolo _ 1
55.04252737499999,0.1991756250000023,74,107,Flute,80142,290,Piccolo _ 1
58.3460955,0.11538449999999756,75,107,Flute,84952,168,Piccolo _ 1
58.458045937499996,0.10782956249999387,77,104,Flute,85115,157,Piccolo _ 1
58.5198590625,0.16140093749999807,75,94,Flute,85205,235,Piccolo _ 1
58.650353437499994,0.10782956250000097,74,107,Flute,85395,157,Piccolo _ 1
58.97452893749999,0.32967000000000013,75,100,Flute,85867,480,Piccolo _ 1
62.295267374999995,0.12225262500000156,74,107,Flute,90702,178,Piccolo _ 1
62.39828924999999,0.15453281250000117,75,91,Flute,90852,225,Piccolo _ 1
62.484140812499994,0.13049437499999783,74,94,Flute,90977,190,Piccolo _ 1
62.59952531249999,0.16140093749999807,73,107,Flute,91145,235,Piccolo _ 1
62.93056893749999,0.18406575000000203,74,107,Flute,91627,268,Piccolo _ 1
3.95604,0.2850271874999999,70,82,Glock,5760,415,Glockenspiel _ 1
4.28571,0.26923049999999993,75,82,Glock,6240,392,Glockenspiel _ 1
4.615379999999999,0.19917562500000052,79,87,Glock,6720,290,Glockenspiel _ 1
4.945049999999999,0.8070046875000001,80,87,Glock,7200,1175,Glockenspiel _ 1
5.769225,0.09065924999999986,79,87,Glock,8400,132,Glockenspiel _ 1
5.93406,1.6428554999999996,79,87,Glock,8640,2392,Glockenspiel _ 1
7.91208,0.2520601874999997,70,87,Glock,11520,367,Glockenspiel _ 1
8.24175,0.19917562499999875,75,85,Glock,12000,290,Glockenspiel _ 1
8.57142,0.19230750000000008,79,86,Glock,12480,280,Glockenspiel _ 1
8.901089999999998,0.26785687500000144,80,82,Glock,12960,390,Glockenspiel _ 1
9.230759999999998,0.4993126874999998,79,87,Glock,13440,727,Glockenspiel _ 1
9.725264999999998,0.08379112500000119,77,86,Glock,14160,122,Glockenspiel _ 1
9.890099999999999,0.6456037500000011,82,80,Glock,14400,940,Glockenspiel _ 1
10.549439999999999,0.32967000000000013,75,87,Glock,15360,480,Glockenspiel _ 1
19.780199999999997,0.285027187499999,70,82,Glock,28800,415,Glockenspiel _ 1
20.109869999999997,0.26923049999999904,75,82,Glock,29280,392,Glockenspiel _ 1
20.439539999999997,0.19917562499999875,79,87,Glock,29760,290,Glockenspiel _ 1
20.769209999999998,0.807004687500001,80,87,Glock,30240,1175,Glockenspiel _ 1
21.593384999999998,0.09065924999999808,79,87,Glock,31440,132,Glockenspiel _ 1
21.758219999999998,1.6428554999999996,79,87,Glock,31680,2392,Glockenspiel _ 1
23.73624,0.2520601874999997,70,87,Glock,34560,367,Glockenspiel _ 1
24.06591,0.19917562499999875,75,85,Glock,35040,290,Glockenspiel _ 1
24.39558,0.1923074999999983,79,86,Glock,35520,280,Glockenspiel _ 1
24.725249999999996,0.2678568750000032,80,82,Glock,36000,390,Glockenspiel _ 1
25.054919999999996,0.4993126875000016,79,87,Glock,36480,727,Glockenspiel _ 1
25.549424999999996,0.08379112500000119,77,86,Glock,37200,122,Glockenspiel _ 1
25.714259999999996,0.6456037500000029,82,80,Glock,37440,940,Glockenspiel _ 1
26.373599999999996,0.32967000000000013,75,87,Glock,38400,480,Glockenspiel _ 1
35.60435999999999,0.6229389375000025,79,77,Glock,51840,907,Glockenspiel _ 1
36.26369999999999,0.3447798750000004,74,77,Glock,52800,502,Glockenspiel _ 1
36.59336999999999,0.6229389375000025,77,86,Glock,53280,907,Glockenspiel _ 1
37.25270999999999,0.32280187500000324,72,82,Glock,54240,470,Glockenspiel _ 1
37.58237999999999,0.6696421875000027,75,71,Glock,54720,975,Glockenspiel _ 1
38.241719999999994,0.25412062499999877,68,74,Glock,55680,370,Glockenspiel _ 1
39.560399999999994,0.6366751875000034,80,77,Glock,57600,927,Glockenspiel _ 1
40.219739999999994,0.3070051875000033,75,80,Glock,58560,447,Glockenspiel _ 1
40.549409999999995,0.6160708124999985,79,82,Glock,59040,897,Glockenspiel _ 1
41.208749999999995,0.2781590625000021,74,79,Glock,60000,405,Glockenspiel _ 1
41.538419999999995,0.6627740624999987,77,84,Glock,60480,965,Glockenspiel _ 1
42.197759999999995,0.22321406249999853,70,87,Glock,61440,325,Glockenspiel _ 1
43.516439999999996,0.6160708124999985,79,87,Glock,63360,897,Glockenspiel _ 1
44.175779999999996,0.28296674999999993,74,82,Glock,64320,412,Glockenspiel _ 1
44.505449999999996,0.6160708124999985,77,84,Glock,64800,897,Glockenspiel _ 1
45.164789999999996,0.31387331250000017,72,79,Glock,65760,457,Glockenspiel _ 1
45.49446,0.7005487499999958,75,71,Glock,66240,1020,Glockenspiel _ 1
46.1538,0.20054924999999457,68,71,Glock,67200,292,Glockenspiel _ 1
47.47248,0.6229389374999954,80,66,Glock,69120,907,Glockenspiel _ 1
48.13182,0.32280187499999613,75,80,Glock,70080,470,Glockenspiel _ 1
48.46149,0.6607136249999996,80,77,Glock,70560,962,Glockenspiel _ 1
49.12083,0.32280187499999613,76,80,Glock,71520,470,Glockenspiel _ 1
49.45049999999999,0.6538455000000027,80,74,Glock,72000,952,Glockenspiel _ 1
50.10983999999999,0.3310436250000066,77,85,Glock,72960,482,Glockenspiel _ 1
50.43950999999999,0.16140093750000517,82,87,Glock,73440,235,Glockenspiel _ 1
50.604344999999995,0.16140093749999807,70,58,Glock,73680,235,Glockenspiel _ 1
50.76917999999999,0.11469768750000497,72,87,Glock,73920,167,Glockenspiel _ 1
50.934014999999995,0.13049437499999783,74,80,Glock,74160,190,Glockenspiel _ 1
51.09884999999999,0.14766468750000428,75,77,Glock,74400,215,Glockenspiel _ 1
51.263684999999995,0.10782956250000097,77,86,Glock,74640,157,Glockenspiel _ 1
51.42851999999999,0.6229389375000025,79,87,Glock,74880,907,Glockenspiel _ 1
52.08785999999999,0.3241755000000026,74,87,Glock,75840,472,Glockenspiel _ 1
52.41752999999999,0.6765103124999996,77,87,Glock,76320,985,Glockenspiel _ 1
53.07686999999999,0.3001370624999993,72,85,Glock,77280,437,Glockenspiel _ 1
53.40653999999999,0.7225267500000001,75,74,Glock,77760,1052,Glockenspiel _ 1
54.06587999999999,0.26098875000000277,68,85,Glock,78720,380,Glockenspiel _ 1
55.38455999999999,0.6607136249999996,80,84,Glock,80640,962,Glockenspiel _ 1
56.043899999999994,0.35370843750000347,75,87,Glock,81600,515,Glockenspiel _ 1
56.373569999999994,0.6538455000000027,79,87,Glock,82080,952,Glockenspiel _ 1
57.032909999999994,0.30700518749999617,74,74,Glock,83040,447,Glockenspiel _ 1
57.362579999999994,0.6538455000000027,77,85,Glock,83520,952,Glockenspiel _ 1
58.021919999999994,0.26236237500000215,70,87,Glock,84480,382,Glockenspiel _ 1
59.340599999999995,0.6298070624999994,79,82,Glock,86400,917,Glockenspiel _ 1
59.999939999999995,0.32280187499999613,74,80,Glock,87360,470,Glockenspiel _ 1
60.329609999999995,0.6538454999999956,77,85,Glock,87840,952,Glockenspiel _ 1
60.988949999999996,0.32280187499999613,72,80,Glock,88800,470,Glockenspiel _ 1
61.318619999999996,0.7005487499999958,75,82,Glock,89280,1020,Glockenspiel _ 1
61.977959999999996,0.23008218749999543,68,77,Glock,90240,335,Glockenspiel _ 1
63.29664,0.6607136249999996,84,87,Glock,92160,962,Glockenspiel _ 1
63.95597999999999,0.3001370625000064,82,80,Glock,93120,437,Glockenspiel _ 1
64.28564999999999,0.6627740625000058,84,85,Glock,93600,965,Glockenspiel _ 1
64.94498999999999,0.3138733125000073,82,65,Glock,94560,457,Glockenspiel _ 1
65.27466,0.2314558125000019,86,84,Glock,95040,337,Glockenspiel _ 1
65.60432999999999,0.22321406250000564,82,82,Glock,95520,325,Glockenspiel _ 1
65.76916499999999,0.15453281250000828,83,80,Glock,95760,225,Glockenspiel _ 1
65.934,0.145604249999991,84,80,Glock,96000,212,Glockenspiel _ 1
66.098835,0.16140093750000517,86,62,Glock,96240,235,Glockenspiel _ 1
66.26366999999999,0.16964268750000144,87,87,Glock,96480,247,Glockenspiel _ 1
67.17026249999999,0.054945000000003574,87,1,Glock,97800,80,Glockenspiel _ 1
0.0,0.44642812499999995,39,127,Bass Strings,0,650,String Ensemble 1 _ 1
0.98901,0.6229389374999998,46,127,Bass Strings,1440,907,String Ensemble 1 _ 1
1.97802,0.6318674999999998,39,127,Bass Strings,2880,920,String Ensemble 1 _ 1
2.96703,0.7692299999999999,46,127,Bass Strings,4320,1120,String Ensemble 1 _ 1
3.95604,0.8001365624999996,39,127,Bass Strings,5760,1165,String Ensemble 1 _ 1
4.945049999999999,0.8001365624999996,38,127,Bass Strings,7200,1165,String Ensemble 1 _ 1
5.93406,0.7383234374999992,39,127,Bass Strings,8640,1075,String Ensemble 1 _ 1
6.923069999999999,0.7142850000000003,46,127,Bass Strings,10080,1040,String Ensemble 1 _ 1
10.879109999999999,0.7465651874999999,39,127,Bass Strings,15840,1087,String Ensemble 1 _ 1
11.86812,0.7843398749999988,46,127,Bass Strings,17280,1142,String Ensemble 1 _ 1
13.846139999999998,0.8152464375000008,41,127,Bass Strings,20160,1187,String Ensemble 1 _ 1
14.835149999999999,0.7534333125000003,48,127,Bass Strings,21600,1097,String Ensemble 1 _ 1
15.82416,0.8152464374999973,41,127,Bass Strings,23040,1187,String Ensemble 1 _ 1
16.81317,0.4684061249999978,48,127,Bass Strings,24480,682,String Ensemble 1 _ 1
17.47251,0.16140093749999807,44,127,Bass Strings,25440,235,String Ensemble 1 _ 1
17.802179999999996,0.8598892500000019,46,127,Bass Strings,25920,1252,String Ensemble 1 _ 1
18.791189999999997,0.7383234375000001,46,127,Bass Strings,27360,1075,String Ensemble 1 _ 1
22.74723,0.7706036249999997,46,127,Bass Strings,33120,1122,String Ensemble 1 _ 1
26.703269999999996,0.7692300000000003,39,127,Bass Strings,38880,1120,String Ensemble 1 _ 1
27.692279999999997,0.8392848750000006,43,127,Bass Strings,40320,1222,String Ensemble 1 _ 1
29.670299999999997,0.7383234375000001,43,127,Bass Strings,43200,1075,String Ensemble 1 _ 1
31.64832,0.5528840624999987,43,127,Bass Strings,46080,805,String Ensemble 1 _ 1
32.30766,0.2383239374999988,42,127,Bass Strings,47040,347,String Ensemble 1 _ 1
32.63733,0.5370873749999987,43,127,Bass Strings,47520,782,String Ensemble 1 _ 1
33.29667,0.21428549999999547,42,127,Bass Strings,48480,312,String Ensemble 1 _ 1
33.62634,0.20054924999999457,43,127,Bass Strings,48960,292,String Ensemble 1 _ 1
33.95601,0.2383239374999988,43,127,Bass Strings,49440,347,String Ensemble 1 _ 1
34.28568,0.1923074999999983,38,127,Bass Strings,49920,280,String Ensemble 1 _ 1
34.61535,0.20054924999999457,43,127,Bass Strings,50400,292,String Ensemble 1 _ 1
35.60435999999999,0.6916201874999999,39,127,Bass Strings,51840,1007,String Ensemble 1 _ 1
36.59336999999999,0.846153000000001,46,127,Bass Strings,53280,1232,String Ensemble 1 _ 1
37.58237999999999,0.8152464375000008,41,127,Bass Strings,54720,1187,String Ensemble 1 _ 1
38.571389999999994,0.8001365625000005,46,127,Bass Strings,56160,1165,String Ensemble 1 _ 1
39.560399999999994,0.861949687500001,41,127,Bass Strings,57600,1255,String Ensemble 1 _ 1
40.549409999999995,0.7314553125000032,46,127,Bass Strings,59040,1065,String Ensemble 1 _ 1
41.538419999999995,0.6387356250000025,39,127,Bass Strings,60480,930,String Ensemble 1 _ 1
42.527429999999995,0.861949687500001,46,127,Bass Strings,61920,1255,String Ensemble 1 _ 1
43.516439999999996,0.8310431250000008,39,127,Bass Strings,63360,1210,String Ensemble 1 _ 1
44.505449999999996,0.8221145624999977,46,127,Bass Strings,64800,1197,String Ensemble 1 _ 1
45.49446,0.9148342499999984,41,127,Bass Strings,66240,1332,String Ensemble 1 _ 1
46.48347,0.8152464375000008,46,127,Bass Strings,67680,1187,String Ensemble 1 _ 1
47.47248,0.8619496874999939,41,127,Bass Strings,69120,1255,String Ensemble 1 _ 1
48.46149,0.9148342499999984,44,127,Bass Strings,70560,1332,String Ensemble 1 _ 1
49.45049999999999,0.861949687500001,37,127,Bass Strings,72000,1255,String Ensemble 1 _ 1
50.43950999999999,0.31593375000000634,46,127,Bass Strings,73440,460,String Ensemble 1 _ 1
51.42851999999999,0.7005487500000029,39,127,Bass Strings,74880,1020,String Ensemble 1 _ 1
52.41752999999999,0.7156586250000032,46,127,Bass Strings,76320,1042,String Ensemble 1 _ 1
53.40653999999999,0.8770595625000013,41,127,Bass Strings,77760,1277,String Ensemble 1 _ 1
54.39554999999999,0.7843398750000006,46,127,Bass Strings,79200,1142,String Ensemble 1 _ 1
55.38455999999999,0.8928562500000012,41,127,Bass Strings,80640,1300,String Ensemble 1 _ 1
56.373569999999994,0.7932684374999965,46,127,Bass Strings,82080,1155,String Ensemble 1 _ 1
57.362579999999994,0.7932684374999965,39,127,Bass Strings,83520,1155,String Ensemble 1 _ 1
58.351589999999995,0.7692300000000003,46,127,Bass Strings,84960,1120,String Ensemble 1 _ 1
59.340599999999995,0.7692300000000003,39,127,Bass Strings,86400,1120,String Ensemble 1 _ 1
60.329609999999995,0.8241749999999968,46,127,Bass Strings,87840,1200,String Ensemble 1 _ 1
61.318619999999996,0.8619496874999939,41,127,Bass Strings,89280,1255,String Ensemble 1 _ 1
62.307629999999996,0.8070046874999974,46,127,Bass Strings,90720,1175,String Ensemble 1 _ 1
63.29664,0.9079661250000015,39,127,Bass Strings,92160,1322,String Ensemble 1 _ 1
64.28564999999999,0.8138728125000085,36,127,Bass Strings,93600,1185,String Ensemble 1 _ 1
65.27466,0.24725250000000187,46,127,Bass Strings,95040,360,String Ensemble 1 _ 1
65.934,0.13049437499999783,46,127,Bass Strings,96000,190,String Ensemble 1 _ 1
66.26366999999999,0.20054925000000878,39,127,Bass Strings,96480,292,String Ensemble 1 _ 1
